uf,setor_bndes,porte_do_cliente,ano,valor_contratado_reais,valor_desembolsado_reais,valor_contratado_ajustado,valor_desembolsado_ajustado,media_juros,media_prazo_carencia_meses,media_prazo_amortizacao_meses,num_empregados
AC,INDUSTRIA,GRANDE,2002,605515.2,612000.0,1195596.0,1208401.0,4.0,18.0,66.0,
AC,INDUSTRIA,GRANDE,2005,25059451.9,25712810.3,33504343.0,34377879.0,3.5,18.0,102.0,
AC,INDUSTRIA,GRANDE,2008,55073532.0,51807339.7,64184654.0,60378117.0,2.0,30.0,90.0,
AC,INFRAESTRUTURA,GRANDE,2007,32048964.0,32110602.6,40890361.0,40969004.0,2.0,24.0,96.0,
AC,INFRAESTRUTURA,GRANDE,2008,60759000.0,60936725.7,70810700.0,71017828.0,2.0,30.0,162.0,
AL,AGROPECUARIA,GRANDE,2014,12350000.0,12350000.0,9962536.0,9962536.0,2.0,36.0,84.0,
AL,INDUSTRIA,GRANDE,2010,524711000.0,515924907.5,524711000.0,515924908.0,2.33,28.3,76.3,88698.0
AL,INDUSTRIA,GRANDE,2011,85272847.0,85609704.5,82618512.0,82942843.0,2.43,21.0,78.0,89384.0
AL,INDUSTRIA,GRANDE,2013,310544000.0,310503000.0,271373073.0,271337245.0,2.58,16.5,78.5,75011.0
AL,INDUSTRIA,GRANDE,2014,31448000.0,27569009.4,25368572.0,22239455.0,3.82,16.0,90.0,64447.0
AL,INDUSTRIA,GRANDE,2015,25678000.0,24444242.6,18739068.0,17838707.0,4.44,12.0,72.0,59575.0
AL,INDUSTRIA,MEDIA,2014,1784000.0,435087.4,1439123.0,350978.0,4.5,18.0,102.0,9120.0
AL,INFRAESTRUTURA,GRANDE,2002,51475000.0,52744954.6,106844365.0,109480353.0,2.9,30.0,120.0,
AL,INFRAESTRUTURA,GRANDE,2003,91383653.3,98025890.9,141298258.0,151568548.0,1.0,10.0,24.0,
AL,INFRAESTRUTURA,GRANDE,2005,12216000.0,11922045.2,16484794.0,16088120.0,2.75,9.0,72.0,
AL,INFRAESTRUTURA,GRANDE,2010,2363755.5,2277454.5,2438922.0,2349877.0,3.2,3.0,60.0,
AL,INFRAESTRUTURA,GRANDE,2019,284845600.0,200000000.0,168968820.0,118638883.0,2.21,18.0,220.0,
AM,INDUSTRIA,GRANDE,2002,35894000.8,35868918.2,74503579.0,74451516.0,3.33,16.0,56.0,25232.0
AM,INDUSTRIA,GRANDE,2005,85044899.0,85349534.2,114116322.0,114525124.0,5.33,12.0,12.0,53191.0
AM,INDUSTRIA,GRANDE,2006,63000000.0,63087644.8,84451294.0,84568781.0,4.0,12.0,24.0,53124.0
AM,INDUSTRIA,GRANDE,2008,18368000.0,18376613.3,21406721.0,21416759.0,3.8,18.0,18.0,57393.0
AM,INDUSTRIA,GRANDE,2010,84100000.0,84100000.0,90400518.0,90400518.0,2.18,24.0,66.0,61226.0
AM,INDUSTRIA,GRANDE,2012,30313000.0,29200000.0,26751436.0,25769206.0,2.42,16.0,64.0,72513.0
AM,INDUSTRIA,GRANDE,2013,228266810.0,224418713.1,196508960.0,193233868.0,2.13,15.4,54.9,80833.0
AM,INDUSTRIA,GRANDE,2014,70600000.0,70600388.3,58146395.0,58146715.0,1.07,24.0,60.0,70881.0
AM,INFRAESTRUTURA,GRANDE,2002,43658776.7,44707846.9,82277322.0,84254354.0,4.68,21.0,138.0,
AM,INFRAESTRUTURA,GRANDE,2004,65983096.6,46888826.9,92156161.0,65487904.0,5.08,22.5,180.0,
AM,INFRAESTRUTURA,GRANDE,2005,800000000.0,800000000.0,1075326412.0,1075326412.0,4.5,12.0,1.0,
AM,INFRAESTRUTURA,GRANDE,2006,15312440.7,15249808.5,20186570.0,20104001.0,3.7,12.0,180.0,
AM,INFRAESTRUTURA,GRANDE,2007,2489500000.0,2491252385.3,2990873736.0,2992979044.0,1.96,38.0,46.0,
AM,INFRAESTRUTURA,GRANDE,2008,400000000.0,400912120.3,458797938.0,459844135.0,3.0,36.0,84.0,
AM,INFRAESTRUTURA,GRANDE,2009,80000000.0,80070152.3,87853275.0,87930321.0,3.41,18.0,126.0,
AM,INFRAESTRUTURA,GRANDE,2010,879428000.0,879428000.0,954036883.0,954036883.0,2.38,11.0,65.0,
AM,INFRAESTRUTURA,GRANDE,2012,237378794.0,214979235.1,215327733.0,195430265.0,2.5,30.0,92.8,
AM,INFRAESTRUTURA,GRANDE,2013,35011000.0,29126164.5,29283742.0,24361574.0,3.28,6.0,136.0,
AM,INFRAESTRUTURA,GRANDE,2014,178864100.0,179939157.6,145182379.0,146054993.0,2.75,24.0,124.8,
AM,INFRAESTRUTURA,GRANDE,2018,30000000.0,30000000.0,19387242.0,19387242.0,2.25,24.0,36.0,
AM,INFRAESTRUTURA,GRANDE,2019,16581916.1,21243347.5,10139643.0,12990052.0,3.57,12.0,180.0,
AM,INFRAESTRUTURA,MEDIA,2002,9223532.1,11238950.8,18211963.0,22191430.0,6.0,15.0,240.0,
AM,INFRAESTRUTURA,MEDIA,2005,782340.0,658827.5,1045984.0,880849.0,4.1,18.0,180.0,
AM,INFRAESTRUTURA,PEQUENA,2005,3133087.4,3058704.4,4188920.0,4089470.0,4.1,18.0,180.0,
AP,INDUSTRIA,GRANDE,2007,431535057.7,425270038.7,536801874.0,529008593.0,4.23,30.0,66.0,643.0
AP,INFRAESTRUTURA,GRANDE,2007,90372825.6,73601006.5,112417986.0,91554921.0,3.9,30.0,66.0,
AP,INFRAESTRUTURA,GRANDE,2012,652439210.9,630208798.4,576874881.0,557122726.0,2.83,12.8,185.1,
AP,INFRAESTRUTURA,GRANDE,2014,501500000.0,491547589.7,407063032.0,398984751.0,2.12,34.0,240.0,
BA,AGROPECUARIA,GRANDE,2002,9881000.0,7118855.9,18621279.0,13415869.0,4.5,30.0,66.0,9324.0
BA,AGROPECUARIA,GRANDE,2003,2380024.0,2418273.4,3751902.0,3812199.0,4.0,36.0,72.0,10320.0
BA,AGROPECUARIA,GRANDE,2005,6187444.3,6200000.0,8289264.0,8306085.0,3.5,24.0,60.0,11825.0
BA,AGROPECUARIA,GRANDE,2012,400684000.0,301499822.4,362101088.0,271736967.0,2.26,84.0,24.0,8316.0
BA,AGROPECUARIA,MICRO,2002,41379301.9,41379301.9,85889174.0,85889174.0,9.75,41.0,84.0,32010.0
BA,INDUSTRIA,GRANDE,2002,312996029.0,338064879.9,617292046.0,667158111.0,2.62,19.7,63.7,35757.0
BA,INDUSTRIA,GRANDE,2003,11723190.3,11770516.1,18230504.0,18297031.0,5.17,14.0,62.0,37602.0
BA,INDUSTRIA,GRANDE,2004,1607872876.2,1583892605.5,2424435480.0,2388232003.0,2.66,38.4,60.6,45189.0
BA,INDUSTRIA,GRANDE,2005,781357926.8,765298594.0,1044206394.0,1022742176.0,3.73,18.5,54.0,52583.0
BA,INDUSTRIA,GRANDE,2006,1825014037.1,1795863038.8,2427703460.0,2389279595.0,2.09,54.9,54.5,57686.0
BA,INDUSTRIA,GRANDE,2007,487276772.0,470070526.5,606737886.0,585639312.0,1.59,17.1,58.3,66910.0
BA,INDUSTRIA,GRANDE,2008,722790855.8,779664874.7,823934201.0,886515363.0,3.8,13.8,43.2,68073.0
BA,INDUSTRIA,GRANDE,2009,226265637.0,180875855.8,250631276.0,200363929.0,2.62,15.0,73.5,80930.0
BA,INDUSTRIA,GRANDE,2010,176457301.7,161663313.9,190124810.0,174036215.0,2.73,16.0,61.2,88429.0
BA,INDUSTRIA,GRANDE,2012,2448873779.5,2594976516.2,2191952906.0,2322113254.0,2.38,20.2,63.9,87359.0
BA,INDUSTRIA,GRANDE,2013,979994000.2,843391154.2,837372482.0,720942390.0,2.48,18.5,56.4,87182.0
BA,INDUSTRIA,GRANDE,2014,354470000.0,320593139.2,287624323.0,260085685.0,2.91,28.5,51.4,84802.0
BA,INDUSTRIA,GRANDE,2015,215227724.2,155189042.5,171160129.0,123248251.0,3.02,26.2,52.9,77539.0
BA,INDUSTRIA,GRANDE,2016,19340000.0,9329957.4,13303202.0,6417699.0,2.26,84.0,24.0,80083.0
BA,INDUSTRIA,GRANDE,2017,251292000.0,183010619.8,174208319.0,126652201.0,2.1,48.0,42.0,81441.0
BA,INDUSTRIA,MEDIA,2018,10427200.0,5026000.0,6738488.0,3248009.0,3.53,24.0,72.0,66520.0
BA,INDUSTRIA,MICRO,2003,4754848.1,4862730.5,7476254.0,7645663.0,3.25,21.0,75.0,29174.0
BA,INFRAESTRUTURA,GRANDE,2002,736759637.5,746143638.9,1378810674.0,1398022557.0,2.38,22.2,82.8,
BA,INFRAESTRUTURA,GRANDE,2003,346934379.1,347541689.7,545589828.0,546509732.0,2.17,15.3,109.2,
BA,INFRAESTRUTURA,GRANDE,2005,201983626.1,170950657.8,272425049.0,230415981.0,4.27,3.8,74.2,
BA,INFRAESTRUTURA,GRANDE,2006,1460297690.8,1321344274.4,1891792811.0,1711909811.0,3.9,11.8,35.4,
BA,INFRAESTRUTURA,GRANDE,2007,4511663030.0,4507047194.3,5420291008.0,5414745565.0,2.06,15.0,67.2,
BA,INFRAESTRUTURA,GRANDE,2008,28380036.0,28559658.1,33537654.0,33741315.0,1.97,16.0,52.0,
BA,INFRAESTRUTURA,GRANDE,2009,516107480.6,484837204.4,571224563.0,536593280.0,2.43,20.5,125.0,
BA,INFRAESTRUTURA,GRANDE,2010,444240000.0,434929999.9,447554122.0,438044081.0,2.92,14.5,30.5,
BA,INFRAESTRUTURA,GRANDE,2011,1299525343.0,1280175342.4,1263680464.0,1244789748.0,1.9,22.1,158.8,
BA,INFRAESTRUTURA,GRANDE,2012,1982300528.9,1877547452.9,1766804766.0,1673876317.0,2.87,17.8,110.0,
BA,INFRAESTRUTURA,GRANDE,2013,2020343500.0,1861496542.4,1756558990.0,1618453582.0,3.31,18.7,77.0,
BA,INFRAESTRUTURA,GRANDE,2014,2201868091.9,1813205276.1,1789354937.0,1474783438.0,2.72,13.5,177.1,
BA,INFRAESTRUTURA,GRANDE,2015,3409503325.9,3419745019.9,2525933032.0,2533409888.0,2.12,8.4,194.5,
BA,INFRAESTRUTURA,GRANDE,2016,562779333.3,557561902.9,387667830.0,384063639.0,2.73,11.1,191.2,
BA,INFRAESTRUTURA,GRANDE,2017,4086530246.0,4027325788.4,2818047457.0,2776673906.0,2.27,17.5,189.0,
BA,INFRAESTRUTURA,GRANDE,2018,3389052613.5,2454109486.5,2206694573.0,1609296314.0,2.17,13.4,175.6,
BA,INFRAESTRUTURA,GRANDE,2019,2240362563.2,2240362563.2,1375634766.0,1375634766.0,2.51,4.4,196.0,
BA,INFRAESTRUTURA,GRANDE,2020,2153000000.0,1190958801.9,1176425721.0,664080825.0,2.37,13.9,238.7,
BA,INFRAESTRUTURA,MEDIA,2003,4813835.3,4484980.3,7361651.0,6858743.0,6.0,19.0,144.0,
BA,INFRAESTRUTURA,MEDIA,2005,329496.9,312255.3,444931.0,421649.0,6.0,15.0,144.0,
BA,INFRAESTRUTURA,MEDIA,2007,2148608.1,2150029.9,2741348.0,2743162.0,4.8,6.0,60.0,
BA,INFRAESTRUTURA,MEDIA,2011,297380000.0,297379999.8,282958152.0,282958152.0,1.82,16.5,172.0,
BA,INFRAESTRUTURA,MEDIA,2016,9237000.0,9291004.5,6322024.0,6358986.0,2.95,18.0,21.0,
BA,INFRAESTRUTURA,MEDIA,2019,66746000.0,65399078.9,40542900.0,39724753.0,2.97,0.0,114.0,
BA,INFRAESTRUTURA,MICRO,2015,39330125.0,39353248.9,29281511.0,29298727.0,2.65,6.0,192.0,
BA,INFRAESTRUTURA,PEQUENA,2008,8021075.0,7783439.6,9482387.0,9201459.0,3.71,33.0,201.0,
CE,AGROPECUARIA,GRANDE,2002,2149851.0,2194069.8,3900419.0,3980644.0,4.0,18.0,78.0,3864.0
CE,AGROPECUARIA,MEDIA,2017,28726923.1,28750686.4,20093888.0,20110510.0,4.32,24.0,36.0,9320.0
CE,INDUSTRIA,GRANDE,2002,76515864.6,80607377.0,150588527.0,158344225.0,5.33,13.4,23.0,67500.0
CE,INDUSTRIA,GRANDE,2003,7143000.0,7158634.4,11345439.0,11370272.0,6.75,7.0,17.0,74535.0
CE,INDUSTRIA,GRANDE,2004,35000000.0,35044060.0,47964427.0,48024807.0,3.5,12.0,12.0,80174.0
CE,INDUSTRIA,GRANDE,2005,77965000.0,78215753.2,104435361.0,104771314.0,5.33,12.0,12.0,76566.0
CE,INDUSTRIA,GRANDE,2006,2549763.9,2497572.0,3403583.0,3333914.0,2.53,18.0,48.0,84115.0
CE,INDUSTRIA,GRANDE,2007,133991277.7,134075584.2,161875285.0,161974165.0,1.95,15.6,57.6,90315.0
CE,INDUSTRIA,GRANDE,2009,70000000.0,70000000.0,77926200.0,77926200.0,3.5,12.0,24.0,100969.0
CE,INDUSTRIA,GRANDE,2010,16570000.0,2900000.0,18117310.0,3170802.0,1.88,18.0,66.0,102683.0
CE,INDUSTRIA,GRANDE,2012,11050000.0,10225000.0,9912854.0,9172753.0,1.82,18.0,52.0,99347.0
CE,INDUSTRIA,GRANDE,2014,232300000.0,168371651.6,187739844.0,136048933.0,2.86,24.0,69.3,100464.0
CE,INDUSTRIA,GRANDE,2015,2319930868.9,2422762830.0,1813107459.0,1893474249.0,1.55,21.3,124.0,96165.0
CE,INDUSTRIA,GRANDE,2016,12165000.0,3649500.0,8777861.0,2633358.0,3.2,24.0,60.0,94621.0
CE,INDUSTRIA,GRANDE,2017,114828000.0,112905611.7,80296696.0,78951998.0,3.57,13.0,58.0,95675.0
CE,INDUSTRIA,GRANDE,2020,2433900.0,2433900.0,1179098.0,1179098.0,1.34,24.0,36.0,
CE,INDUSTRIA,MICRO,2003,1170000.0,1196244.6,1858345.0,1900031.0,5.62,18.0,60.0,27939.0
CE,INFRAESTRUTURA,GRANDE,2002,329733124.2,346251944.2,681920390.0,715970611.0,2.0,32.4,67.8,
CE,INFRAESTRUTURA,GRANDE,2003,158587000.0,234909090.4,251888441.0,373113085.0,5.14,13.0,25.9,
CE,INFRAESTRUTURA,GRANDE,2004,83525000.0,80030830.2,122852419.0,117713034.0,5.5,12.0,42.0,
CE,INFRAESTRUTURA,GRANDE,2005,144045020.0,137152219.2,193603665.0,184339397.0,1.5,34.0,114.0,
CE,INFRAESTRUTURA,GRANDE,2006,88564138.0,84601014.6,117395087.0,112141819.0,2.0,27.0,93.0,
CE,INFRAESTRUTURA,GRANDE,2008,402233927.5,359282059.0,461226599.0,411171172.0,3.41,20.0,104.6,
CE,INFRAESTRUTURA,GRANDE,2009,1944378024.0,1937305977.2,2159735969.0,2151863402.0,2.33,21.9,142.5,
CE,INFRAESTRUTURA,GRANDE,2010,1034258056.9,1015925971.0,1064584735.0,1045926744.0,2.56,26.1,101.6,
CE,INFRAESTRUTURA,GRANDE,2011,480101000.0,456771035.2,468705541.0,445929323.0,3.56,17.3,161.9,
CE,INFRAESTRUTURA,GRANDE,2012,358000000.0,357999999.8,325743968.0,325743968.0,1.88,12.0,192.0,
CE,INFRAESTRUTURA,GRANDE,2013,374407380.1,372277642.6,324740974.0,322877077.0,1.46,7.7,162.4,
CE,INFRAESTRUTURA,GRANDE,2014,2295688110.9,1552052523.2,1889617825.0,1278270974.0,2.06,10.2,181.6,
CE,INFRAESTRUTURA,GRANDE,2015,428530854.0,386653601.5,320426499.0,288976781.0,3.7,5.9,111.7,
CE,INFRAESTRUTURA,GRANDE,2016,827685000.0,803880687.3,573693934.0,557403858.0,1.92,11.6,191.0,
CE,INFRAESTRUTURA,GRANDE,2017,791225000.0,791060223.1,537261312.0,537149429.0,2.43,3.7,190.9,
CE,INFRAESTRUTURA,GRANDE,2019,205226572.0,152636269.0,123803743.0,91889835.0,2.02,3.4,161.4,
CE,INFRAESTRUTURA,MEDIA,2015,656922000.0,656731199.4,489017481.0,488874897.0,2.86,16.2,174.0,
CE,INFRAESTRUTURA,MEDIA,2018,26800000.0,26818636.4,17660157.0,17672729.0,3.0,18.0,42.0,
CE,INFRAESTRUTURA,MICRO,2012,191567800.0,191567799.9,169059940.0,169059940.0,2.4,21.0,1.0,
CE,INFRAESTRUTURA,MICRO,2014,252708800.0,250728062.3,207127510.0,205504040.0,2.02,1.2,192.0,
DF,AGROPECUARIA,GRANDE,2010,30000000.0,30000000.0,32494407.0,32494407.0,5.54,12.0,24.0,645.0
DF,INDUSTRIA,GRANDE,2005,25000000.0,25164732.9,33877799.0,34101031.0,9.0,12.0,12.0,14964.0
DF,INDUSTRIA,GRANDE,2018,34909000.0,20000000.0,22402840.0,12834994.0,1.55,24.0,1.0,15157.0
DF,INFRAESTRUTURA,GRANDE,2002,310334000.0,300747069.0,535252455.0,518717274.0,6.5,0.0,62.6,
DF,INFRAESTRUTURA,GRANDE,2004,1885585592.1,1850161376.9,2678093199.0,2627715004.0,4.28,16.7,107.3,
DF,INFRAESTRUTURA,GRANDE,2006,1954335625.0,1962156022.3,2537994054.0,2548149998.0,3.97,30.0,60.0,
DF,INFRAESTRUTURA,GRANDE,2009,260318000.0,257304983.2,289637367.0,286284997.0,1.9,30.0,162.0,
DF,INFRAESTRUTURA,GRANDE,2013,799152640.6,795375217.3,702881639.0,699559268.0,2.08,12.0,57.8,
DF,INFRAESTRUTURA,GRANDE,2014,680327375.8,875950064.2,563465948.0,725682633.0,4.85,19.7,114.0,
DF,INFRAESTRUTURA,GRANDE,2017,150000000.0,150000000.0,102674205.0,102674205.0,3.14,26.0,166.0,
ES,AGROPECUARIA,MEDIA,2010,6176000.0,6101862.4,6505568.0,6427475.0,4.1,22.5,67.5,1870.0
ES,INDUSTRIA,GRANDE,2003,121234541.2,123331593.9,187453979.0,190696462.0,4.08,14.3,64.0,19352.0
ES,INDUSTRIA,GRANDE,2005,76287288.4,76473547.9,102560709.0,102811115.0,4.1,43.4,31.4,23773.0
ES,INDUSTRIA,GRANDE,2006,971242621.5,969656070.8,1261302290.0,1259241920.0,1.53,29.3,98.0,25365.0
ES,INDUSTRIA,GRANDE,2007,63981000.0,63493747.8,80262236.0,79652050.0,1.9,12.0,57.6,24887.0
ES,INDUSTRIA,GRANDE,2008,958727089.3,835285740.4,1049648369.0,914592151.0,2.41,33.0,83.0,27491.0
ES,INDUSTRIA,GRANDE,2009,113767000.0,92173302.5,126452052.0,102450652.0,4.5,26.6,61.7,29853.0
ES,INDUSTRIA,GRANDE,2010,315491939.0,279092452.7,336005991.0,297352067.0,2.48,25.6,52.9,28061.0
ES,INDUSTRIA,GRANDE,2012,43507000.0,34905000.0,39149260.0,31359991.0,4.0,15.0,60.0,32004.0
ES,INDUSTRIA,GRANDE,2013,127202585.0,116321584.9,109050379.0,99637027.0,4.74,11.5,58.0,33060.0
ES,INDUSTRIA,GRANDE,2014,24900000.0,23073000.0,20466770.0,18965052.0,6.0,6.0,60.0,34354.0
ES,INDUSTRIA,MEDIA,2005,7944000.0,7965410.0,10630288.0,10658951.0,3.5,12.0,12.0,26558.0
ES,INDUSTRIA,MEDIA,2018,10000000.0,10016855.0,6793653.0,6805104.0,5.07,12.0,48.0,36069.0
ES,INFRAESTRUTURA,GRANDE,2002,221558371.1,228705753.6,459603436.0,474430054.0,2.75,19.7,69.5,
ES,INFRAESTRUTURA,GRANDE,2003,42714463.2,46512713.7,65321918.0,71130466.0,1.0,9.0,24.0,
ES,INFRAESTRUTURA,GRANDE,2004,14392336.0,10416459.6,20346098.0,14725498.0,3.5,24.0,72.0,
ES,INFRAESTRUTURA,GRANDE,2005,901000000.0,908997739.5,1211710061.0,1222481955.0,3.35,26.0,42.5,
ES,INFRAESTRUTURA,GRANDE,2006,282712600.0,286015344.4,378591513.0,383018398.0,3.72,28.8,128.0,
ES,INFRAESTRUTURA,GRANDE,2007,50965164.0,48611021.5,61229311.0,58401055.0,2.87,12.0,80.0,
ES,INFRAESTRUTURA,GRANDE,2008,148544917.0,125746168.0,169960565.0,144129806.0,2.09,36.0,120.0,
ES,INFRAESTRUTURA,GRANDE,2009,725343262.4,658377297.1,806777823.0,732244689.0,3.22,24.8,118.7,
ES,INFRAESTRUTURA,GRANDE,2010,177168891.0,154044977.0,186623115.0,162265244.0,3.11,22.3,112.3,
ES,INFRAESTRUTURA,GRANDE,2011,90432461.0,41817766.9,85973878.0,39758281.0,2.14,18.2,72.0,
ES,INFRAESTRUTURA,GRANDE,2014,260198000.0,249592720.0,209897334.0,201342233.0,3.02,19.0,76.8,
ES,INFRAESTRUTURA,GRANDE,2017,354078000.0,174101000.0,246280009.0,121096469.0,2.96,13.3,50.0,
ES,INFRAESTRUTURA,GRANDE,2018,404898593.0,120981516.8,257057974.0,76457730.0,2.33,39.0,195.0,
ES,INFRAESTRUTURA,GRANDE,2020,350000000.0,13124859.2,202551275.0,7595591.0,3.76,61.0,227.0,
ES,INFRAESTRUTURA,MEDIA,2002,7783057.4,7790447.1,16145271.0,16160600.0,1.0,16.3,38.7,
ES,INFRAESTRUTURA,MEDIA,2012,57162600.0,57042698.6,53057624.0,52946334.0,2.51,48.0,102.0,
ES,INFRAESTRUTURA,MEDIA,2020,20580500.0,19551475.0,11440087.0,10868082.0,1.61,9.0,192.0,
GO,AGROPECUARIA,GRANDE,2007,13190000.0,13238144.6,16989672.0,17051685.0,2.78,84.0,84.0,3621.0
GO,AGROPECUARIA,GRANDE,2010,29464800.0,29395173.0,31914707.0,31839291.0,3.19,24.0,56.0,9465.0
GO,AGROPECUARIA,GRANDE,2013,63560000.0,63560000.0,55545244.0,55545244.0,3.64,18.0,54.0,8868.0
GO,AGROPECUARIA,GRANDE,2020,46501457.4,46501457.4,25704218.0,25704218.0,2.26,36.0,156.0,
GO,AGROPECUARIA,MEDIA,2002,15159610.0,16151360.7,27503687.0,29302994.0,4.5,18.0,60.0,3879.0
GO,INDUSTRIA,GRANDE,2002,8603000.0,8740656.8,17758643.0,18043582.0,4.33,10.0,52.0,30307.0
GO,INDUSTRIA,GRANDE,2003,19351572.0,18443128.6,29921580.0,28516937.0,3.55,6.0,72.0,34220.0
GO,INDUSTRIA,GRANDE,2004,79655109.1,81210485.1,114079541.0,116307101.0,6.42,18.0,62.0,41581.0
GO,INDUSTRIA,GRANDE,2005,376651706.0,369891843.4,507014372.0,498057551.0,3.08,15.1,59.6,47610.0
GO,INDUSTRIA,GRANDE,2006,391481168.2,390215267.2,517814870.0,516159174.0,2.51,23.0,64.6,54859.0
GO,INDUSTRIA,GRANDE,2007,1194858300.0,1059218291.0,1483959860.0,1317209806.0,2.86,23.5,81.5,63789.0
GO,INDUSTRIA,GRANDE,2008,2303545419.4,2214212497.9,2552376240.0,2453128987.0,3.57,12.8,80.5,66268.0
GO,INDUSTRIA,GRANDE,2009,1598888729.0,1579028153.8,1763519700.0,1741119427.0,3.59,38.9,95.5,67378.0
GO,INDUSTRIA,GRANDE,2010,416253248.0,392631247.9,454472295.0,428366832.0,3.97,17.6,58.0,76209.0
GO,INDUSTRIA,GRANDE,2011,351966213.0,287372862.8,334887243.0,273503778.0,2.76,24.0,69.8,87475.0
GO,INDUSTRIA,GRANDE,2012,340983756.0,223750567.2,305645643.0,201532548.0,4.51,25.0,57.1,92252.0
GO,INDUSTRIA,GRANDE,2013,164066301.2,163749472.6,140018570.0,139757286.0,3.27,14.7,49.3,100166.0
GO,INDUSTRIA,GRANDE,2014,315511279.3,297654227.2,256354315.0,241908939.0,4.24,16.0,61.1,106183.0
GO,INDUSTRIA,GRANDE,2015,279800000.0,278726791.5,212284184.0,211494753.0,4.37,10.3,57.6,101990.0
GO,INDUSTRIA,GRANDE,2016,36222815.0,33617794.1,24940310.0,23148665.0,3.7,18.0,54.0,94910.0
GO,INDUSTRIA,GRANDE,2017,20000000.0,20020915.5,13911060.0,13925608.0,4.6,18.0,42.0,98006.0
GO,INDUSTRIA,GRANDE,2018,108387000.0,92453024.9,73116135.0,62367330.0,3.36,27.8,101.2,95267.0
GO,INDUSTRIA,MEDIA,2011,11042000.0,10242000.0,10779912.0,9998900.0,2.25,30.0,60.0,47768.0
GO,INFRAESTRUTURA,GRANDE,2002,618816033.6,614099905.6,1115796746.0,1107389055.0,2.23,14.2,67.9,
GO,INFRAESTRUTURA,GRANDE,2003,293769717.1,296906112.9,450316723.0,455133894.0,3.78,18.4,108.9,
GO,INFRAESTRUTURA,GRANDE,2004,70801400.0,71098178.7,100009237.0,100430176.0,4.0,21.0,125.5,
GO,INFRAESTRUTURA,GRANDE,2005,78254700.0,79362621.8,106238264.0,107742374.0,3.5,19.0,144.0,
GO,INFRAESTRUTURA,GRANDE,2006,485784560.0,483534460.2,644735079.0,641845781.0,3.68,23.8,119.9,
GO,INFRAESTRUTURA,GRANDE,2007,232612000.0,227963502.0,286776549.0,280988896.0,2.53,23.0,126.2,
GO,INFRAESTRUTURA,GRANDE,2008,1244477000.0,1180064725.3,1376958610.0,1305771384.0,2.13,22.6,176.9,
GO,INFRAESTRUTURA,GRANDE,2009,707390400.0,705595746.8,783464550.0,781466214.0,2.33,11.4,155.0,
GO,INFRAESTRUTURA,GRANDE,2010,153498206.0,141875000.0,165451879.0,153104329.0,2.58,4.0,121.2,
GO,INFRAESTRUTURA,GRANDE,2011,63660500.0,52402606.9,60748014.0,50035469.0,2.22,23.7,127.4,
GO,INFRAESTRUTURA,GRANDE,2012,147500000.0,147500000.0,134933114.0,134933114.0,2.36,6.7,184.0,
GO,INFRAESTRUTURA,GRANDE,2013,16176000.0,15940000.0,13529856.0,13332462.0,2.75,2.0,139.0,
GO,INFRAESTRUTURA,GRANDE,2014,71165500.0,67864166.6,57895628.0,55189757.0,3.83,20.0,126.9,
GO,INFRAESTRUTURA,GRANDE,2015,49478000.0,49579366.8,36836663.0,36912132.0,3.4,27.0,240.0,
GO,INFRAESTRUTURA,GRANDE,2016,133133000.0,133211768.1,91040849.0,91090227.0,2.18,16.0,198.0,
GO,INFRAESTRUTURA,GRANDE,2018,11444800.0,9906255.5,7676743.0,6644745.0,1.3,30.0,16.0,
GO,INFRAESTRUTURA,MEDIA,2002,33300364.2,34151066.0,63002660.0,64606901.0,4.0,17.0,116.0,
GO,INFRAESTRUTURA,MEDIA,2004,174798.8,195591.5,257102.0,287685.0,1.0,3.0,24.0,
GO,INFRAESTRUTURA,MEDIA,2006,7000000.0,7028437.8,9201593.0,9238975.0,2.75,30.0,78.0,
GO,INFRAESTRUTURA,MEDIA,2007,78993000.0,79085017.2,96571663.0,96684157.0,2.25,24.0,156.0,
GO,INFRAESTRUTURA,MEDIA,2008,201630000.0,201934671.1,234986777.0,235341850.0,2.44,33.0,192.0,
IE,AGROPECUARIA,GRANDE,2003,38507919.1,38654367.8,59541304.0,59767744.0,4.01,12.0,54.0,
IE,AGROPECUARIA,GRANDE,2004,12668000.0,12668000.0,18142711.0,18142711.0,3.0,18.0,102.0,
IE,AGROPECUARIA,GRANDE,2005,6018000.0,5368341.9,8088491.0,7215318.0,5.5,18.0,66.0,
IE,AGROPECUARIA,GRANDE,2007,123745016.6,122339242.3,154525652.0,152725107.0,2.82,74.4,33.6,
IE,AGROPECUARIA,GRANDE,2008,343330000.0,356680301.4,376855452.0,391499830.0,2.24,22.0,50.0,
IE,AGROPECUARIA,GRANDE,2010,312255109.0,292684901.2,322424436.0,302217155.0,2.56,93.6,19.2,
IE,AGROPECUARIA,GRANDE,2011,59086000.0,31674166.1,57683560.0,30922361.0,2.55,84.0,24.0,
IE,AGROPECUARIA,GRANDE,2012,451475000.0,364913006.9,409352580.0,329683224.0,2.45,51.5,48.5,
IE,AGROPECUARIA,GRANDE,2013,876635000.0,696242451.8,755438075.0,598674369.0,2.27,63.9,35.2,
IE,AGROPECUARIA,GRANDE,2014,31340000.0,31340000.0,25586676.0,25586676.0,4.75,24.0,96.0,
IE,AGROPECUARIA,GRANDE,2015,228075000.0,141522337.3,171284286.0,106309269.0,1.96,82.3,25.7,
IE,AGROPECUARIA,GRANDE,2016,34011000.0,29040000.0,23831267.0,20348122.0,8.75,18.0,84.0,
IE,AGROPECUARIA,GRANDE,2017,63837847.0,63454635.6,44492840.0,44224792.0,6.33,25.7,60.0,
IE,AGROPECUARIA,GRANDE,2018,61021000.0,59570924.0,39023890.0,38082043.0,7.38,19.5,106.5,
IE,AGROPECUARIA,GRANDE,2019,45371850.0,36734844.6,28878213.0,23380944.0,7.0,24.0,96.0,
IE,AGROPECUARIA,GRANDE,2020,17954000.0,5224000.0,9309434.0,2708727.0,2.17,18.0,66.0,
IE,AGROPECUARIA,MICRO,2002,42055526.0,39194783.1,83039089.0,77390521.0,3.5,10.0,60.0,
IE,AGROPECUARIA,MICRO,2003,16866646.6,16939210.8,25952114.0,26063766.0,3.5,6.0,56.0,
IE,INDUSTRIA,GRANDE,2002,126148966.3,143934977.1,249204303.0,284324500.0,2.83,14.0,56.0,
IE,INDUSTRIA,GRANDE,2003,55625895.4,56861676.7,86009280.0,87920056.0,4.96,24.0,54.0,
IE,INDUSTRIA,GRANDE,2004,196811083.2,200524257.3,285373488.0,290917593.0,4.02,17.4,62.7,
IE,INDUSTRIA,GRANDE,2005,1024659148.7,1030376549.0,1378067614.0,1385755422.0,3.42,29.0,53.0,
IE,INDUSTRIA,GRANDE,2006,2039055356.9,1988498671.1,2686851089.0,2620369039.0,2.38,25.8,58.8,
IE,INDUSTRIA,GRANDE,2007,1024342509.7,1024550668.8,1272460590.0,1272495875.0,2.59,14.5,66.6,
IE,INDUSTRIA,GRANDE,2008,3688999753.2,3137269854.3,4087672411.0,3478673203.0,2.55,18.5,64.6,
IE,INDUSTRIA,GRANDE,2009,12220596222.0,12007031509.0,13588423108.0,13350995342.0,2.96,30.9,56.2,
IE,INDUSTRIA,GRANDE,2010,3140985740.2,2841276226.8,3343953599.0,3028235288.0,3.09,26.7,67.8,
IE,INDUSTRIA,GRANDE,2011,2978439521.2,2867615838.3,2867036645.0,2759856030.0,2.83,19.8,57.1,
IE,INDUSTRIA,GRANDE,2012,2506866905.1,1978318512.0,2251251958.0,1778939393.0,2.45,20.0,57.6,
IE,INDUSTRIA,GRANDE,2013,4091665797.9,3709895146.2,3480283011.0,3151511844.0,2.43,22.5,61.5,
IE,INDUSTRIA,GRANDE,2014,1975095573.1,1794744722.2,1612139866.0,1464567409.0,3.19,19.5,61.5,
IE,INDUSTRIA,GRANDE,2015,1741826868.4,1487971200.0,1340805914.0,1146542296.0,3.02,16.3,59.2,
IE,INDUSTRIA,GRANDE,2016,354757000.0,257322369.2,248398987.0,179842700.0,2.2,18.3,60.3,
IE,INDUSTRIA,GRANDE,2017,761664235.0,516942577.3,525519836.0,356771659.0,3.85,27.4,58.5,
IE,INDUSTRIA,GRANDE,2018,830204460.0,756693570.0,528989304.0,481488713.0,3.23,18.8,83.1,
IE,INDUSTRIA,GRANDE,2019,801183000.0,491242000.0,488886713.0,300532600.0,1.7,48.0,87.0,
IE,INDUSTRIA,MEDIA,2010,4700000.0,2898290.0,4992898.0,3078908.0,4.5,18.0,78.0,
IE,INDUSTRIA,MEDIA,2013,6567000.0,6567034.0,5492740.0,5492769.0,2.1,24.0,72.0,
IE,INDUSTRIA,MEDIA,2020,13596000.0,8438000.0,7846276.0,4869585.0,3.74,24.0,120.0,
IE,INFRAESTRUTURA,GRANDE,2002,9465400.0,7646524.8,19508248.0,15759536.0,4.0,12.0,60.0,
IE,INFRAESTRUTURA,GRANDE,2003,100005000.0,104136343.3,153874165.0,160230917.0,1.5,60.0,132.0,
IE,INFRAESTRUTURA,GRANDE,2005,180359500.0,184055325.0,242425106.0,247392751.0,2.75,18.0,82.5,
IE,INFRAESTRUTURA,GRANDE,2006,2694588929.0,2686045134.1,3496361283.0,3485323809.0,3.48,7.8,123.3,
IE,INFRAESTRUTURA,GRANDE,2007,4565565670.6,4502938798.7,5732765915.0,5653767022.0,2.92,20.3,113.4,
IE,INFRAESTRUTURA,GRANDE,2008,2315839467.0,2318477111.6,2644776381.0,2647824210.0,4.02,21.3,121.4,
IE,INFRAESTRUTURA,GRANDE,2009,11152480691.8,11122878425.5,12394117023.0,12361234953.0,2.71,39.1,106.6,
IE,INFRAESTRUTURA,GRANDE,2010,2082240989.0,2056387246.8,2164950955.0,2137771276.0,3.0,15.3,77.9,
IE,INFRAESTRUTURA,GRANDE,2011,7660766000.0,6522714954.1,7310603536.0,6224808300.0,2.46,37.2,70.4,
IE,INFRAESTRUTURA,GRANDE,2012,13596951021.8,12454462417.1,12087475058.0,11075750706.0,1.95,23.2,124.2,
IE,INFRAESTRUTURA,GRANDE,2013,10155690009.5,7671559752.2,8540240890.0,6461778791.0,1.88,20.2,89.5,
IE,INFRAESTRUTURA,GRANDE,2014,1787050000.0,1575578315.5,1459419707.0,1288090846.0,2.43,15.5,97.7,
IE,INFRAESTRUTURA,GRANDE,2015,741017243.1,738530274.4,554219221.0,552427444.0,3.12,8.9,128.5,
IE,INFRAESTRUTURA,GRANDE,2016,2971621416.0,2763230438.1,2071198988.0,1929279584.0,3.08,22.8,116.2,
IE,INFRAESTRUTURA,GRANDE,2017,3398913852.0,3245110845.4,2310010986.0,2203992463.0,2.99,15.3,124.4,
IE,INFRAESTRUTURA,GRANDE,2018,8963583962.0,7946033999.4,5732110260.0,5084112689.0,2.57,27.9,174.7,
IE,INFRAESTRUTURA,GRANDE,2019,1361280000.0,1140707940.0,822428893.0,691125001.0,2.04,32.8,252.8,
IE,INFRAESTRUTURA,GRANDE,2020,1436940000.0,916000000.0,820487954.0,524521610.0,2.34,14.0,266.9,
IE,INFRAESTRUTURA,MEDIA,2008,247393600.0,247631821.9,279127235.0,279397069.0,2.42,16.8,162.2,
IE,INFRAESTRUTURA,MEDIA,2016,20000000.0,20239975.3,13781293.0,13946652.0,3.48,24.0,60.0,
IE,INFRAESTRUTURA,MEDIA,2018,687664000.0,688619911.0,463887122.0,464531963.0,2.18,7.5,168.0,
IE,INFRAESTRUTURA,MEDIA,2019,52500000.0,52500000.0,32711462.0,32711462.0,3.16,24.0,60.0,
MA,INDUSTRIA,GRANDE,2003,37527057.8,36898811.1,58024688.0,57053286.0,3.55,6.0,72.0,5203.0
MA,INDUSTRIA,GRANDE,2008,612232389.2,615687599.5,723771369.0,727856063.0,2.02,21.0,63.0,10602.0
MA,INDUSTRIA,GRANDE,2009,440000000.0,311450703.2,487664231.0,345441262.0,2.55,14.2,66.0,7904.0
MA,INDUSTRIA,GRANDE,2010,1908106500.4,1675712541.6,1913352710.0,1680171820.0,3.13,33.6,88.8,11178.0
MA,INDUSTRIA,GRANDE,2011,171584219.0,168813331.6,166923115.0,164241612.0,2.95,25.3,62.7,12243.0
MA,INDUSTRIA,GRANDE,2012,530628492.1,653066463.3,489293447.0,602193712.0,5.0,24.0,96.0,9997.0
MA,INFRAESTRUTURA,GRANDE,2002,21843917.6,21843917.6,37675571.0,37675571.0,1.0,0.0,39.0,
MA,INFRAESTRUTURA,GRANDE,2003,6754045.2,7330548.7,10328754.0,11210383.0,1.0,8.0,24.0,
MA,INFRAESTRUTURA,GRANDE,2007,28481200.0,28494550.5,36448544.0,36465630.0,4.8,13.0,44.0,
MA,INFRAESTRUTURA,GRANDE,2008,117430610.7,117556005.0,138131276.0,138278751.0,2.56,16.5,55.5,
MA,INFRAESTRUTURA,GRANDE,2009,985361081.0,978625894.4,1096934925.0,1089437104.0,3.61,12.4,109.2,
MA,INFRAESTRUTURA,GRANDE,2010,126002720.0,124767720.0,127101788.0,125827516.0,2.8,17.0,92.0,
MA,INFRAESTRUTURA,GRANDE,2011,593023431.6,575237271.5,564048432.0,547144694.0,3.07,6.7,43.3,
MA,INFRAESTRUTURA,GRANDE,2012,1444913630.0,1226784853.6,1275453853.0,1082953664.0,2.21,16.9,111.7,
MA,INFRAESTRUTURA,GRANDE,2013,589229000.0,589336687.0,494959170.0,495049379.0,2.35,14.9,98.6,
MA,INFRAESTRUTURA,GRANDE,2014,3798870417.0,3316030519.7,3076572258.0,2685604128.0,2.98,34.8,80.7,
MA,INFRAESTRUTURA,GRANDE,2015,256600000.0,225290533.4,191040217.0,167730135.0,5.9,14.0,129.0,
MA,INFRAESTRUTURA,GRANDE,2017,952739999.7,946805515.7,643983347.0,639972068.0,2.23,11.5,191.5,
MA,INFRAESTRUTURA,GRANDE,2018,1219310000.0,643000000.0,776116330.0,409282955.0,1.91,23.0,113.0,
MA,INFRAESTRUTURA,MEDIA,2013,78800000.0,75992917.8,65909539.0,63561654.0,1.96,12.0,96.0,
MA,INFRAESTRUTURA,MEDIA,2015,20000000.0,18234832.4,14595426.0,13307256.0,1.36,1.8,72.6,
MG,AGROPECUARIA,GRANDE,2008,29072000.0,27404571.7,33345434.0,31432902.0,2.07,84.0,24.0,7506.0
MG,AGROPECUARIA,GRANDE,2010,89075229.8,70135516.8,89691698.0,70620908.0,1.8,84.0,24.0,10316.0
MG,AGROPECUARIA,GRANDE,2012,25056000.0,25056000.0,22262535.0,22262535.0,3.0,18.0,54.0,10007.0
MG,AGROPECUARIA,GRANDE,2013,204661008.5,192352168.3,177760206.0,167086750.0,2.19,54.0,41.2,19333.0
MG,AGROPECUARIA,GRANDE,2014,46074000.0,51524923.1,37870923.0,42351357.0,4.07,32.0,64.0,17007.0
MG,AGROPECUARIA,GRANDE,2015,20431000.0,13940963.4,15959024.0,10867600.0,2.75,82.5,24.0,20219.0
MG,AGROPECUARIA,GRANDE,2016,19478000.0,11799167.3,13334757.0,8077781.0,2.62,84.0,24.0,17370.0
MG,AGROPECUARIA,GRANDE,2017,21532400.0,21645365.5,14953619.0,15032071.0,4.0,18.0,70.0,13810.0
MG,AGROPECUARIA,GRANDE,2019,12742000.0,12742000.0,8038892.0,8038892.0,2.28,18.0,66.0,10828.0
MG,AGROPECUARIA,MEDIA,2020,41553512.4,41553512.4,20017575.0,20017575.0,3.25,36.0,156.0,
MG,INDUSTRIA,GRANDE,2002,276646777.9,307729787.9,555152104.0,617200635.0,4.64,17.1,51.6,134308.0
MG,INDUSTRIA,GRANDE,2003,118660759.2,119490271.8,186215519.0,187540148.0,4.38,13.0,78.0,136614.0
MG,INDUSTRIA,GRANDE,2004,216968106.0,172597606.4,300119157.0,238567010.0,3.92,13.8,51.7,180101.0
MG,INDUSTRIA,GRANDE,2005,339955087.1,341477165.5,457673014.0,459720292.0,4.36,19.1,37.3,193889.0
MG,INDUSTRIA,GRANDE,2006,909851316.3,903296379.4,1194525894.0,1185826083.0,2.41,19.6,60.9,214258.0
MG,INDUSTRIA,GRANDE,2007,2144960751.8,2073543172.3,2716080942.0,2624493440.0,2.89,23.4,67.5,248177.0
MG,INDUSTRIA,GRANDE,2008,1259410504.5,1275568930.8,1421754014.0,1439485174.0,3.27,21.6,72.4,255882.0
MG,INDUSTRIA,GRANDE,2009,1883702851.3,1643334833.8,2091030913.0,1823661206.0,3.58,22.3,64.8,260208.0
MG,INDUSTRIA,GRANDE,2010,1292345441.9,1259134962.2,1354658211.0,1320342639.0,3.6,19.6,65.9,290782.0
MG,INDUSTRIA,GRANDE,2011,1948111546.8,1728357912.8,1885816759.0,1676720450.0,3.05,22.9,69.8,309212.0
MG,INDUSTRIA,GRANDE,2012,4443212445.5,4374086406.0,3948015963.0,3885102423.0,2.75,19.1,69.8,321743.0
MG,INDUSTRIA,GRANDE,2013,933119836.1,644480251.1,795283455.0,551681993.0,2.41,23.2,57.7,323691.0
MG,INDUSTRIA,GRANDE,2014,1512463514.4,1228348760.9,1228444637.0,996508910.0,3.27,19.4,64.9,312289.0
MG,INDUSTRIA,GRANDE,2015,135609600.0,107978112.3,103191054.0,82354966.0,3.9,19.1,49.1,282860.0
MG,INDUSTRIA,GRANDE,2016,1356925165.0,961812833.5,964474278.0,683015976.0,2.56,27.7,55.5,267225.0
MG,INDUSTRIA,GRANDE,2017,451470000.0,369030417.1,314068582.0,256761267.0,2.78,28.8,58.9,272288.0
MG,INDUSTRIA,GRANDE,2018,209691355.4,206127402.7,133932755.0,131664224.0,2.28,8.6,97.2,272936.0
MG,INDUSTRIA,GRANDE,2019,447710474.0,331072874.7,269682521.0,199702079.0,2.65,24.0,96.0,278360.0
MG,INDUSTRIA,GRANDE,2020,580335537.8,272242124.8,326954140.0,154118578.0,2.48,20.3,83.6,
MG,INDUSTRIA,MEDIA,2006,1000000.0,1005471.6,1331747.0,1339034.0,9.0,12.0,12.0,190007.0
MG,INDUSTRIA,MEDIA,2009,3015000.0,3015965.6,3334285.0,3335353.0,1.15,24.0,60.0,192351.0
MG,INDUSTRIA,MEDIA,2010,14474400.0,14010068.9,14732674.0,14268343.0,2.17,18.0,56.0,208767.0
MG,INDUSTRIA,MEDIA,2012,9349000.0,8304800.0,8250559.0,7329045.0,3.47,18.0,50.0,214220.0
MG,INDUSTRIA,MEDIA,2013,7800000.0,6744000.0,6524041.0,5640786.0,1.75,27.0,48.0,222499.0
MG,INDUSTRIA,MEDIA,2014,4000000.0,4000000.0,3237131.0,3237131.0,4.0,30.0,36.0,220702.0
MG,INDUSTRIA,MEDIA,2016,5886000.0,5400000.0,4042806.0,3708996.0,2.0,24.0,60.0,188878.0
MG,INDUSTRIA,MEDIA,2017,10000000.0,10036741.8,6905684.0,6931057.0,4.32,18.0,18.0,194359.0
MG,INDUSTRIA,MEDIA,2018,65497000.0,65554224.2,42508604.0,42545585.0,3.45,26.4,74.4,201979.0
MG,INDUSTRIA,MEDIA,2020,10000000.0,10000000.0,5771018.0,5771018.0,3.78,12.0,48.0,
MG,INDUSTRIA,MICRO,2006,390000.0,392476.4,514142.0,517406.0,1.0,24.0,96.0,159955.0
MG,INDUSTRIA,MICRO,2013,31000000.0,31000000.0,26383910.0,26383910.0,3.5,22.5,96.0,185177.0
MG,INDUSTRIA,PEQUENA,2014,310000.0,310000.0,251624.0,251624.0,4.0,36.0,60.0,226138.0
MG,INFRAESTRUTURA,GRANDE,2002,265303909.8,274968576.7,528177749.0,547304820.0,4.14,22.4,96.6,
MG,INFRAESTRUTURA,GRANDE,2003,611710098.4,613037284.3,964689561.0,966734402.0,3.43,4.4,106.1,
MG,INFRAESTRUTURA,GRANDE,2004,520566138.4,521513973.5,756356445.0,757459306.0,3.6,28.6,109.5,
MG,INFRAESTRUTURA,GRANDE,2005,55509800.0,57156791.5,74995695.0,77220874.0,2.88,36.0,72.0,
MG,INFRAESTRUTURA,GRANDE,2006,325013170.4,315113925.1,432743431.0,419583181.0,4.32,17.1,93.5,
MG,INFRAESTRUTURA,GRANDE,2007,687016274.5,678534154.3,833855162.0,823657858.0,2.35,28.2,93.5,
MG,INFRAESTRUTURA,GRANDE,2008,1676297683.5,1654782700.1,1890270132.0,1865475124.0,2.01,26.7,160.2,
MG,INFRAESTRUTURA,GRANDE,2009,1130391082.5,1126549603.2,1254064424.0,1249796438.0,2.76,19.0,91.3,
MG,INFRAESTRUTURA,GRANDE,2010,573717002.4,563318391.6,611759760.0,600663994.0,2.8,15.5,94.0,
MG,INFRAESTRUTURA,GRANDE,2011,885130188.9,882204244.5,856104375.0,853324015.0,2.72,20.4,135.9,
MG,INFRAESTRUTURA,GRANDE,2012,380548160.0,368233192.3,342358284.0,331416134.0,1.99,11.9,131.7,
MG,INFRAESTRUTURA,GRANDE,2013,135186354.9,118414204.1,116332556.0,101999222.0,2.51,16.1,94.8,
MG,INFRAESTRUTURA,GRANDE,2014,1427609000.0,1233966244.9,1173480786.0,1014840029.0,1.76,12.4,119.4,
MG,INFRAESTRUTURA,GRANDE,2015,1156375605.1,1105784679.7,847441481.0,810447829.0,3.0,23.6,150.1,
MG,INFRAESTRUTURA,GRANDE,2016,55276382.0,55466290.7,39377408.0,39512694.0,2.48,21.6,88.8,
MG,INFRAESTRUTURA,GRANDE,2017,612544962.9,601582644.2,427029179.0,419616647.0,3.28,7.3,176.4,
MG,INFRAESTRUTURA,GRANDE,2018,1676150149.1,1543694149.4,1084129963.0,997334436.0,2.29,6.6,198.7,
MG,INFRAESTRUTURA,GRANDE,2019,2289927000.0,1224077252.6,1365906400.0,733506829.0,2.77,25.8,226.4,
MG,INFRAESTRUTURA,GRANDE,2020,22645000.0,4260000.0,13210209.0,2485118.0,2.71,12.0,78.0,
MG,INFRAESTRUTURA,MEDIA,2002,212738000.0,228390999.8,428257815.0,459768498.0,5.0,15.0,144.0,
MG,INFRAESTRUTURA,MEDIA,2005,1425900.0,1450364.1,1924171.0,1957184.0,2.25,30.0,60.0,
MG,INFRAESTRUTURA,MEDIA,2006,43642734.0,43343742.0,56817127.0,56427903.0,4.57,3.1,129.1,
MG,INFRAESTRUTURA,MEDIA,2009,65929000.0,65929000.0,73354520.0,73354520.0,1.72,9.0,156.0,
MG,INFRAESTRUTURA,MEDIA,2011,12814902.2,8095796.6,12239617.0,7732361.0,1.92,24.0,96.0,
MG,INFRAESTRUTURA,MEDIA,2014,30665000.0,30665000.0,24890504.0,24890504.0,2.4,16.0,1.0,
MG,INFRAESTRUTURA,MEDIA,2015,15996000.0,16014662.9,12249150.0,12263442.0,2.02,24.0,240.0,
MG,INFRAESTRUTURA,MEDIA,2017,12000000.0,12006382.8,8346636.0,8351075.0,3.45,12.0,48.0,
MG,INFRAESTRUTURA,MEDIA,2019,46907000.0,46907000.0,28491783.0,28491783.0,3.43,24.0,192.0,
MG,INFRAESTRUTURA,MEDIA,2020,5790000.0,4632000.0,3341419.0,2673136.0,2.39,12.0,72.0,
MG,INFRAESTRUTURA,MICRO,2007,1071125.0,1072498.7,1370762.0,1372520.0,1.0,12.0,84.0,
MG,INFRAESTRUTURA,PEQUENA,2005,537798.1,542779.9,725728.0,732450.0,2.25,12.0,60.0,
MS,AGROPECUARIA,GRANDE,2006,17245094.7,17276182.5,23019822.0,23061318.0,2.3,18.0,60.0,5087.0
MS,AGROPECUARIA,GRANDE,2008,2869000.0,2913200.4,3391686.0,3443939.0,1.66,9.0,75.0,5419.0
MS,AGROPECUARIA,GRANDE,2011,52853000.0,51767726.3,50748459.0,49706400.0,3.21,84.0,24.0,7657.0
MS,AGROPECUARIA,GRANDE,2012,25000000.0,25000000.0,22207433.0,22207433.0,2.8,18.0,54.0,5979.0
MS,AGROPECUARIA,GRANDE,2014,25377324.0,25377838.8,20471459.0,20471874.0,2.7,18.0,54.0,8002.0
MS,AGROPECUARIA,GRANDE,2015,10000000.0,10000000.0,7906454.0,7906454.0,2.7,18.0,54.0,7170.0
MS,AGROPECUARIA,GRANDE,2016,366180000.0,186044399.9,256660260.0,130440845.0,3.38,67.5,31.5,7676.0
MS,AGROPECUARIA,GRANDE,2017,70604971.0,70618295.3,49033078.0,49042331.0,6.1,20.0,60.0,5167.0
MS,AGROPECUARIA,MEDIA,2002,2044862.9,2100400.4,3399468.0,3491796.0,2.75,36.0,84.0,4139.0
MS,AGROPECUARIA,MEDIA,2020,2877600.0,2877600.0,1678680.0,1678680.0,3.68,24.0,96.0,
MS,AGROPECUARIA,MICRO,2014,4184000.0,4184000.0,3415911.0,3415911.0,3.62,18.0,78.0,47123.0
MS,INDUSTRIA,GRANDE,2002,11787565.4,9431900.1,21740350.0,18018145.0,3.83,13.0,58.0,13063.0
MS,INDUSTRIA,GRANDE,2006,9943002.5,10030340.9,13179823.0,13295594.0,2.63,18.0,54.0,15475.0
MS,INDUSTRIA,GRANDE,2007,437177183.4,443969023.5,525993848.0,534141777.0,2.48,18.8,76.8,23974.0
MS,INDUSTRIA,GRANDE,2008,837285775.0,834321772.6,925831013.0,922702339.0,3.29,23.8,93.0,25172.0
MS,INDUSTRIA,GRANDE,2009,1714434325.0,1667005475.9,1892665326.0,1839986108.0,3.81,28.8,87.0,32718.0
MS,INDUSTRIA,GRANDE,2010,111164981.1,110828087.6,115263571.0,114915964.0,4.26,19.2,106.5,34435.0
MS,INDUSTRIA,GRANDE,2011,2558797577.5,2663126689.0,2482016622.0,2583246543.0,2.54,32.2,90.4,37000.0
MS,INDUSTRIA,GRANDE,2012,2973984422.5,2601969601.8,2629565018.0,2302310685.0,2.82,27.4,95.1,44506.0
MS,INDUSTRIA,GRANDE,2013,266512541.0,197705916.8,224248953.0,166353690.0,2.54,23.2,90.8,47199.0
MS,INDUSTRIA,GRANDE,2014,244702970.0,229557688.2,199340086.0,187066929.0,4.8,14.2,32.0,50823.0
MS,INDUSTRIA,GRANDE,2016,2347524000.0,1922804876.9,1644893425.0,1347295747.0,1.72,30.0,90.0,46342.0
MS,INDUSTRIA,GRANDE,2017,79678920.0,31639225.0,55334669.0,21972513.0,4.67,8.0,83.3,45854.0
MS,INDUSTRIA,GRANDE,2018,95449000.0,85837202.0,61443744.0,55219961.0,4.45,16.5,87.0,49161.0
MS,INDUSTRIA,MEDIA,2006,4934000.0,4977395.2,6571715.0,6629514.0,0.75,0.0,72.0,19164.0
MS,INDUSTRIA,MEDIA,2018,61600000.0,45000000.0,39209689.0,28643441.0,3.02,32.0,84.0,25260.0
MS,INFRAESTRUTURA,GRANDE,2002,38690891.0,40048698.6,79742166.0,82540615.0,2.5,24.0,96.0,
MS,INFRAESTRUTURA,GRANDE,2003,58076822.9,63398234.4,90808217.0,99036790.0,3.57,16.1,34.3,
MS,INFRAESTRUTURA,GRANDE,2006,176470352.7,172555163.2,233339419.0,228264809.0,4.38,10.8,80.0,
MS,INFRAESTRUTURA,GRANDE,2007,173977283.7,173037081.2,217254640.0,216132495.0,2.32,26.8,122.4,
MS,INFRAESTRUTURA,GRANDE,2008,28655000.0,27208290.0,34054830.0,32335498.0,3.3,5.0,60.0,
MS,INFRAESTRUTURA,GRANDE,2009,187391644.0,87859418.7,209254847.0,98110080.0,1.4,40.3,108.0,
MS,INFRAESTRUTURA,GRANDE,2010,27909563.0,27909563.0,29381656.0,29381656.0,3.85,4.0,136.0,
MS,INFRAESTRUTURA,GRANDE,2011,328926071.0,328926071.0,323052715.0,323052715.0,2.23,17.5,175.5,
MS,INFRAESTRUTURA,GRANDE,2012,544990710.0,545038760.7,490521807.0,490564501.0,2.73,7.6,131.3,
MS,INFRAESTRUTURA,GRANDE,2013,754889240.0,748882763.9,654450390.0,649242210.0,2.36,12.7,129.0,
MS,INFRAESTRUTURA,GRANDE,2014,550860000.0,518890410.0,452784137.0,426506456.0,2.0,18.0,1.0,
MS,INFRAESTRUTURA,GRANDE,2015,284864039.1,282398451.2,213162467.0,211367252.0,3.4,11.2,102.0,
MS,INFRAESTRUTURA,GRANDE,2016,913089000.0,815845640.7,641951595.0,575082322.0,4.96,33.7,179.5,
MS,INFRAESTRUTURA,GRANDE,2017,276277000.0,276467692.8,190210256.0,190340785.0,6.71,18.0,144.0,
MS,INFRAESTRUTURA,GRANDE,2018,130000000.0,130359330.6,88317492.0,88561609.0,2.15,15.0,233.0,
MS,INFRAESTRUTURA,MEDIA,2017,26375840.0,25870431.9,18309820.0,17958971.0,3.71,24.0,76.8,
MT,AGROPECUARIA,GRANDE,2004,13526653.8,13747079.8,20136819.0,20464963.0,6.62,18.0,60.0,2690.0
MT,AGROPECUARIA,GRANDE,2008,156760000.0,157807053.1,185319172.0,186556982.0,2.41,24.0,60.0,3639.0
MT,AGROPECUARIA,GRANDE,2015,24076000.0,24076000.0,18263708.0,18263708.0,2.62,6.0,84.0,7381.0
MT,AGROPECUARIA,MEDIA,2008,13580000.0,13607946.4,16054060.0,16087098.0,2.51,60.0,36.0,14868.0
MT,AGROPECUARIA,MICRO,2007,213176454.7,212960768.4,272810538.0,272534515.0,1.8,9.5,105.0,38214.0
MT,INDUSTRIA,GRANDE,2002,4473133.0,4592987.1,9270496.0,9518892.0,3.0,12.0,60.0,9775.0
MT,INDUSTRIA,GRANDE,2004,95534800.0,95643085.8,134303190.0,134494477.0,2.5,6.2,84.8,12711.0
MT,INDUSTRIA,GRANDE,2005,7622912.0,7633453.2,10253981.0,10268184.0,2.83,5.3,66.0,17817.0
MT,INDUSTRIA,GRANDE,2007,533015939.4,528542113.9,680899734.0,675175935.0,2.61,18.9,85.1,27370.0
MT,INDUSTRIA,GRANDE,2008,323308911.5,329692951.1,370715667.0,377880553.0,2.53,21.4,83.1,27341.0
MT,INDUSTRIA,GRANDE,2009,404567829.0,416083421.2,446317609.0,458835493.0,3.78,35.4,86.8,27668.0
MT,INDUSTRIA,GRANDE,2011,297361400.0,253432364.7,286243444.0,243749185.0,2.9,19.7,62.6,34328.0
MT,INDUSTRIA,GRANDE,2012,132481000.0,124020740.4,117682516.0,110167290.0,3.36,18.0,65.0,29686.0
MT,INDUSTRIA,GRANDE,2013,4692000.0,4726800.4,3924462.0,3953569.0,2.69,18.0,48.0,39873.0
MT,INDUSTRIA,GRANDE,2014,30867822.6,27130006.8,25300168.0,22236546.0,3.8,12.0,84.0,35714.0
MT,INDUSTRIA,GRANDE,2020,736300000.0,475000000.0,409287229.0,264038345.0,3.39,30.0,210.0,
MT,INDUSTRIA,MEDIA,2006,15000000.0,14974854.6,19717700.0,19684645.0,4.57,12.0,36.0,17662.0
MT,INDUSTRIA,MICRO,2008,191271930.6,191525569.0,215119414.0,215404677.0,1.8,21.0,96.0,23753.0
MT,INDUSTRIA,PEQUENA,2013,18561000.0,17720499.9,16033988.0,15307919.0,2.72,24.0,69.0,26377.0
MT,INFRAESTRUTURA,GRANDE,2002,217074047.1,222491052.8,390565561.0,399610787.0,3.62,20.8,97.4,
MT,INFRAESTRUTURA,GRANDE,2003,770287798.7,708247681.7,1216245094.0,1117276758.0,4.94,15.6,100.3,
MT,INFRAESTRUTURA,GRANDE,2004,126208220.0,129517331.9,182036676.0,186776409.0,4.17,14.6,92.9,
MT,INFRAESTRUTURA,GRANDE,2005,473902272.4,449166922.5,637660954.0,604393375.0,3.39,14.9,110.8,
MT,INFRAESTRUTURA,GRANDE,2006,30100000.0,30181818.9,39681182.0,39789045.0,3.8,0.0,70.0,
MT,INFRAESTRUTURA,GRANDE,2007,670426000.0,670894661.9,837683051.0,838292439.0,3.4,19.4,122.7,
MT,INFRAESTRUTURA,GRANDE,2008,678380828.2,650306515.5,747730759.0,716514739.0,1.73,25.7,133.6,
MT,INFRAESTRUTURA,GRANDE,2009,863347048.0,780590214.7,963098772.0,870686602.0,1.67,37.2,157.4,
MT,INFRAESTRUTURA,GRANDE,2011,131200000.0,130554999.9,126092634.0,125478914.0,3.28,3.2,125.5,
MT,INFRAESTRUTURA,GRANDE,2012,1532321308.0,1449381548.6,1358685164.0,1285492244.0,3.39,17.6,96.0,
MT,INFRAESTRUTURA,GRANDE,2013,1838715220.0,1822549599.1,1541662086.0,1528147062.0,1.84,16.5,172.2,
MT,INFRAESTRUTURA,GRANDE,2014,1176632000.0,997340989.0,967637034.0,820292024.0,3.07,26.1,95.4,
MT,INFRAESTRUTURA,GRANDE,2015,773408208.6,773551966.6,586281696.0,586393593.0,3.56,14.2,42.2,
MT,INFRAESTRUTURA,GRANDE,2016,2703100000.0,2685095767.7,1854429638.0,1842210482.0,2.0,16.0,226.0,
MT,INFRAESTRUTURA,GRANDE,2017,226171000.0,226507126.4,156540383.0,156767805.0,2.17,26.2,218.0,
MT,INFRAESTRUTURA,GRANDE,2018,2505680104.3,1756027078.4,1572255387.0,1102092099.0,2.16,15.5,140.4,
MT,INFRAESTRUTURA,GRANDE,2019,95000000.0,44372000.0,56353470.0,26321223.0,2.9,27.0,258.0,
MT,INFRAESTRUTURA,MEDIA,2002,77534308.0,65021794.6,153092325.0,128386233.0,2.4,23.8,111.0,
MT,INFRAESTRUTURA,MEDIA,2003,13036235.0,13036052.8,20058394.0,20058114.0,2.4,4.0,111.0,
MT,INFRAESTRUTURA,MEDIA,2004,64175576.0,64136119.8,93174720.0,93117435.0,2.4,22.0,96.0,
MT,INFRAESTRUTURA,MEDIA,2005,73154100.0,71506503.2,98138206.0,95927910.0,3.0,7.0,144.0,
MT,INFRAESTRUTURA,MEDIA,2008,56677850.0,50877580.0,67358386.0,60465097.0,2.25,4.0,144.0,
PA,AGROPECUARIA,GRANDE,2007,99768000.0,99240054.2,126937246.0,126265528.0,2.3,79.5,30.0,3645.0
PA,AGROPECUARIA,GRANDE,2009,92394000.0,92398868.4,102353121.0,102358514.0,8.0,12.0,24.0,5111.0
PA,AGROPECUARIA,GRANDE,2012,100135999.8,100436480.0,89831082.0,90100640.0,3.84,84.0,24.0,13248.0
PA,AGROPECUARIA,GRANDE,2013,76968000.0,55752077.6,66586425.0,48232144.0,4.75,96.0,24.0,14057.0
PA,INDUSTRIA,GRANDE,2005,62438338.2,64734809.8,83648087.0,86724650.0,4.55,18.0,60.0,20450.0
PA,INDUSTRIA,GRANDE,2007,333334454.7,329999129.4,410356988.0,406251204.0,1.34,21.6,63.6,28435.0
PA,INDUSTRIA,GRANDE,2008,1226358086.2,1293382239.7,1341786124.0,1415109405.0,2.05,26.2,75.3,33218.0
PA,INDUSTRIA,GRANDE,2009,2389149388.0,1718132839.8,2645018227.0,1902855973.0,1.95,23.6,66.0,32563.0
PA,INDUSTRIA,GRANDE,2010,523707787.0,497916394.6,551654290.0,524486596.0,4.5,28.8,91.2,37052.0
PA,INDUSTRIA,GRANDE,2011,793509583.0,792119784.4,755027255.0,753704855.0,1.25,34.0,63.3,33762.0
PA,INDUSTRIA,GRANDE,2012,147837293.0,149243472.8,135167724.0,136447207.0,2.73,20.4,70.8,36968.0
PA,INDUSTRIA,GRANDE,2013,310471000.0,306539804.0,268571468.0,265181877.0,3.97,28.5,93.0,38090.0
PA,INDUSTRIA,GRANDE,2014,2555779553.0,2185591141.7,2071015427.0,1771028903.0,1.33,22.0,76.3,40379.0
PA,INDUSTRIA,GRANDE,2015,152935038.0,118934091.0,119040443.0,92575037.0,2.38,30.0,60.0,40335.0
PA,INFRAESTRUTURA,GRANDE,2002,629486566.2,653070608.3,1266830883.0,1314314096.0,5.96,17.0,120.2,
PA,INFRAESTRUTURA,GRANDE,2004,1282158800.0,1283693401.4,1884460682.0,1886875364.0,4.44,14.4,122.9,
PA,INFRAESTRUTURA,GRANDE,2005,130000000.0,120500000.0,174740542.0,161971041.0,3.0,24.0,96.0,
PA,INFRAESTRUTURA,GRANDE,2006,253923000.0,249560914.8,328717581.0,323070617.0,3.38,5.6,134.4,
PA,INFRAESTRUTURA,GRANDE,2007,169025545.3,169303548.0,208166800.0,208509028.0,2.97,15.0,61.0,
PA,INFRAESTRUTURA,GRANDE,2008,37486814.7,14784538.4,40961380.0,16154883.0,4.14,18.9,240.0,
PA,INFRAESTRUTURA,GRANDE,2009,426222921.7,363428612.1,473407333.0,403683552.0,2.89,23.5,66.5,
PA,INFRAESTRUTURA,GRANDE,2010,219050288.8,208190306.6,224274893.0,213244465.0,2.45,24.0,96.0,
PA,INFRAESTRUTURA,GRANDE,2011,4773126308.0,4773126308.0,4652484721.0,4652484721.0,4.33,63.3,182.0,
PA,INFRAESTRUTURA,GRANDE,2012,18687069900.0,18687318697.5,16607087289.0,16607222180.0,2.48,46.1,223.4,
PA,INFRAESTRUTURA,GRANDE,2013,31000000.0,26443000.0,25928880.0,22117334.0,3.28,3.0,137.0,
PA,INFRAESTRUTURA,GRANDE,2014,899595495.0,805077133.9,728170376.0,651450674.0,4.21,11.9,37.9,
PA,INFRAESTRUTURA,GRANDE,2015,674256510.0,439267667.1,492053048.0,320564935.0,2.55,27.0,72.0,
PA,INFRAESTRUTURA,GRANDE,2016,521919493.0,487922967.6,363728190.0,339712105.0,3.78,14.2,149.0,
PA,INFRAESTRUTURA,GRANDE,2018,1341576000.0,1191000000.0,853941197.0,758096422.0,1.78,20.0,88.0,
PA,INFRAESTRUTURA,MEDIA,2002,107111135.1,106741240.0,222091884.0,221302411.0,6.67,11.2,160.0,
PA,INFRAESTRUTURA,MEDIA,2007,161434000.0,161544056.2,200813519.0,200950423.0,2.28,12.0,120.0,
PA,INFRAESTRUTURA,MEDIA,2010,43774179.3,51457049.6,44077128.0,51813170.0,3.88,45.8,219.0,
PA,INFRAESTRUTURA,PEQUENA,2007,380000.0,380000.0,467789.0,467789.0,3.5,12.0,60.0,
PB,INDUSTRIA,GRANDE,2002,20928441.6,20044998.9,41626995.0,39838186.0,3.94,12.7,52.7,18347.0
PB,INDUSTRIA,GRANDE,2005,20700000.0,20767417.4,27745743.0,27836129.0,6.25,12.0,12.0,22826.0
PB,INDUSTRIA,GRANDE,2010,300000.0,300000.0,316009.0,316009.0,0.0,12.0,48.0,33792.0
PB,INFRAESTRUTURA,GRANDE,2002,61235867.3,61354633.5,127028443.0,127274813.0,1.0,19.7,54.0,
PB,INFRAESTRUTURA,GRANDE,2004,54861652.5,51010366.4,78706542.0,73213482.0,2.5,20.0,68.0,
PB,INFRAESTRUTURA,GRANDE,2006,19276455.8,19384237.2,25584714.0,25727374.0,2.67,18.7,70.0,
PB,INFRAESTRUTURA,GRANDE,2008,162097460.0,162129359.3,177349568.0,177384468.0,2.87,6.0,168.0,
PB,INFRAESTRUTURA,GRANDE,2011,203343199.0,198819058.0,195246326.0,190902331.0,1.82,0.0,156.0,
PB,INFRAESTRUTURA,GRANDE,2013,84141000.0,81706444.1,72185101.0,70148800.0,3.27,2.6,79.6,
PB,INFRAESTRUTURA,GRANDE,2014,10319200.0,10319200.0,8424826.0,8424826.0,3.1,10.0,72.0,
PB,INFRAESTRUTURA,GRANDE,2017,330653070.0,323889999.9,229535741.0,224840892.0,2.22,4.0,190.3,
PB,INFRAESTRUTURA,GRANDE,2019,1324790000.0,391470000.0,785858031.0,232217819.0,2.39,40.0,246.0,
PE,AGROPECUARIA,GRANDE,2002,14357137.2,15212254.0,27056802.0,28668316.0,5.17,18.0,54.0,10479.0
PE,AGROPECUARIA,GRANDE,2003,10236313.0,10145558.3,15866546.0,15725874.0,4.0,12.0,72.0,21886.0
PE,AGROPECUARIA,GRANDE,2009,6974000.0,6974000.0,7743594.0,7743594.0,11.0,12.0,24.0,8785.0
PE,INDUSTRIA,GRANDE,2002,15022861.8,14629685.3,30827744.0,30027386.0,3.79,15.4,66.9,64388.0
PE,INDUSTRIA,GRANDE,2003,48542716.6,47781361.3,75057201.0,73879988.0,3.55,6.0,72.0,57868.0
PE,INDUSTRIA,GRANDE,2006,1458175.0,1445756.7,1941921.0,1925382.0,2.0,18.0,42.0,81148.0
PE,INDUSTRIA,GRANDE,2007,2125946936.5,2110199945.3,2712090217.0,2691971935.0,3.39,51.2,35.5,90937.0
PE,INDUSTRIA,GRANDE,2008,203710000.0,207093604.4,225372567.0,229124021.0,2.92,10.0,38.7,98787.0
PE,INDUSTRIA,GRANDE,2009,13551069239.5,13392217959.8,15065079687.0,14888390678.0,2.98,36.6,78.9,106326.0
PE,INDUSTRIA,GRANDE,2010,359046503.3,318190969.7,371098292.0,328594358.0,3.51,32.5,65.0,102940.0
PE,INDUSTRIA,GRANDE,2011,1232605433.0,1214815743.7,1183567891.0,1166237199.0,2.08,25.1,96.0,104069.0
PE,INDUSTRIA,GRANDE,2012,3160060000.0,2821270951.7,2806474115.0,2493751041.0,2.42,34.4,89.4,102762.0
PE,INDUSTRIA,GRANDE,2013,1023543000.0,1028273977.8,856107206.0,860064269.0,1.95,36.8,87.8,107716.0
PE,INDUSTRIA,GRANDE,2014,28081000.0,21637079.3,22652468.0,17454267.0,4.87,24.0,84.0,109484.0
PE,INDUSTRIA,GRANDE,2015,48790903.0,49145280.0,38173117.0,38449218.0,1.58,18.4,53.6,96204.0
PE,INDUSTRIA,GRANDE,2016,55943151.6,55874124.4,38093308.0,38046306.0,3.01,39.0,0.0,98000.0
PE,INDUSTRIA,GRANDE,2017,480499515.0,483267274.9,329386061.0,331275012.0,2.3,18.0,62.6,96791.0
PE,INDUSTRIA,MEDIA,2005,2112639.0,2122458.2,2852766.0,2866026.0,3.5,12.0,12.0,34225.0
PE,INDUSTRIA,MEDIA,2007,3905000.0,3908993.3,4982278.0,4987373.0,1.8,12.0,78.0,37466.0
PE,INDUSTRIA,MEDIA,2018,28590000.0,28590000.0,18476041.0,18476041.0,3.9,24.0,36.0,44750.0
PE,INFRAESTRUTURA,GRANDE,2002,210752068.0,212729869.7,436780185.0,440862955.0,1.94,34.9,62.6,
PE,INFRAESTRUTURA,GRANDE,2003,10025593.0,10006142.9,15501665.0,15471591.0,4.5,3.0,117.0,
PE,INFRAESTRUTURA,GRANDE,2004,351757814.4,366614069.5,522582757.0,544470682.0,4.44,15.5,86.0,
PE,INFRAESTRUTURA,GRANDE,2005,86069440.6,50959454.2,115074347.0,68132496.0,5.0,7.0,48.0,
PE,INFRAESTRUTURA,GRANDE,2006,344593747.9,336451875.2,451461101.0,440991972.0,3.7,14.8,56.3,
PE,INFRAESTRUTURA,GRANDE,2007,29123914.0,29151575.0,37269366.0,37304780.0,1.97,12.0,60.0,
PE,INFRAESTRUTURA,GRANDE,2008,133803011.5,104002496.0,149461378.0,115943181.0,1.82,30.0,92.0,
PE,INFRAESTRUTURA,GRANDE,2009,219479000.0,211769600.5,243841862.0,235316046.0,2.86,24.0,54.0,
PE,INFRAESTRUTURA,GRANDE,2010,476450600.0,427520911.8,501286411.0,449451717.0,3.0,11.4,64.8,
PE,INFRAESTRUTURA,GRANDE,2011,299511000.0,299510999.9,292401942.0,292401942.0,2.56,18.6,60.0,
PE,INFRAESTRUTURA,GRANDE,2012,63253800.0,63253800.0,57554591.0,57554591.0,2.8,18.0,1.0,
PE,INFRAESTRUTURA,GRANDE,2013,430470000.0,325574999.8,373379469.0,282396034.0,1.96,21.2,76.8,
PE,INFRAESTRUTURA,GRANDE,2014,1845299834.9,1833595837.9,1502986106.0,1495808120.0,2.62,15.6,94.9,
PE,INFRAESTRUTURA,GRANDE,2015,2169313241.4,2623028805.3,1643000945.0,1997725617.0,2.61,19.0,198.1,
PE,INFRAESTRUTURA,GRANDE,2016,293664842.3,296519603.6,202354064.0,204321181.0,2.68,25.7,240.0,
PE,INFRAESTRUTURA,GRANDE,2017,181284443.0,181440780.8,125773863.0,125882230.0,1.64,7.3,152.0,
PE,INFRAESTRUTURA,GRANDE,2018,1474026020.0,905579694.8,946196012.0,582073019.0,2.5,4.5,179.7,
PE,INFRAESTRUTURA,PEQUENA,2003,1000000.0,1015879.8,1550025.0,1574640.0,4.0,24.0,72.0,
PI,INDUSTRIA,PEQUENA,2005,13418238.0,13510604.6,17860668.0,17983614.0,3.5,24.0,72.0,7330.0
PI,INFRAESTRUTURA,GRANDE,2008,25500000.0,25555022.2,28679300.0,28741182.0,2.0,30.0,96.0,
PI,INFRAESTRUTURA,GRANDE,2009,561077372.0,543861840.6,622915349.0,603847681.0,2.45,29.3,92.2,
PI,INFRAESTRUTURA,GRANDE,2010,200295000.0,177129446.3,210657570.0,186293511.0,4.15,24.0,96.0,
PI,INFRAESTRUTURA,GRANDE,2013,208182000.0,205959684.9,174126646.0,172267867.0,1.87,10.0,192.0,
PI,INFRAESTRUTURA,GRANDE,2014,835371300.0,835371299.9,681302820.0,681302820.0,2.44,12.9,1.0,
PI,INFRAESTRUTURA,GRANDE,2015,1921294500.0,1920840254.4,1470093254.0,1469763564.0,1.58,9.1,192.0,
PI,INFRAESTRUTURA,GRANDE,2017,1605188000.0,1586654026.0,1097473603.0,1084664146.0,3.57,14.6,170.6,
PI,INFRAESTRUTURA,GRANDE,2019,403066000.0,380000000.0,239096501.0,225413878.0,2.21,18.0,220.0,
PI,INFRAESTRUTURA,MEDIA,2016,282136000.0,282703209.7,194409947.0,194800792.0,2.05,7.0,192.0,
PR,AGROPECUARIA,GRANDE,2002,2180369.0,2220521.9,4109023.0,4184693.0,5.0,18.0,54.0,8402.0
PR,AGROPECUARIA,GRANDE,2003,9300000.0,9378259.5,14434366.0,14555831.0,5.0,6.0,60.0,9135.0
PR,AGROPECUARIA,GRANDE,2005,55717000.0,55717000.0,74740771.0,74740771.0,10.75,15.0,96.0,10294.0
PR,AGROPECUARIA,GRANDE,2007,6639600.0,6545811.1,8529568.0,8409083.0,3.27,18.0,54.0,11187.0
PR,AGROPECUARIA,GRANDE,2008,40479210.0,40488052.1,45243908.0,45253606.0,7.62,19.2,86.4,19846.0
PR,AGROPECUARIA,GRANDE,2009,36023968.0,35917665.2,39971411.0,39853067.0,4.41,6.9,56.6,19815.0
PR,AGROPECUARIA,GRANDE,2010,26323000.0,26323000.0,27727668.0,27727668.0,5.62,12.0,99.5,15750.0
PR,AGROPECUARIA,GRANDE,2011,28958586.0,24367880.8,27879712.0,23471802.0,4.39,75.0,43.0,11492.0
PR,AGROPECUARIA,GRANDE,2012,286195471.5,286195471.5,263251385.0,263251385.0,3.92,16.5,64.5,14105.0
PR,AGROPECUARIA,GRANDE,2013,20172196.0,20172196.0,17627746.0,17627746.0,3.6,18.0,54.0,14462.0
PR,AGROPECUARIA,GRANDE,2014,26972000.0,17153180.1,21757857.0,13837181.0,2.63,96.0,24.0,13881.0
PR,AGROPECUARIA,GRANDE,2016,100000000.0,100000000.0,70069291.0,70069291.0,8.75,36.0,84.0,12144.0
PR,AGROPECUARIA,GRANDE,2018,50562000.0,50687040.0,33506934.0,33591284.0,4.77,16.0,96.0,10515.0
PR,AGROPECUARIA,GRANDE,2019,38627000.0,21206305.0,23555366.0,12931946.0,7.0,36.0,84.0,4514.0
PR,AGROPECUARIA,GRANDE,2020,240187000.0,123080130.0,141454420.0,72360878.0,7.67,22.0,106.0,
PR,INDUSTRIA,GRANDE,2002,27361307.7,28833465.6,52800213.0,55641096.0,2.5,8.5,57.0,103954.0
PR,INDUSTRIA,GRANDE,2003,39066659.0,39325177.0,62047012.0,62454057.0,3.9,30.1,58.8,116427.0
PR,INDUSTRIA,GRANDE,2004,75000000.0,74970382.5,108174760.0,108132342.0,10.46,20.6,114.9,138486.0
PR,INDUSTRIA,GRANDE,2005,433168976.4,432704057.9,581762732.0,581139504.0,4.18,12.9,32.6,147651.0
PR,INDUSTRIA,GRANDE,2006,1971380552.0,1956024969.6,2562800442.0,2542895572.0,4.51,23.8,67.4,162478.0
PR,INDUSTRIA,GRANDE,2007,381880904.8,379859986.7,480066270.0,477544347.0,3.36,18.5,73.4,187181.0
PR,INDUSTRIA,GRANDE,2008,198174854.1,200216799.3,222886508.0,225317633.0,4.79,22.6,70.6,189943.0
PR,INDUSTRIA,GRANDE,2009,350164000.0,348724289.9,388779509.0,387177042.0,5.31,22.7,71.1,199441.0
PR,INDUSTRIA,GRANDE,2010,304529132.0,303814927.2,324452832.0,323705362.0,3.32,19.9,63.0,211900.0
PR,INDUSTRIA,GRANDE,2011,700987576.7,653150167.7,675916612.0,630355250.0,2.67,18.9,64.0,221903.0
PR,INDUSTRIA,GRANDE,2012,907684458.0,715284173.4,830459764.0,653074830.0,3.02,19.5,67.6,216133.0
PR,INDUSTRIA,GRANDE,2013,1711902144.3,1654099921.6,1458293805.0,1408329394.0,2.79,20.6,71.6,238702.0
PR,INDUSTRIA,GRANDE,2014,4298116261.4,4331460874.0,3481970400.0,3509064910.0,3.73,25.5,80.7,241710.0
PR,INDUSTRIA,GRANDE,2015,866585173.0,750382278.3,639748399.0,554454184.0,5.28,20.7,69.9,226847.0
PR,INDUSTRIA,GRANDE,2016,38732000.0,19731432.5,27304008.0,13881310.0,2.1,24.0,60.0,209978.0
PR,INDUSTRIA,GRANDE,2017,542157000.0,253217119.3,375656625.0,175244089.0,3.16,6.5,49.6,221963.0
PR,INDUSTRIA,GRANDE,2018,261086000.0,207920177.1,166562079.0,132563828.0,5.74,25.0,93.0,223962.0
PR,INDUSTRIA,GRANDE,2019,3050000000.0,1050000000.0,1848633112.0,637426992.0,2.24,27.0,123.0,231641.0
PR,INDUSTRIA,GRANDE,2020,34978250.5,18010447.3,19929989.0,10287966.0,1.85,24.0,66.0,
PR,INDUSTRIA,MEDIA,2005,5000000.0,5007247.8,6707635.0,6717358.0,9.0,12.0,12.0,132147.0
PR,INDUSTRIA,MEDIA,2014,22000000.0,22081109.7,17747029.0,17812459.0,2.7,24.0,72.0,172376.0
PR,INDUSTRIA,MEDIA,2015,6740600.0,5744477.4,5054131.0,4327208.0,4.33,24.0,88.0,159349.0
PR,INDUSTRIA,MEDIA,2016,9824800.0,9802775.3,6807445.0,6793189.0,1.92,14.4,76.8,152434.0
PR,INDUSTRIA,MEDIA,2017,17705000.0,17771051.3,12384281.0,12430482.0,4.12,6.0,90.0,155442.0
PR,INDUSTRIA,MEDIA,2018,38491000.0,37193636.6,25179933.0,24365312.0,3.24,21.6,88.8,155479.0
PR,INDUSTRIA,MEDIA,2020,10000000.0,10000000.0,5022850.0,5022850.0,3.19,24.0,60.0,
PR,INDUSTRIA,MICRO,2005,8776474.8,8679010.9,11914906.0,11782590.0,2.5,24.0,48.0,103811.0
PR,INDUSTRIA,PEQUENA,2007,22715000.0,22478718.1,29180847.0,28877308.0,2.45,30.0,66.0,156956.0
PR,INDUSTRIA,PEQUENA,2008,1632917.0,1746561.1,1804667.0,1930263.0,0.75,18.0,72.0,167890.0
PR,INDUSTRIA,PEQUENA,2010,1450000.0,1450000.0,1450000.0,1450000.0,4.0,18.0,72.0,178019.0
PR,INDUSTRIA,PEQUENA,2012,3706000.0,3706000.0,3324618.0,3324618.0,4.25,24.0,84.0,185536.0
PR,INDUSTRIA,PEQUENA,2013,5113000.0,5113000.0,4389053.0,4389053.0,2.42,21.0,72.0,187817.0
PR,INFRAESTRUTURA,GRANDE,2002,239215100.2,261154468.4,420175612.0,460401657.0,4.48,28.3,85.7,
PR,INFRAESTRUTURA,GRANDE,2004,142667000.0,140189095.5,212091009.0,208323255.0,5.82,31.6,60.0,
PR,INFRAESTRUTURA,GRANDE,2005,555307000.0,541057639.1,743293225.0,724183233.0,3.94,14.4,129.3,
PR,INFRAESTRUTURA,GRANDE,2006,67131000.0,66644032.5,88499582.0,87857608.0,4.5,2.7,144.0,
PR,INFRAESTRUTURA,GRANDE,2007,318667340.0,303487845.2,385049435.0,366374606.0,2.19,38.4,118.4,
PR,INFRAESTRUTURA,GRANDE,2008,935790417.8,935931382.2,1032255148.0,1032374718.0,3.72,23.0,96.0,
PR,INFRAESTRUTURA,GRANDE,2009,1975460872.5,1594361688.2,2190865768.0,1767709636.0,2.18,26.0,122.5,
PR,INFRAESTRUTURA,GRANDE,2010,80774871.0,80774870.9,85614395.0,85614394.0,2.3,17.1,78.9,
PR,INFRAESTRUTURA,GRANDE,2011,521850408.5,508827885.1,505836673.0,493286400.0,2.35,30.4,130.2,
PR,INFRAESTRUTURA,GRANDE,2012,527010467.3,461717988.6,473025999.0,412809398.0,1.74,26.6,140.5,
PR,INFRAESTRUTURA,GRANDE,2013,1072697409.7,992341804.1,924548159.0,854693810.0,2.33,27.8,80.2,
PR,INFRAESTRUTURA,GRANDE,2014,1668007478.2,1477750318.2,1354191005.0,1198865683.0,2.47,26.2,88.5,
PR,INFRAESTRUTURA,GRANDE,2015,154408075.0,146492035.7,120177757.0,114096569.0,1.92,15.1,146.3,
PR,INFRAESTRUTURA,GRANDE,2016,41907000.0,38355319.5,29363938.0,26875301.0,7.5,18.0,144.0,
PR,INFRAESTRUTURA,GRANDE,2017,159907000.0,115334749.0,108316990.0,78147649.0,4.3,6.8,106.4,
PR,INFRAESTRUTURA,GRANDE,2018,1464085000.0,1424367893.6,919584744.0,894701831.0,2.27,11.5,125.8,
PR,INFRAESTRUTURA,GRANDE,2019,374517769.0,299362760.4,229041295.0,183302585.0,3.59,27.2,135.5,
PR,INFRAESTRUTURA,GRANDE,2020,575371794.0,326895000.0,334364367.0,190305004.0,1.48,36.6,209.2,
PR,INFRAESTRUTURA,MEDIA,2012,10172500.0,8890073.0,9619937.0,8407171.0,1.4,18.0,102.0,
PR,INFRAESTRUTURA,MEDIA,2020,3861750.0,3861750.0,1956871.0,1956871.0,4.19,22.5,61.5,
RJ,AGROPECUARIA,GRANDE,2012,65000000.0,65000000.0,61732164.0,61732164.0,6.18,12.0,24.0,513.0
RJ,AGROPECUARIA,GRANDE,2014,9810000.0,9810000.0,7913561.0,7913561.0,4.0,24.0,60.0,1513.0
RJ,AGROPECUARIA,MEDIA,2012,3263000.0,3263000.0,3028677.0,3028677.0,4.0,24.0,72.0,1479.0
RJ,AGROPECUARIA,MEDIA,2015,11487000.0,6066622.2,8796323.0,4645597.0,0.0,24.0,96.0,1463.0
RJ,INDUSTRIA,GRANDE,2002,190890707.8,225348930.2,347745808.0,410264948.0,4.1,7.2,64.8,107180.0
RJ,INDUSTRIA,GRANDE,2003,30217722.2,28105637.9,47408163.0,44092389.0,3.56,21.0,147.0,115091.0
RJ,INDUSTRIA,GRANDE,2004,387207000.0,399751441.9,529763104.0,546946590.0,4.0,31.5,63.0,124598.0
RJ,INDUSTRIA,GRANDE,2005,184928098.3,184202227.4,246722580.0,245731452.0,5.85,12.4,37.5,134902.0
RJ,INDUSTRIA,GRANDE,2006,51128721.4,51260380.9,67517673.0,67691692.0,3.57,13.0,55.0,152316.0
RJ,INDUSTRIA,GRANDE,2007,3087868436.0,3049246386.3,3953036631.0,3903498329.0,2.28,29.4,75.5,165072.0
RJ,INDUSTRIA,GRANDE,2008,1034773345.8,1045274761.0,1147729766.0,1159385291.0,3.24,29.9,46.7,178855.0
RJ,INDUSTRIA,GRANDE,2009,413790000.0,376955586.4,459733802.0,418690884.0,4.24,24.0,57.9,178860.0
RJ,INDUSTRIA,GRANDE,2010,1286279878.7,1167211675.0,1365430998.0,1239759226.0,3.95,32.3,42.6,202836.0
RJ,INDUSTRIA,GRANDE,2011,828383876.5,842879569.2,798416838.0,812051583.0,2.88,22.6,61.3,221992.0
RJ,INDUSTRIA,GRANDE,2012,8452864029.7,8413216089.0,7663830082.0,7628694852.0,2.39,21.5,62.1,238872.0
RJ,INDUSTRIA,GRANDE,2013,10989963715.3,3864995483.6,9340630290.0,3277221411.0,2.63,28.9,65.4,239988.0
RJ,INDUSTRIA,GRANDE,2014,458979902.7,459792404.2,374182465.0,374887328.0,2.5,21.1,66.9,242312.0
RJ,INDUSTRIA,GRANDE,2015,335487105.5,321052858.0,259634114.0,248562044.0,2.96,23.4,59.8,211335.0
RJ,INDUSTRIA,GRANDE,2016,255870000.0,248512341.8,176002598.0,170941564.0,1.6,30.0,60.0,189735.0
RJ,INDUSTRIA,GRANDE,2017,285250886.3,207701358.8,197195542.0,143642127.0,3.45,22.9,65.2,181897.0
RJ,INDUSTRIA,GRANDE,2019,555839000.0,209140469.1,334471678.0,127322190.0,1.87,31.2,21.6,179122.0
RJ,INDUSTRIA,MEDIA,2005,8580000.0,8587975.4,11494550.0,11505235.0,4.75,18.0,36.0,103945.0
RJ,INDUSTRIA,MEDIA,2006,52199750.7,50075938.8,69679462.0,66844466.0,2.8,10.8,85.2,116516.0
RJ,INDUSTRIA,MEDIA,2007,16500000.0,16505467.4,21124843.0,21131843.0,4.0,12.0,36.0,111039.0
RJ,INDUSTRIA,MEDIA,2008,3000000.0,3000000.0,3440985.0,3440985.0,4.5,36.0,60.0,119433.0
RJ,INDUSTRIA,MEDIA,2009,2500000.0,2500000.0,2780013.0,2780013.0,3.5,24.0,60.0,122439.0
RJ,INDUSTRIA,MEDIA,2011,10057750.0,7771141.0,9819024.0,7586688.0,3.38,24.0,90.0,132848.0
RJ,INDUSTRIA,MEDIA,2013,10000000.0,10000000.0,8651183.0,8651183.0,3.5,24.0,36.0,135364.0
RJ,INDUSTRIA,MEDIA,2014,20000000.0,15257000.0,16133662.0,12307564.0,4.0,24.0,96.0,137390.0
RJ,INDUSTRIA,MEDIA,2018,52706358.7,50153258.0,33596592.0,31989044.0,1.86,32.4,118.8,107120.0
RJ,INDUSTRIA,PEQUENA,2008,3992000.0,4002237.1,4652419.0,4664350.0,1.0,24.0,48.0,110583.0
RJ,INDUSTRIA,PEQUENA,2015,1252000.0,400000.0,1002302.0,320224.0,0.0,48.0,72.0,105429.0
RJ,INFRAESTRUTURA,GRANDE,2002,1709210077.8,1722741440.0,3475811297.0,3514754509.0,4.63,23.8,91.4,
RJ,INFRAESTRUTURA,GRANDE,2003,2351740299.6,2381711050.6,3664153009.0,3711179465.0,4.45,18.4,68.8,
RJ,INFRAESTRUTURA,GRANDE,2004,1658514045.1,1565997396.2,2344404911.0,2216124634.0,4.31,10.4,88.4,
RJ,INFRAESTRUTURA,GRANDE,2005,793790700.0,628152149.7,1072262211.0,849570578.0,3.91,18.8,147.6,
RJ,INFRAESTRUTURA,GRANDE,2006,1730733016.2,1640423724.2,2280687027.0,2162654190.0,3.54,21.8,115.2,
RJ,INFRAESTRUTURA,GRANDE,2007,6595693096.2,6779036549.7,8370418022.0,8613876386.0,3.07,35.7,198.7,
RJ,INFRAESTRUTURA,GRANDE,2008,1221541451.5,1066892860.2,1383948666.0,1206661928.0,3.68,33.6,161.8,
RJ,INFRAESTRUTURA,GRANDE,2009,4083955419.4,3287735661.7,4537550011.0,3652558727.0,3.08,24.7,155.7,
RJ,INFRAESTRUTURA,GRANDE,2010,3708863308.4,3739352720.0,3830559243.0,3871214799.0,3.09,20.1,175.0,
RJ,INFRAESTRUTURA,GRANDE,2011,9113234853.1,5485583884.0,8879083917.0,5318463645.0,3.04,24.1,125.1,
RJ,INFRAESTRUTURA,GRANDE,2012,8059099924.9,6209352587.1,7176408111.0,5542733953.0,2.95,21.9,128.2,
RJ,INFRAESTRUTURA,GRANDE,2013,9152602687.6,8763985360.9,7909163101.0,7579746660.0,2.51,22.3,111.6,
RJ,INFRAESTRUTURA,GRANDE,2014,9492759452.1,9172718651.9,7764549971.0,7501574177.0,2.87,16.2,122.5,
RJ,INFRAESTRUTURA,GRANDE,2015,4786240512.8,4569476431.9,3606188687.0,3445326983.0,3.63,17.1,141.7,
RJ,INFRAESTRUTURA,GRANDE,2016,1858127716.7,1851023397.1,1314705924.0,1309720093.0,2.61,12.1,144.5,
RJ,INFRAESTRUTURA,GRANDE,2017,1972515783.3,1780850908.4,1357724011.0,1224372930.0,3.4,13.8,115.8,
RJ,INFRAESTRUTURA,GRANDE,2018,1006134985.2,533391361.2,651768451.0,346940896.0,3.2,22.8,107.5,
RJ,INFRAESTRUTURA,GRANDE,2019,2068768520.2,854354395.4,1227364653.0,506989553.0,2.63,21.2,127.2,
RJ,INFRAESTRUTURA,MEDIA,2002,132751410.2,150897162.6,266313765.0,301045519.0,4.5,18.5,189.8,
RJ,INFRAESTRUTURA,MEDIA,2003,142732703.7,125723023.8,224091734.0,197389613.0,4.38,18.8,180.0,
RJ,INFRAESTRUTURA,MEDIA,2004,100211803.0,104823704.2,147396138.0,154179535.0,5.0,18.0,192.0,
RJ,INFRAESTRUTURA,MEDIA,2005,160704732.8,132971044.5,215042213.0,177941523.0,5.0,14.5,123.0,
RJ,INFRAESTRUTURA,MEDIA,2006,20073960.0,19737290.0,26069008.0,25631793.0,4.5,22.0,180.0,
RJ,INFRAESTRUTURA,MEDIA,2007,11530611.6,11562055.7,14691098.0,14731182.0,3.17,30.0,102.0,
RJ,INFRAESTRUTURA,MEDIA,2008,8015000.0,8032402.8,8886783.0,8906078.0,2.05,22.0,168.0,
RJ,INFRAESTRUTURA,MEDIA,2012,10898658.0,7138741.4,9618142.0,6299989.0,2.7,27.0,72.0,
RJ,INFRAESTRUTURA,MEDIA,2017,246697440.0,237076631.8,171591141.0,164899358.0,4.15,9.0,50.0,
RJ,INFRAESTRUTURA,MEDIA,2018,1807800000.0,1476358944.9,1150393132.0,939423442.0,2.26,22.8,174.6,
RJ,INFRAESTRUTURA,MICRO,2002,15163751.6,15163751.6,31252586.0,31252586.0,1.5,49.0,9.0,
RJ,INFRAESTRUTURA,PEQUENA,2009,36307259.8,32984635.2,40543270.0,36832991.0,3.0,6.0,204.0,
RJ,INFRAESTRUTURA,PEQUENA,2010,4012560.0,4012560.0,4040330.0,4040330.0,3.18,18.0,192.0,
RJ,INFRAESTRUTURA,PEQUENA,2013,68244079.0,72591746.7,59725608.0,63530584.0,3.55,37.2,180.0,
RN,AGROPECUARIA,GRANDE,2002,13162844.0,13257221.8,25691816.0,25876453.0,4.0,14.2,69.5,4246.0
RN,AGROPECUARIA,GRANDE,2003,43207000.0,42398755.8,68112107.0,66837980.0,2.75,24.0,60.0,4755.0
RN,AGROPECUARIA,MEDIA,2010,2081000.0,2054023.6,2192049.0,2163632.0,4.1,22.5,67.5,6290.0
RN,INDUSTRIA,GRANDE,2002,20708000.0,15958418.5,41686784.0,32125512.0,3.5,12.0,60.0,22370.0
RN,INDUSTRIA,GRANDE,2005,26880000.0,26975276.3,36038127.0,36165839.0,9.0,12.0,12.0,23330.0
RN,INDUSTRIA,GRANDE,2010,5866000.0,2950000.0,6413769.0,3225472.0,4.5,18.0,66.0,34625.0
RN,INDUSTRIA,GRANDE,2011,24880000.0,11790999.9,24121382.0,11431479.0,2.02,16.5,55.5,30844.0
RN,INDUSTRIA,MEDIA,2004,16936000.0,16884502.5,24255206.0,24181453.0,4.8,6.0,54.0,12842.0
RN,INDUSTRIA,MEDIA,2008,35000000.0,35000000.0,39363745.0,39363745.0,7.0,24.0,72.0,15336.0
RN,INFRAESTRUTURA,GRANDE,2002,122946935.1,123101420.8,255042648.0,255363115.0,1.0,32.3,68.7,
RN,INFRAESTRUTURA,GRANDE,2003,2264000.0,2464863.8,3595978.0,3915016.0,4.65,18.0,62.0,
RN,INFRAESTRUTURA,GRANDE,2005,97000000.0,86191099.5,130383327.0,115854457.0,2.17,20.0,72.0,
RN,INFRAESTRUTURA,GRANDE,2006,136000000.0,136686281.8,181541228.0,182457319.0,3.88,12.0,144.0,
RN,INFRAESTRUTURA,GRANDE,2009,32665700.0,19121169.9,36364484.0,21286286.0,2.34,3.0,60.0,
RN,INFRAESTRUTURA,GRANDE,2010,715646726.0,699213263.3,716674272.0,700030856.0,2.25,22.3,162.3,
RN,INFRAESTRUTURA,GRANDE,2011,1704263410.0,1696951414.9,1625065971.0,1618091792.0,1.85,24.9,174.1,
RN,INFRAESTRUTURA,GRANDE,2012,1886886722.7,2027636091.5,1699848726.0,1824062330.0,2.15,19.2,157.9,
RN,INFRAESTRUTURA,GRANDE,2013,1335569300.0,1275301261.4,1135061189.0,1083673519.0,1.84,7.9,153.6,
RN,INFRAESTRUTURA,GRANDE,2014,663685655.8,621142517.8,536522000.0,502203364.0,1.88,15.7,160.1,
RN,INFRAESTRUTURA,GRANDE,2015,2053327349.9,1916261125.9,1523683104.0,1422600158.0,2.2,10.7,191.6,
RN,INFRAESTRUTURA,GRANDE,2016,274867500.0,256209674.4,187165222.0,174460570.0,1.82,7.6,190.3,
RN,INFRAESTRUTURA,GRANDE,2017,908739836.0,912127005.9,627513349.0,629877151.0,2.21,9.4,186.0,
RN,INFRAESTRUTURA,GRANDE,2018,1021795000.0,942781999.9,644388668.0,593016275.0,2.2,1.3,133.3,
RN,INFRAESTRUTURA,GRANDE,2019,328800000.0,328500000.0,199719922.0,199537696.0,1.9,34.0,251.0,
RN,INFRAESTRUTURA,MEDIA,2004,23434007.7,24009845.0,35525158.0,36398107.0,4.5,15.0,111.0,
RN,INFRAESTRUTURA,MEDIA,2014,306313950.0,306284492.6,247098291.0,247074528.0,2.02,20.4,192.0,
RN,INFRAESTRUTURA,MEDIA,2020,207563000.0,62793215.5,117948518.0,35682500.0,2.38,24.0,228.0,
RO,INDUSTRIA,GRANDE,2009,118552000.0,116837921.0,132383601.0,130469539.0,2.36,24.0,60.0,5196.0
RO,INDUSTRIA,GRANDE,2010,63432000.0,63193432.9,69355297.0,69094452.0,2.06,12.0,60.0,5234.0
RO,INFRAESTRUTURA,GRANDE,2002,129064406.3,129479257.2,219340160.0,220175286.0,2.25,19.0,72.0,
RO,INFRAESTRUTURA,GRANDE,2003,43665533.1,43665533.1,68834945.0,68834945.0,1.0,0.0,55.0,
RO,INFRAESTRUTURA,GRANDE,2009,12455172400.0,12445230973.6,13775679278.0,13764672727.0,2.95,72.2,219.8,
RO,INFRAESTRUTURA,GRANDE,2011,237728836.2,237728836.2,232086211.0,232086211.0,2.76,10.5,184.0,
RO,INFRAESTRUTURA,GRANDE,2012,1875995000.0,1876185509.4,1666842457.0,1667011726.0,2.55,20.5,228.5,
RO,INFRAESTRUTURA,GRANDE,2013,1990000000.0,1991450165.9,1719068794.0,1720321525.0,3.19,46.0,201.0,
RO,INFRAESTRUTURA,GRANDE,2019,232500000.0,220350000.0,141782239.0,134372973.0,2.59,44.0,240.0,
RS,AGROPECUARIA,GRANDE,2008,50918138.7,50802633.3,59418286.0,59281738.0,2.27,10.0,78.0,4362.0
RS,AGROPECUARIA,GRANDE,2011,47673000.0,38160826.7,45307803.0,36267556.0,2.32,78.0,24.0,5658.0
RS,AGROPECUARIA,GRANDE,2013,59379000.0,16721031.9,50462919.0,14259545.0,2.35,84.0,24.0,4905.0
RS,AGROPECUARIA,GRANDE,2014,23756000.0,22390000.0,19163565.0,18061635.0,5.06,28.3,88.3,2881.0
RS,AGROPECUARIA,GRANDE,2020,2932200.0,2932200.0,1511544.0,1511544.0,4.28,32.0,160.0,
RS,AGROPECUARIA,MEDIA,2004,10000000.0,10000000.0,15055350.0,15055350.0,10.75,36.0,18.0,5542.0
RS,AGROPECUARIA,MICRO,2002,3738083.2,3730326.4,6214351.0,6201456.0,3.5,6.0,60.0,49419.0
RS,AGROPECUARIA,MICRO,2003,166910245.0,165955253.9,262024349.0,260525154.0,3.5,12.0,57.2,50109.0
RS,AGROPECUARIA,MICRO,2004,216581075.5,219566765.2,309776333.0,314049024.0,2.9,12.0,58.3,51584.0
RS,AGROPECUARIA,MICRO,2005,2488814.9,2505450.0,3312797.0,3334939.0,2.9,6.0,72.0,50257.0
RS,INDUSTRIA,GRANDE,2002,100087852.1,110324691.2,189606574.0,209173696.0,4.33,23.6,64.0,136452.0
RS,INDUSTRIA,GRANDE,2003,7912000.0,7959652.1,12099579.0,12172452.0,4.5,18.0,66.0,149987.0
RS,INDUSTRIA,GRANDE,2004,120007288.2,120104593.1,164699595.0,164827206.0,5.5,14.6,43.7,172466.0
RS,INDUSTRIA,GRANDE,2005,388728573.6,390840559.4,521308798.0,524133372.0,5.18,19.9,36.2,169017.0
RS,INDUSTRIA,GRANDE,2006,301920270.0,300608728.0,393752307.0,392048427.0,2.98,16.8,62.2,173176.0
RS,INDUSTRIA,GRANDE,2007,359736462.3,357686930.8,453247040.0,450682019.0,2.93,22.7,56.1,184445.0
RS,INDUSTRIA,GRANDE,2008,555094512.9,559344021.7,631327848.0,636186716.0,3.46,18.2,67.7,189717.0
RS,INDUSTRIA,GRANDE,2009,1256731146.6,1242858309.6,1392684134.0,1377292977.0,3.85,19.4,62.8,180403.0
RS,INDUSTRIA,GRANDE,2010,72103000.0,72103000.0,76722622.0,76722622.0,3.27,17.1,48.0,206185.0
RS,INDUSTRIA,GRANDE,2011,1322501867.0,1324123146.1,1280446455.0,1281954199.0,2.46,21.9,70.1,221169.0
RS,INDUSTRIA,GRANDE,2012,2665678118.5,2282889655.7,2354287790.0,2016361656.0,2.93,18.4,73.0,215134.0
RS,INDUSTRIA,GRANDE,2013,443052187.0,433114434.5,382184265.0,373556330.0,2.83,17.6,58.8,222119.0
RS,INDUSTRIA,GRANDE,2014,392017527.3,434721256.9,322402083.0,357466489.0,2.97,18.5,77.5,214904.0
RS,INDUSTRIA,GRANDE,2015,196614000.0,186638101.9,150482470.0,142594952.0,5.33,20.5,80.0,185824.0
RS,INDUSTRIA,GRANDE,2016,155451912.0,155381738.7,106956885.0,106906683.0,3.4,24.0,60.0,171895.0
RS,INDUSTRIA,GRANDE,2017,142620000.0,130807631.6,97854190.0,89784138.0,3.81,33.6,64.0,167445.0
RS,INDUSTRIA,GRANDE,2018,49363000.0,49363000.0,32073142.0,32073142.0,4.45,24.0,66.0,167873.0
RS,INDUSTRIA,GRANDE,2019,83292000.0,54452400.0,50855878.0,33231769.0,5.7,20.0,72.0,167152.0
RS,INDUSTRIA,GRANDE,2020,1087752.6,1087752.6,524003.0,524003.0,3.84,36.0,156.0,
RS,INDUSTRIA,MEDIA,2005,5603351.0,5618053.3,7523822.0,7543560.0,6.25,12.0,12.0,185113.0
RS,INDUSTRIA,MEDIA,2006,76000000.0,76046613.2,98609413.0,98671490.0,4.88,30.0,78.0,187935.0
RS,INDUSTRIA,MEDIA,2007,928945.6,930581.3,1170399.0,1172459.0,1.0,24.0,96.0,203548.0
RS,INDUSTRIA,MEDIA,2008,1545300.0,1545813.4,1737966.0,1738543.0,1.44,12.0,72.0,198440.0
RS,INDUSTRIA,MEDIA,2010,13500000.0,13500000.0,14015511.0,14015511.0,2.25,30.0,54.0,218407.0
RS,INDUSTRIA,MEDIA,2011,22734360.0,22734360.0,22066629.0,22066629.0,2.9,30.0,78.0,215479.0
RS,INDUSTRIA,MEDIA,2012,73836000.0,73836000.0,66858221.0,66858221.0,3.4,20.4,63.6,214920.0
RS,INDUSTRIA,MEDIA,2014,12608333.0,12608333.0,10186594.0,10186594.0,3.73,16.3,59.0,210918.0
RS,INDUSTRIA,MEDIA,2019,14000000.0,14000000.0,8304721.0,8304721.0,4.58,24.0,36.0,184666.0
RS,INDUSTRIA,MEDIA,2020,50000000.0,50000000.0,28935896.0,28935896.0,5.26,24.0,36.0,
RS,INDUSTRIA,PEQUENA,2007,11166177.0,11014696.0,13735926.0,13550975.0,1.67,28.0,104.0,165647.0
RS,INDUSTRIA,PEQUENA,2010,3000000.0,3000000.0,3280141.0,3280141.0,1.0,24.0,72.0,183165.0
RS,INDUSTRIA,PEQUENA,2011,17430000.0,15430000.0,16931758.0,14990500.0,2.75,18.0,54.0,187998.0
RS,INFRAESTRUTURA,GRANDE,2002,376119768.4,381408050.6,700639331.0,710141832.0,3.26,17.6,85.6,
RS,INFRAESTRUTURA,GRANDE,2003,513010395.5,528893206.4,807134323.0,831956507.0,2.77,30.3,124.0,
RS,INFRAESTRUTURA,GRANDE,2004,737143964.6,754339953.6,1078168377.0,1103809143.0,4.95,27.8,155.3,
RS,INFRAESTRUTURA,GRANDE,2005,909112897.4,913297924.6,1225891364.0,1231470018.0,3.94,14.3,128.0,
RS,INFRAESTRUTURA,GRANDE,2006,166236860.2,166732452.2,219624942.0,220280364.0,4.45,9.2,74.8,
RS,INFRAESTRUTURA,GRANDE,2007,412558255.4,411523451.5,525000289.0,523803037.0,3.95,17.5,143.3,
RS,INFRAESTRUTURA,GRANDE,2008,877350625.6,859699053.7,1009184407.0,989300943.0,2.35,37.8,128.2,
RS,INFRAESTRUTURA,GRANDE,2009,288550751.2,285290406.2,319630466.0,316002784.0,2.96,19.7,149.4,
RS,INFRAESTRUTURA,GRANDE,2010,187009786.8,172978676.6,188847043.0,174662783.0,3.06,14.6,79.9,
RS,INFRAESTRUTURA,GRANDE,2011,1099129408.0,1095627689.5,1060087097.0,1056668834.0,2.55,20.3,149.8,
RS,INFRAESTRUTURA,GRANDE,2012,855265293.7,764692091.8,774414061.0,691144157.0,2.58,17.3,94.1,
RS,INFRAESTRUTURA,GRANDE,2013,1181484753.0,1172435532.8,1002080712.0,994420635.0,2.24,15.1,165.3,
RS,INFRAESTRUTURA,GRANDE,2014,1280655739.4,1269138061.8,1042982851.0,1033567643.0,1.96,10.7,179.8,
RS,INFRAESTRUTURA,GRANDE,2015,670984782.0,670566033.1,515423370.0,515103339.0,1.94,9.3,137.3,
RS,INFRAESTRUTURA,GRANDE,2016,632554000.0,632918248.9,451845786.0,452079139.0,3.81,7.4,200.2,
RS,INFRAESTRUTURA,GRANDE,2017,774551000.0,771291337.4,528860158.0,526609807.0,2.63,5.1,186.2,
RS,INFRAESTRUTURA,GRANDE,2018,3548011000.0,2625026551.9,2284748883.0,1695827012.0,2.47,22.9,153.8,
RS,INFRAESTRUTURA,GRANDE,2019,880000000.0,740000000.0,532930693.0,448146264.0,2.05,33.0,253.0,
RS,INFRAESTRUTURA,GRANDE,2020,1485619500.0,527000000.0,859754642.0,304984350.0,2.25,60.0,24.5,
RS,INFRAESTRUTURA,MEDIA,2002,13692103.0,14146719.3,24841226.0,25666025.0,4.0,15.0,144.0,
RS,INFRAESTRUTURA,MEDIA,2003,2762466.0,2761886.6,4250509.0,4249617.0,4.0,3.0,144.0,
RS,INFRAESTRUTURA,MEDIA,2004,18053774.0,18865770.6,26440776.0,27653213.0,5.0,15.0,96.0,
RS,INFRAESTRUTURA,MEDIA,2005,6294774.3,6161309.1,8416077.0,8237635.0,3.5,15.0,144.0,
RS,INFRAESTRUTURA,MEDIA,2007,71686393.6,71789402.9,86390251.0,86514183.0,3.6,15.0,184.0,
RS,INFRAESTRUTURA,MEDIA,2008,344950170.0,345392660.8,405775037.0,406298374.0,2.22,25.4,165.0,
RS,INFRAESTRUTURA,MEDIA,2009,7177689.3,7178476.0,7949581.0,7950452.0,5.4,7.5,192.0,
RS,INFRAESTRUTURA,MEDIA,2011,21980000.0,21980000.0,21334425.0,21334425.0,4.95,8.0,138.0,
RS,INFRAESTRUTURA,MEDIA,2017,50002820.0,50237083.6,34453853.0,34614392.0,4.64,11.2,150.0,
RS,INFRAESTRUTURA,MEDIA,2018,10000000.0,7039000.0,6265633.0,4410379.0,1.99,24.0,36.0,
RS,INFRAESTRUTURA,PEQUENA,2005,34326800.0,34726139.2,46050331.0,46586056.0,2.8,11.0,120.0,
SC,AGROPECUARIA,GRANDE,2005,16530000.0,16771390.4,22218932.0,22543399.0,6.0,24.0,72.0,7795.0
SC,AGROPECUARIA,GRANDE,2008,17043771.2,17424022.7,19549118.0,19985264.0,4.92,24.0,72.0,4967.0
SC,AGROPECUARIA,GRANDE,2009,20000000.0,20000000.0,22207038.0,22207038.0,6.75,12.0,84.0,5702.0
SC,AGROPECUARIA,GRANDE,2018,27405000.0,25762152.0,17443856.0,16398148.0,6.0,12.0,168.0,1968.0
SC,AGROPECUARIA,MEDIA,2007,16417319.2,16423393.3,20684534.0,20692186.0,4.0,24.0,96.0,5713.0
SC,AGROPECUARIA,MEDIA,2018,27200000.0,27206204.0,17655785.0,17659947.0,4.17,24.0,36.0,5765.0
SC,INDUSTRIA,GRANDE,2002,286062705.1,285736029.5,483445230.0,480161341.0,3.14,34.0,57.5,126827.0
SC,INDUSTRIA,GRANDE,2003,200379500.6,204913735.3,313329022.0,320434994.0,4.66,22.1,50.2,128037.0
SC,INDUSTRIA,GRANDE,2004,71855166.8,73260033.5,106982380.0,109088184.0,4.9,16.0,24.0,143855.0
SC,INDUSTRIA,GRANDE,2005,348523693.5,334775388.6,470002759.0,451446576.0,4.33,12.2,35.7,149511.0
SC,INDUSTRIA,GRANDE,2006,108960189.1,109708982.3,144053053.0,145043857.0,6.05,15.3,141.3,162504.0
SC,INDUSTRIA,GRANDE,2007,370474022.8,370556291.8,467812977.0,467909974.0,3.02,22.4,56.8,178481.0
SC,INDUSTRIA,GRANDE,2008,494133398.0,494426618.7,551728336.0,552050840.0,5.2,17.5,69.0,175588.0
SC,INDUSTRIA,GRANDE,2009,382705648.2,369493433.3,423946899.0,409327521.0,4.26,20.9,57.4,168236.0
SC,INDUSTRIA,GRANDE,2010,1084463168.0,1033900113.9,1139052323.0,1086827972.0,3.01,20.0,59.0,184161.0
SC,INDUSTRIA,GRANDE,2011,586356435.0,387393541.0,574506201.0,379254586.0,3.03,21.7,64.2,188315.0
SC,INDUSTRIA,GRANDE,2012,588614092.0,579597611.6,528247232.0,520155198.0,2.82,19.5,75.2,174580.0
SC,INDUSTRIA,GRANDE,2013,318405203.6,316934940.1,271932760.0,270673264.0,3.36,17.2,61.8,200877.0
SC,INDUSTRIA,GRANDE,2014,826323985.7,778078245.7,675135658.0,636211242.0,3.19,19.8,82.5,202682.0
SC,INDUSTRIA,GRANDE,2015,402349600.0,345844085.5,312925486.0,268536963.0,3.3,19.7,70.9,183527.0
SC,INDUSTRIA,GRANDE,2016,319352081.1,234436018.7,220979223.0,163065158.0,3.19,11.5,74.5,172179.0
SC,INDUSTRIA,GRANDE,2017,197136000.0,171989450.8,135408562.0,117847482.0,4.56,21.4,64.3,186161.0
SC,INDUSTRIA,GRANDE,2018,166709809.0,159722564.0,105465268.0,101037175.0,7.5,20.0,100.0,193179.0
SC,INDUSTRIA,GRANDE,2019,169125000.0,149180130.5,104062709.0,91825406.0,3.1,30.0,64.0,194638.0
SC,INDUSTRIA,GRANDE,2020,150617562.2,140998562.2,76015448.0,70549412.0,3.55,32.6,85.7,
SC,INDUSTRIA,MEDIA,2005,51500000.0,51880993.2,69184253.0,69696234.0,6.17,8.7,52.0,124551.0
SC,INDUSTRIA,MEDIA,2008,6950000.0,6953374.7,8103397.0,8107332.0,2.73,28.0,48.0,151335.0
SC,INDUSTRIA,MEDIA,2010,7770547.8,7770547.8,8465464.0,8465464.0,2.75,18.0,72.0,165549.0
SC,INDUSTRIA,MEDIA,2011,3645000.0,3645000.0,3542647.0,3542647.0,1.93,24.0,72.0,173063.0
SC,INDUSTRIA,MEDIA,2012,4960000.0,4960000.0,4407015.0,4407015.0,4.0,24.0,48.0,178366.0
SC,INDUSTRIA,MEDIA,2015,1797000.0,558931.4,1311399.0,407892.0,3.25,30.0,90.0,174743.0
SC,INDUSTRIA,MEDIA,2018,18000000.0,18021613.2,11691288.0,11705326.0,5.06,24.0,36.0,176869.0
SC,INDUSTRIA,MEDIA,2019,6700000.0,6700000.0,3974403.0,3974403.0,3.36,24.0,36.0,181820.0
SC,INDUSTRIA,MEDIA,2020,10000000.0,4990000.0,5558702.0,2773792.0,1.55,24.0,60.0,
SC,INDUSTRIA,MICRO,2013,3124000.0,3124000.0,2729949.0,2729949.0,2.0,24.0,48.0,147422.0
SC,INDUSTRIA,PEQUENA,2006,1100000.0,1103947.1,1469019.0,1474290.0,2.78,9.0,51.0,141648.0
SC,INDUSTRIA,PEQUENA,2008,1675000.0,1039806.5,1855224.0,1151686.0,4.05,18.0,78.0,153189.0
SC,INDUSTRIA,PEQUENA,2014,3000000.0,2972599.5,2470810.0,2448243.0,2.0,24.0,84.0,175185.0
SC,INFRAESTRUTURA,GRANDE,2002,111257033.8,109063080.4,216350553.0,211799389.0,3.0,6.0,102.0,
SC,INFRAESTRUTURA,GRANDE,2003,722291307.6,731957285.2,1118505371.0,1133367984.0,4.21,36.8,102.5,
SC,INFRAESTRUTURA,GRANDE,2004,6187500.0,6350768.2,8747119.0,8977928.0,3.5,24.0,72.0,
SC,INFRAESTRUTURA,GRANDE,2005,194985498.5,117254880.2,259480337.0,156242416.0,3.2,12.0,88.0,
SC,INFRAESTRUTURA,GRANDE,2006,224500400.7,219931735.9,298709854.0,292605520.0,4.16,12.3,144.0,
SC,INFRAESTRUTURA,GRANDE,2007,1984556682.8,1988577416.6,2475454222.0,2480522276.0,2.72,41.4,170.9,
SC,INFRAESTRUTURA,GRANDE,2008,208830902.9,207997325.7,230052742.0,229131235.0,3.31,39.3,149.5,
SC,INFRAESTRUTURA,GRANDE,2009,1307348439.2,1278555435.1,1453080743.0,1421172266.0,3.23,19.4,150.8,
SC,INFRAESTRUTURA,GRANDE,2010,1005332495.8,1070562691.1,1026801678.0,1095505485.0,3.66,28.7,213.8,
SC,INFRAESTRUTURA,GRANDE,2011,1204314981.6,1151211812.2,1172435212.0,1122207974.0,3.45,25.6,177.0,
SC,INFRAESTRUTURA,GRANDE,2012,1174578527.1,1475807351.7,1059006494.0,1326821597.0,3.13,25.6,203.4,
SC,INFRAESTRUTURA,GRANDE,2013,198413000.0,198413000.0,168220187.0,168220187.0,2.58,5.5,68.0,
SC,INFRAESTRUTURA,GRANDE,2014,510454225.1,507106774.8,419981242.0,417192692.0,2.92,18.0,190.7,
SC,INFRAESTRUTURA,GRANDE,2015,731080197.1,781460692.8,573976621.0,613445279.0,3.15,18.3,204.1,
SC,INFRAESTRUTURA,GRANDE,2017,43780355.0,43537056.4,30247058.0,30078117.0,3.87,4.0,102.0,
SC,INFRAESTRUTURA,GRANDE,2018,588261931.3,593816905.2,383403867.0,387174961.0,3.43,1.5,182.8,
SC,INFRAESTRUTURA,GRANDE,2019,194545922.1,136844421.8,122821634.0,86352970.0,2.56,27.6,144.0,
SC,INFRAESTRUTURA,GRANDE,2020,101755722.4,97185782.9,58555074.0,55920635.0,3.0,12.0,40.0,
SC,INFRAESTRUTURA,MEDIA,2002,116354156.0,79620187.9,193432174.0,132364039.0,3.0,23.5,150.0,
SC,INFRAESTRUTURA,MEDIA,2003,70662407.4,56625336.9,109817712.0,88002450.0,5.0,27.0,216.0,
SC,INFRAESTRUTURA,MEDIA,2006,72147600.0,72579016.7,96307087.0,96882969.0,3.5,14.0,118.0,
SC,INFRAESTRUTURA,MEDIA,2008,91350000.0,91416569.3,99945323.0,100018156.0,2.8,29.0,143.0,
SC,INFRAESTRUTURA,MEDIA,2009,145004293.0,143424293.0,161266866.0,159510695.0,3.24,20.5,138.8,
SC,INFRAESTRUTURA,MEDIA,2010,32372617.0,32372617.0,32372617.0,32372617.0,3.4,5.0,143.0,
SC,INFRAESTRUTURA,MEDIA,2011,21990000.0,21990000.0,21816842.0,21816842.0,3.2,7.0,168.0,
SC,INFRAESTRUTURA,MEDIA,2018,84994297.1,85206562.7,56147457.0,56284960.0,2.34,18.2,159.0,
SC,INFRAESTRUTURA,MICRO,2003,281543.3,314339.4,430556.0,480710.0,1.0,6.0,24.0,
SC,INFRAESTRUTURA,MICRO,2015,17740795.0,17442383.0,13622687.0,13393544.0,1.7,16.0,96.0,
SC,INFRAESTRUTURA,PEQUENA,2012,47900000.0,46635230.4,42549441.0,41425950.0,3.32,18.0,116.4,
SE,INDUSTRIA,GRANDE,2006,122229989.0,122952906.1,163234682.0,164200118.0,1.65,24.0,60.0,10354.0
SE,INDUSTRIA,GRANDE,2011,32365742.0,25099971.2,31597524.0,24504209.0,3.21,24.0,60.0,21903.0
SE,INDUSTRIA,GRANDE,2013,39308000.0,34602834.2,34164076.0,30055217.0,2.5,15.4,48.0,20018.0
SE,INFRAESTRUTURA,GRANDE,2002,28400113.6,28487325.0,58913548.0,59094461.0,1.0,15.3,35.0,
SE,INFRAESTRUTURA,GRANDE,2003,238661000.0,241657831.1,367219260.0,371830378.0,5.0,7.0,144.0,
SE,INFRAESTRUTURA,GRANDE,2009,250481900.0,242153074.7,276581749.0,267385073.0,1.9,35.1,120.0,
SE,INFRAESTRUTURA,GRANDE,2013,65322200.0,54885796.8,56366025.0,47353345.0,2.91,3.3,70.9,
SE,INFRAESTRUTURA,GRANDE,2015,207768471.3,203005735.8,151623467.0,148147759.0,4.06,13.4,56.0,
SE,INFRAESTRUTURA,MEDIA,2002,4052159.7,1145075.0,8398035.0,2373149.0,1.0,0.0,12.0,
SE,INFRAESTRUTURA,MEDIA,2019,6500000.0,6500000.0,3855763.0,3855763.0,4.1,24.0,36.0,
SP,AGROPECUARIA,GRANDE,2003,73154000.0,71826886.5,113790508.0,111682200.0,5.0,14.6,60.9,52790.0
SP,AGROPECUARIA,GRANDE,2004,22059100.0,22027284.8,30932033.0,30884805.0,5.12,24.0,72.0,64817.0
SP,AGROPECUARIA,GRANDE,2006,113900000.0,98289978.5,149532917.0,129258059.0,2.76,34.6,77.1,81988.0
SP,AGROPECUARIA,GRANDE,2007,88686031.0,88629711.2,112632578.0,112568129.0,3.73,20.6,54.9,83495.0
SP,AGROPECUARIA,GRANDE,2009,268869873.9,265242546.7,295261897.0,291289339.0,3.25,18.0,92.6,88396.0
SP,AGROPECUARIA,GRANDE,2010,88831000.0,56913618.0,92753295.0,59822823.0,2.77,77.5,24.0,66781.0
SP,AGROPECUARIA,GRANDE,2011,29882000.0,19766746.5,29172734.0,19297572.0,2.15,84.0,24.0,83735.0
SP,AGROPECUARIA,GRANDE,2012,946979147.4,766663967.4,840008939.0,680580846.0,2.42,35.5,79.3,84896.0
SP,AGROPECUARIA,GRANDE,2013,667143073.2,577516974.5,573741710.0,496396563.0,2.86,20.9,77.4,76128.0
SP,AGROPECUARIA,GRANDE,2014,241384844.0,241384844.0,198535427.0,198535427.0,3.82,18.0,54.0,65272.0
SP,AGROPECUARIA,GRANDE,2015,120100533.0,117392822.4,94922172.0,92888529.0,3.64,34.5,54.0,71715.0
SP,AGROPECUARIA,GRANDE,2016,155056836.0,125790147.3,109274433.0,88598592.0,2.88,37.5,44.0,54677.0
SP,AGROPECUARIA,GRANDE,2017,156724662.0,156768650.5,107667493.0,107697593.0,4.21,17.0,51.0,69228.0
SP,AGROPECUARIA,GRANDE,2018,192822551.3,161469531.2,126163052.0,105537689.0,3.22,22.8,88.8,59319.0
SP,AGROPECUARIA,MEDIA,2017,49334000.0,49358560.1,33768861.0,33785672.0,3.71,24.0,54.0,53075.0
SP,AGROPECUARIA,MEDIA,2018,10000000.0,10000000.0,6793653.0,6793653.0,1.83,24.0,36.0,51208.0
SP,AGROPECUARIA,MICRO,2006,20468565.0,20524947.6,27084015.0,27158620.0,2.5,36.0,36.0,147511.0
SP,AGROPECUARIA,PEQUENA,2015,3571028.0,1038104.2,2618736.0,761271.0,3.87,87.0,36.0,68725.0
SP,INDUSTRIA,GRANDE,2002,703156975.2,734014998.4,1281615524.0,1339493572.0,3.28,19.4,55.9,505442.0
SP,INDUSTRIA,GRANDE,2003,315612076.0,314171457.7,490800397.0,488659757.0,3.64,16.1,62.8,525774.0
SP,INDUSTRIA,GRANDE,2004,276643626.4,277110254.1,389101634.0,389793623.0,4.38,15.0,57.5,621570.0
SP,INDUSTRIA,GRANDE,2005,2549801519.8,2557719509.1,3424498921.0,3435183282.0,5.11,21.7,31.6,635279.0
SP,INDUSTRIA,GRANDE,2006,2656786277.8,2503690504.7,3482420957.0,3281750935.0,2.63,21.4,61.5,707430.0
SP,INDUSTRIA,GRANDE,2007,3189346597.1,3130467818.5,3993045468.0,3920484734.0,3.2,19.1,66.4,807752.0
SP,INDUSTRIA,GRANDE,2008,4442375734.6,3885050400.5,5050306094.0,4408068278.0,2.83,18.3,73.6,843542.0
SP,INDUSTRIA,GRANDE,2009,3385919462.3,3318740621.2,3756892943.0,3682426794.0,3.09,15.3,63.9,826559.0
SP,INDUSTRIA,GRANDE,2010,2555657017.7,2540039461.7,2724112426.0,2708023512.0,3.13,17.1,54.7,920209.0
SP,INDUSTRIA,GRANDE,2011,4639900849.9,4488573827.8,4498715347.0,4350856255.0,3.5,20.6,76.1,951255.0
SP,INDUSTRIA,GRANDE,2012,2022904097.4,1955121088.8,1840045801.0,1777063178.0,2.71,21.8,68.2,933411.0
SP,INDUSTRIA,GRANDE,2013,5051360083.2,4816340184.7,4280838252.0,4081422039.0,2.74,20.0,81.8,941342.0
SP,INDUSTRIA,GRANDE,2014,2863354901.3,2693572109.4,2354253254.0,2216542509.0,3.13,21.7,57.9,899721.0
SP,INDUSTRIA,GRANDE,2015,748872850.0,627697975.6,576520742.0,483412783.0,2.75,22.4,57.9,809950.0
SP,INDUSTRIA,GRANDE,2016,660371164.2,610944447.3,460974671.0,426192533.0,2.41,20.4,59.0,749834.0
SP,INDUSTRIA,GRANDE,2017,518127305.9,338564917.9,358014881.0,234136969.0,2.76,20.5,66.9,737504.0
SP,INDUSTRIA,GRANDE,2018,2865743496.4,2335989427.6,1859836301.0,1517529045.0,3.0,24.6,91.4,734995.0
SP,INDUSTRIA,GRANDE,2019,528798440.0,306235720.0,322765256.0,187578015.0,3.05,27.7,77.8,741404.0
SP,INDUSTRIA,GRANDE,2020,902872190.4,684701865.2,527706980.0,399764124.0,2.38,30.1,75.8,
SP,INDUSTRIA,MEDIA,2002,29003231.9,30501814.2,54789197.0,57617708.0,3.1,24.0,45.0,597328.0
SP,INDUSTRIA,MEDIA,2004,19104278.1,19136430.5,26225016.0,26269095.0,4.5,12.0,52.0,655260.0
SP,INDUSTRIA,MEDIA,2005,53740414.0,43172443.7,72573530.0,58220644.0,5.72,15.3,44.0,683641.0
SP,INDUSTRIA,MEDIA,2006,19490000.0,19673381.7,25818447.0,26058803.0,2.8,12.6,64.2,728791.0
SP,INDUSTRIA,MEDIA,2007,9830000.0,9844318.2,12227888.0,12245699.0,6.3,24.0,84.0,773811.0
SP,INDUSTRIA,MEDIA,2009,31202320.5,29703741.5,34512498.0,32852353.0,2.32,22.0,67.0,780248.0
SP,INDUSTRIA,MEDIA,2011,46113246.0,46113246.0,44322755.0,44322755.0,3.26,28.8,88.8,834259.0
SP,INDUSTRIA,MEDIA,2012,9998746.0,9998746.0,9097853.0,9097852.0,2.45,52.0,144.0,833443.0
SP,INDUSTRIA,MEDIA,2013,38958469.5,33124500.0,33696217.0,28652314.0,3.04,24.0,73.5,845762.0
SP,INDUSTRIA,MEDIA,2014,16186000.0,12507000.0,13271854.0,10266523.0,3.46,26.0,49.7,820152.0
SP,INDUSTRIA,MEDIA,2015,22191190.0,15962565.1,16955294.0,12185829.0,2.81,21.4,74.6,745894.0
SP,INDUSTRIA,MEDIA,2016,14583470.0,13938899.4,10195186.0,9753910.0,1.6,22.8,51.6,705450.0
SP,INDUSTRIA,MEDIA,2017,52632000.0,52674593.1,36114055.0,36142533.0,3.12,22.2,53.5,695107.0
SP,INDUSTRIA,MEDIA,2018,308550748.6,281644422.5,196484916.0,179428164.0,3.03,22.4,75.4,692717.0
SP,INDUSTRIA,MEDIA,2019,164218048.0,130992615.9,100856776.0,80604929.0,3.22,26.5,96.7,703532.0
SP,INDUSTRIA,MEDIA,2020,53137864.0,32872264.0,29438322.0,17977324.0,4.38,24.0,100.8,
SP,INDUSTRIA,MICRO,2015,1962000.0,1962000.0,1488345.0,1488345.0,6.5,30.0,78.0,439741.0
SP,INDUSTRIA,MICRO,2016,36586000.0,37194257.1,26062882.0,26496187.0,1.4,38.0,84.0,425137.0
SP,INDUSTRIA,MICRO,2018,32414000.0,23500000.0,20632189.0,14958242.0,1.15,36.0,144.0,410132.0
SP,INDUSTRIA,PEQUENA,2006,3000000.0,3011160.9,3943540.0,3958211.0,1.0,15.0,84.0,640188.0
SP,INDUSTRIA,PEQUENA,2007,2957485.0,2961885.8,3809454.0,3815123.0,3.5,0.0,73.0,671909.0
SP,INDUSTRIA,PEQUENA,2008,500000.0,500105.5,548447.0,548562.0,1.0,24.0,72.0,699427.0
SP,INDUSTRIA,PEQUENA,2009,5585100.0,5085439.9,6205786.0,5647827.0,2.33,28.0,68.0,689768.0
SP,INDUSTRIA,PEQUENA,2010,5793960.0,5732158.7,5973383.0,5911154.0,1.0,26.0,76.0,727096.0
SP,INDUSTRIA,PEQUENA,2011,1630000.0,1630000.0,1591311.0,1591311.0,3.5,24.0,72.0,733721.0
SP,INDUSTRIA,PEQUENA,2012,4433400.0,4433400.0,4115028.0,4115028.0,2.75,30.0,84.0,734675.0
SP,INDUSTRIA,PEQUENA,2013,5966000.0,5967368.2,5101766.0,5102921.0,1.12,31.5,78.0,724461.0
SP,INDUSTRIA,PEQUENA,2014,8011363.0,5742000.0,6538682.0,4682450.0,4.0,30.0,74.4,700346.0
SP,INDUSTRIA,PEQUENA,2015,2900000.0,1900000.0,2126652.0,1393324.0,6.5,18.0,60.0,647954.0
SP,INFRAESTRUTURA,GRANDE,2002,4422571464.3,4439845320.0,8850014983.0,8898524375.0,2.75,26.9,76.7,
SP,INFRAESTRUTURA,GRANDE,2003,1175252018.5,1214505672.4,1816319256.0,1876759436.0,3.94,18.1,69.6,
SP,INFRAESTRUTURA,GRANDE,2004,1113909691.8,1176041239.2,1594667247.0,1684358826.0,4.2,15.0,92.8,
SP,INFRAESTRUTURA,GRANDE,2005,2567300489.2,2495780103.6,3458780800.0,3362113395.0,4.6,18.1,65.0,
SP,INFRAESTRUTURA,GRANDE,2006,1496610749.6,1377824744.3,1949182748.0,1794680620.0,3.9,17.4,70.4,
SP,INFRAESTRUTURA,GRANDE,2007,3732134222.8,3554849127.4,4621722606.0,4401332863.0,2.38,19.4,80.8,
SP,INFRAESTRUTURA,GRANDE,2008,3863644044.5,3631652376.0,4371169273.0,4114008751.0,2.52,22.4,95.2,
SP,INFRAESTRUTURA,GRANDE,2009,4740555742.0,4426346345.1,5259406415.0,4909802166.0,3.6,15.0,98.8,
SP,INFRAESTRUTURA,GRANDE,2010,6663436458.6,6787996620.7,6899069582.0,7027926342.0,3.15,19.5,106.3,
SP,INFRAESTRUTURA,GRANDE,2011,4018449090.1,3896611860.4,3892659913.0,3776197909.0,3.27,17.3,98.0,
SP,INFRAESTRUTURA,GRANDE,2012,5384295908.7,4870454273.4,4792969584.0,4331198817.0,2.06,19.4,80.3,
SP,INFRAESTRUTURA,GRANDE,2013,6931081677.3,5722213809.0,5936602243.0,4897074847.0,2.3,26.4,107.3,
SP,INFRAESTRUTURA,GRANDE,2014,10363866138.1,8902745840.2,8473567867.0,7284012282.0,3.15,16.0,103.1,
SP,INFRAESTRUTURA,GRANDE,2015,5935008016.9,5329192295.2,4636935540.0,4172347452.0,3.13,14.4,118.5,
SP,INFRAESTRUTURA,GRANDE,2016,110000000.0,117709714.0,77962049.0,83426277.0,3.55,15.0,117.5,
SP,INFRAESTRUTURA,GRANDE,2017,1930592926.3,1646236885.0,1339065174.0,1141102337.0,2.85,8.9,125.5,
SP,INFRAESTRUTURA,GRANDE,2018,5023215128.0,3519122030.0,3204052282.0,2245157714.0,3.2,22.9,120.0,
SP,INFRAESTRUTURA,GRANDE,2019,1500387427.4,1154112616.2,896138384.0,688682405.0,2.82,27.1,113.1,
SP,INFRAESTRUTURA,GRANDE,2020,1994248772.0,732868272.0,1153353260.0,423369749.0,2.5,46.8,109.2,
SP,INFRAESTRUTURA,MEDIA,2002,29856156.0,31585266.8,60890835.0,64372915.0,2.0,14.3,42.0,
SP,INFRAESTRUTURA,MEDIA,2003,828600.0,751845.5,1281189.0,1162511.0,5.25,3.0,42.0,
SP,INFRAESTRUTURA,MEDIA,2005,154042156.6,153831908.7,206058251.0,205778276.0,4.63,25.7,85.9,
SP,INFRAESTRUTURA,MEDIA,2009,72482890.0,72492668.2,80295798.0,80306630.0,1.4,13.0,168.0,
SP,INFRAESTRUTURA,MEDIA,2018,17000000.0,17026071.9,11540766.0,11558465.0,2.1,12.0,48.0,
SP,INFRAESTRUTURA,MEDIA,2020,2653720344.2,2653720344.2,1475124061.0,1475124061.0,2.8,0.0,54.0,
SP,INFRAESTRUTURA,MICRO,2002,14127174.2,6257683.0,28877493.0,12791390.0,3.5,0.0,12.0,
TO,AGROPECUARIA,GRANDE,2011,11494000.0,11494000.0,11156409.0,11156409.0,2.45,84.0,84.0,
TO,INDUSTRIA,GRANDE,2009,161003000.0,158723698.5,178357463.0,175832476.0,2.28,24.0,60.0,2818.0
TO,INDUSTRIA,GRANDE,2011,221555475.0,223451038.5,212044054.0,213854235.0,3.43,38.3,53.7,4062.0
TO,INDUSTRIA,GRANDE,2013,45000000.0,46017626.0,39325614.0,40214920.0,4.88,30.8,56.2,5842.0
TO,INFRAESTRUTURA,GRANDE,2004,586250000.0,595390894.4,851159952.0,864431359.0,4.5,38.0,53.5,
TO,INFRAESTRUTURA,GRANDE,2007,266074130.0,266686830.1,340652988.0,341437424.0,2.98,28.0,168.0,
TO,INFRAESTRUTURA,GRANDE,2008,2267473700.0,2270586744.2,2660837082.0,2664490180.0,1.8,41.4,192.0,
TO,INFRAESTRUTURA,GRANDE,2010,693353000.0,692261399.9,698151521.0,697052366.0,1.23,18.0,173.2,
TO,INFRAESTRUTURA,GRANDE,2011,34192000.0,34122000.0,33149447.0,33081582.0,0.86,12.0,139.5,
TO,INFRAESTRUTURA,GRANDE,2014,18976000.0,16049428.2,15628697.0,13218362.0,1.76,4.0,72.0,
TO,INFRAESTRUTURA,GRANDE,2015,181132413.3,175096103.3,132185235.0,127780109.0,4.08,14.0,56.0,
TO,INFRAESTRUTURA,MEDIA,2002,6042311.6,6038798.6,12534246.0,12526959.0,1.0,3.0,7.5,
TO,INFRAESTRUTURA,MEDIA,2003,1404139.3,1576560.4,2147307.0,2410986.0,1.0,6.0,24.0,
