uf,setor_bndes,ano,valor_contratado_reais,valor_desembolsado_reais,media_juros,media_prazo_carencia_meses,media_prazo_amortizacao_meses,valor_contratado_ajustado,valor_desembolsado_ajustado,pib,emissao_co2,num_empregados
AC,INDUSTRIA,2002,605515.2,612000.0,4.0,18.0,66.0,1195596.0,1208401.0,674487984.0,0.0,4177.0
AC,INDUSTRIA,2005,25059451.9,25712810.3,3.5,18.0,102.0,33504343.0,34377879.0,598244130.0,0.0,5122.0
AC,INDUSTRIA,2008,55073532.0,51807339.7,2.0,30.0,90.0,64184654.0,60378117.0,681922808.0,0.0,6731.0
AC,INFRAESTRUTURA,2004,11000000.0,0.0,4.0,18.0,96.0,15970592.0,0.0,,,
AC,INFRAESTRUTURA,2007,32048964.0,32110602.6,2.0,24.0,96.0,40890361.0,40969004.0,,,
AC,INFRAESTRUTURA,2008,60759000.0,60936725.7,2.0,30.0,162.0,70810700.0,71017828.0,,,
AC,INFRAESTRUTURA,2020,99146000.0,0.0,3.22,12.0,153.0,47761606.0,0.0,,,
AL,AGROPECUARIA,2014,12350000.0,12350000.0,2.0,36.0,84.0,9962536.0,9962536.0,3044846175.0,4096884.3,8886.0
AL,INDUSTRIA,2010,524711000.0,515924907.5,2.33,28.3,76.3,524711000.0,515924908.0,4708284786.0,242707.0,110487.0
AL,INDUSTRIA,2011,85272847.0,85609704.5,2.43,21.0,78.0,82618512.0,82942843.0,6010281704.0,254230.2,112755.0
AL,INDUSTRIA,2013,310544000.0,310503000.0,2.58,16.5,78.5,271373073.0,271337245.0,4713670123.0,294581.9,98978.0
AL,INDUSTRIA,2014,33232000.0,28004096.8,3.91,16.3,91.7,26807695.0,22590433.0,4385624670.0,299536.9,91221.0
AL,INDUSTRIA,2015,25678000.0,24444242.6,4.44,12.0,72.0,18739068.0,17838707.0,4409744082.0,210353.4,86048.0
AL,INFRAESTRUTURA,2002,51475000.0,52744954.6,2.9,30.0,120.0,106844365.0,109480353.0,,,
AL,INFRAESTRUTURA,2003,91383653.3,98025890.9,1.0,10.0,24.0,141298258.0,151568548.0,,,
AL,INFRAESTRUTURA,2005,12216000.0,11922045.2,2.75,9.0,72.0,16484794.0,16088120.0,,,
AL,INFRAESTRUTURA,2010,2363755.5,2277454.5,3.2,3.0,60.0,2438922.0,2349877.0,,,
AL,INFRAESTRUTURA,2019,284845600.0,200000000.0,2.21,18.0,220.0,168968820.0,118638883.0,,,
AL,INFRAESTRUTURA,2020,491429000.0,0.0,2.26,42.0,197.0,283604565.0,0.0,,,
AM,INDUSTRIA,2002,35894000.8,35868918.2,3.33,16.0,56.0,74503579.0,74451516.0,14761990752.0,233222.7,66444.0
AM,INDUSTRIA,2005,85044899.0,85349534.2,5.33,12.0,12.0,114116322.0,114525124.0,17595737515.0,232446.0,105069.0
AM,INDUSTRIA,2006,63000000.0,63087644.8,4.0,12.0,24.0,84451294.0,84568781.0,19981697365.0,233654.6,108473.0
AM,INDUSTRIA,2008,18368000.0,18376613.3,3.8,18.0,18.0,21406721.0,21416759.0,18769937258.0,281970.1,119739.0
AM,INDUSTRIA,2010,84100000.0,84100000.0,2.18,24.0,66.0,90400518.0,90400518.0,21495795175.0,261072.1,125994.0
AM,INDUSTRIA,2012,30313000.0,29200000.0,2.42,16.0,64.0,26751436.0,25769206.0,19592774500.0,282678.1,139305.0
AM,INDUSTRIA,2013,228266810.0,224418713.1,2.13,15.4,54.9,196508960.0,193233868.0,20222782091.0,277978.1,148817.0
AM,INDUSTRIA,2014,70600000.0,70600388.3,1.07,24.0,60.0,58146395.0,58146715.0,18283808665.0,229952.7,140466.0
AM,INFRAESTRUTURA,2002,52882308.9,55946797.8,5.21,18.6,178.8,100489285.0,106445784.0,,,
AM,INFRAESTRUTURA,2004,65983096.6,46888826.9,5.08,22.5,180.0,92156161.0,65487904.0,,,
AM,INFRAESTRUTURA,2005,803915427.4,803717531.9,4.2,16.5,135.2,1080561316.0,1080296731.0,,,
AM,INFRAESTRUTURA,2006,15312440.7,15249808.5,3.7,12.0,180.0,20186570.0,20104001.0,,,
AM,INFRAESTRUTURA,2007,2489500000.0,2491252385.3,1.96,38.0,46.0,2990873736.0,2992979044.0,,,
AM,INFRAESTRUTURA,2008,400000000.0,400912120.3,3.0,36.0,84.0,458797938.0,459844135.0,,,
AM,INFRAESTRUTURA,2009,80000000.0,80070152.3,3.41,18.0,126.0,87853275.0,87930321.0,,,
AM,INFRAESTRUTURA,2010,879428000.0,879428000.0,2.38,11.0,65.0,954036883.0,954036883.0,,,
AM,INFRAESTRUTURA,2012,237378794.0,214979235.1,2.5,30.0,92.8,215327733.0,195430265.0,,,
AM,INFRAESTRUTURA,2013,35011000.0,29126164.5,3.28,6.0,136.0,29283742.0,24361574.0,,,
AM,INFRAESTRUTURA,2014,178864100.0,179939157.6,2.75,24.0,124.8,145182379.0,146054993.0,,,
AM,INFRAESTRUTURA,2018,30000000.0,30000000.0,2.25,24.0,36.0,19387242.0,19387242.0,,,
AM,INFRAESTRUTURA,2019,51337615.8,21243347.5,3.38,36.0,180.0,31392337.0,12990052.0,,,
AM,INFRAESTRUTURA,2020,77059656.9,0.0,2.97,24.0,216.0,43789463.0,0.0,,,
AP,INDUSTRIA,2007,431535057.7,425270038.7,4.23,30.0,66.0,536801874.0,529008593.0,624305588.0,0.0,5651.0
AP,INFRAESTRUTURA,2007,90372825.6,73601006.5,3.9,30.0,66.0,112417986.0,91554921.0,,,
AP,INFRAESTRUTURA,2012,653221104.8,630208798.4,2.93,12.1,187.8,577569615.0,557122726.0,,,
AP,INFRAESTRUTURA,2014,504100000.0,491547589.7,1.41,34.0,184.0,409173429.0,398984751.0,,,
AP,INFRAESTRUTURA,2018,242185.4,0.0,8.5,3.0,54.0,164412.0,0.0,,,
BA,AGROPECUARIA,2002,51260301.9,48498157.7,8.44,38.2,79.5,104510453.0,99305043.0,12561355724.0,56655808.5,67210.0
BA,AGROPECUARIA,2003,2380024.0,2418273.4,4.0,36.0,72.0,3751902.0,3812199.0,12674225723.0,59066829.1,72086.0
BA,AGROPECUARIA,2005,6187444.3,6200000.0,3.5,24.0,60.0,8289264.0,8306085.0,11122590340.0,54872313.5,84369.0
BA,AGROPECUARIA,2012,400684000.0,301499822.4,2.26,84.0,24.0,362101088.0,271736967.0,10929642743.0,56516396.1,89652.0
BA,INDUSTRIA,2002,312996029.0,338064879.9,2.62,19.7,63.7,617292046.0,667158111.0,22508051979.0,1075607.9,142462.0
BA,INDUSTRIA,2003,16478038.5,16633246.6,4.07,18.0,69.4,25706758.0,25942694.0,23341294693.0,1324686.7,151674.0
BA,INDUSTRIA,2004,1607872876.2,1583892605.5,2.66,38.4,60.6,2424435480.0,2388232003.0,26528210116.0,1330852.1,166463.0
BA,INDUSTRIA,2005,781357926.8,765298594.0,3.73,18.5,54.0,1044206394.0,1022742176.0,28788922854.0,1458906.1,178273.0
BA,INDUSTRIA,2006,1825014037.1,1795863038.8,2.09,54.9,54.5,2427703460.0,2389279595.0,27863970820.0,1343634.7,197037.0
BA,INDUSTRIA,2007,487276772.0,470070526.5,1.59,17.1,58.3,606737886.0,585639312.0,28374185035.0,1474039.3,215882.0
BA,INDUSTRIA,2008,722790855.8,779664874.7,3.8,13.8,43.2,823934201.0,886515363.0,30071695855.0,1555923.4,224140.0
BA,INDUSTRIA,2009,226265637.0,180875855.8,2.62,15.0,73.5,250631276.0,200363929.0,32827594700.0,1235557.8,238084.0
BA,INDUSTRIA,2010,176457301.7,161663313.9,2.73,16.0,61.2,190124810.0,174036215.0,36739895073.0,1438893.5,255774.0
BA,INDUSTRIA,2012,2448873779.5,2594976516.2,2.38,20.2,63.9,2191952906.0,2322113254.0,30055663851.0,1347484.7,265741.0
BA,INDUSTRIA,2013,979994000.2,843391154.2,2.48,18.5,56.4,837372482.0,720942390.0,29015289594.0,1432394.4,267665.0
BA,INDUSTRIA,2014,356432485.0,320593139.2,3.21,27.5,47.2,289232833.0,260085685.0,30350637698.0,1540158.1,267516.0
BA,INDUSTRIA,2015,219847724.2,155189042.5,3.18,26.0,55.0,174756210.0,123248251.0,32759140355.0,1533505.4,257770.0
BA,INDUSTRIA,2016,19340000.0,9329957.4,2.26,84.0,24.0,13303202.0,6417699.0,34325906693.0,1384213.0,247766.0
BA,INDUSTRIA,2017,251292000.0,183010619.8,2.1,48.0,42.0,174208319.0,126652201.0,32432703576.0,1392331.4,248991.0
BA,INDUSTRIA,2018,10427200.0,5026000.0,3.53,24.0,72.0,6738488.0,3248009.0,,1411656.3,255229.0
BA,INFRAESTRUTURA,2002,736759637.5,746143638.9,2.38,22.2,82.8,1378810674.0,1398022557.0,,,
BA,INFRAESTRUTURA,2003,351748214.4,352026670.0,2.71,15.9,114.1,552951479.0,553368475.0,,,
BA,INFRAESTRUTURA,2005,202313123.0,171262913.1,4.42,4.8,80.0,272869980.0,230837630.0,,,
BA,INFRAESTRUTURA,2006,1460297690.8,1321344274.4,3.9,11.8,35.4,1891792811.0,1711909811.0,,,
BA,INFRAESTRUTURA,2007,4513811638.1,4509197224.2,2.52,13.5,66.0,5423032356.0,5417488727.0,,,
BA,INFRAESTRUTURA,2008,36401111.0,36343097.8,3.13,27.3,151.3,43020041.0,42942774.0,,,
BA,INFRAESTRUTURA,2009,516107480.6,484837204.4,2.43,20.5,125.0,571224563.0,536593280.0,,,
BA,INFRAESTRUTURA,2010,444240000.0,434929999.9,2.92,14.5,30.5,447554122.0,438044081.0,,,
BA,INFRAESTRUTURA,2011,1596905343.0,1577555342.2,1.88,20.7,162.2,1546638616.0,1527747900.0,,,
BA,INFRAESTRUTURA,2012,2314834545.8,1877547452.9,2.74,19.4,109.6,2060308181.0,1673876317.0,,,
BA,INFRAESTRUTURA,2013,2116724500.0,1861496542.4,3.42,22.1,78.1,1840909364.0,1618453582.0,,,
BA,INFRAESTRUTURA,2014,2394120132.9,1813205276.1,2.68,14.2,176.0,1946313796.0,1474783438.0,,,
BA,INFRAESTRUTURA,2015,3448833450.9,3459098268.8,2.13,8.3,194.4,2555214543.0,2562708615.0,,,
BA,INFRAESTRUTURA,2016,572016333.3,566852907.4,2.74,11.3,185.9,393989854.0,390422625.0,,,
BA,INFRAESTRUTURA,2017,4086530246.0,4027325788.4,2.27,17.5,189.0,2818047457.0,2776673906.0,,,
BA,INFRAESTRUTURA,2018,3402873613.5,2454109486.5,2.16,12.9,169.3,2215906436.0,1609296314.0,,,
BA,INFRAESTRUTURA,2019,2314519563.2,2305761642.1,2.53,4.6,176.2,1420644079.0,1415359519.0,,,
BA,INFRAESTRUTURA,2020,3749733000.0,1190958801.9,2.35,17.4,216.6,2004357196.0,664080825.0,,,
CE,AGROPECUARIA,2002,2149851.0,2194069.8,4.0,18.0,78.0,3900419.0,3980644.0,3581175244.0,30778625.9,16148.0
CE,AGROPECUARIA,2017,28726923.1,28750686.4,4.32,24.0,36.0,20093888.0,20110510.0,4583313238.0,9055321.4,23330.0
CE,INDUSTRIA,2002,76515864.6,80607377.0,5.33,13.4,23.0,150588527.0,158344225.0,10774651871.0,542986.8,164373.0
CE,INDUSTRIA,2003,8313000.0,8354879.0,6.0,14.3,45.7,13203784.0,13270303.0,10144264905.0,458632.2,173093.0
CE,INDUSTRIA,2004,35000000.0,35044060.0,3.5,12.0,12.0,47964427.0,48024807.0,11526821614.0,488368.5,185844.0
CE,INDUSTRIA,2005,77965000.0,78215753.2,5.33,12.0,12.0,104435361.0,104771314.0,11141282405.0,534959.5,190027.0
CE,INDUSTRIA,2006,2549763.9,2497572.0,2.53,18.0,48.0,3403583.0,3333914.0,11854859695.0,545439.8,205879.0
CE,INDUSTRIA,2007,133991277.7,134075584.2,1.95,15.6,57.6,161875285.0,161974165.0,12052018616.0,601525.2,217373.0
CE,INDUSTRIA,2009,70000000.0,70000000.0,3.5,12.0,24.0,77926200.0,77926200.0,14208540414.0,649849.8,246438.0
CE,INDUSTRIA,2010,16570000.0,2900000.0,1.88,18.0,66.0,18117310.0,3170802.0,15177895746.0,670865.3,261198.0
CE,INDUSTRIA,2012,11050000.0,10225000.0,1.82,18.0,52.0,9912854.0,9172753.0,15233686655.0,769172.5,268323.0
CE,INDUSTRIA,2014,233440000.0,168371651.6,2.62,25.0,68.5,188659463.0,136048933.0,15653413104.0,996455.7,276950.0
CE,INDUSTRIA,2015,2319930868.9,2422762830.0,1.55,21.3,124.0,1813107459.0,1893474249.0,15375087768.0,1067543.5,260682.0
CE,INDUSTRIA,2016,12165000.0,3649500.0,3.2,24.0,60.0,8777861.0,2633358.0,14833948440.0,1036862.6,244056.0
CE,INDUSTRIA,2017,115607000.0,112905611.7,3.06,14.6,58.3,80834084.0,78951998.0,13585657365.0,1011718.0,237776.0
CE,INDUSTRIA,2020,2433900.0,2433900.0,1.34,24.0,36.0,1179098.0,1179098.0,,,
CE,INDUSTRIA,2021,1609000.0,0.0,1.34,24.0,36.0,738381.0,0.0,,,
CE,INFRAESTRUTURA,2002,329733124.2,346251944.2,2.0,32.4,67.8,681920390.0,715970611.0,,,
CE,INFRAESTRUTURA,2003,158587000.0,234909090.4,5.14,13.0,25.9,251888441.0,373113085.0,,,
CE,INFRAESTRUTURA,2004,83525000.0,80030830.2,5.5,12.0,42.0,122852419.0,117713034.0,,,
CE,INFRAESTRUTURA,2005,144045020.0,137152219.2,1.5,34.0,114.0,193603665.0,184339397.0,,,
CE,INFRAESTRUTURA,2006,88564138.0,84601014.6,2.0,27.0,93.0,117395087.0,112141819.0,,,
CE,INFRAESTRUTURA,2008,402233927.5,359282059.0,3.41,20.0,104.6,461226599.0,411171172.0,,,
CE,INFRAESTRUTURA,2009,1944378024.0,1937305977.2,2.33,21.9,142.5,2159735969.0,2151863402.0,,,
CE,INFRAESTRUTURA,2010,1034258056.9,1015925971.0,2.56,26.1,101.6,1064584735.0,1045926744.0,,,
CE,INFRAESTRUTURA,2011,480101000.0,456771035.2,3.56,17.3,161.9,468705541.0,445929323.0,,,
CE,INFRAESTRUTURA,2012,549567800.0,549567799.7,2.08,15.5,118.5,494803908.0,494803908.0,,,
CE,INFRAESTRUTURA,2013,397900248.1,372277642.6,1.62,8.1,151.8,345118132.0,322877077.0,,,
CE,INFRAESTRUTURA,2014,2550522410.9,1802780585.4,1.93,7.8,184.5,2098489464.0,1483775014.0,,,
CE,INFRAESTRUTURA,2015,1087122854.0,1043384800.8,3.16,11.7,146.8,810710818.0,777851678.0,,,
CE,INFRAESTRUTURA,2016,834385000.0,803880687.3,1.89,11.2,190.8,578466834.0,557403858.0,,,
CE,INFRAESTRUTURA,2017,791225000.0,791060223.1,2.43,3.7,190.9,537261312.0,537149429.0,,,
CE,INFRAESTRUTURA,2018,26800000.0,26818636.4,3.0,18.0,42.0,17660157.0,17672729.0,,,
CE,INFRAESTRUTURA,2019,205226572.0,152636269.0,2.02,3.4,161.4,123803743.0,91889835.0,,,
DF,AGROPECUARIA,2010,30000000.0,30000000.0,5.54,12.0,24.0,32494407.0,32494407.0,327804575.0,583148.4,6570.0
DF,INDUSTRIA,2005,25000000.0,25164732.9,9.0,12.0,12.0,33877799.0,34101031.0,7773817003.0,860828.8,35223.0
DF,INDUSTRIA,2018,34909000.0,20000000.0,1.55,24.0,1.0,22402840.0,12834994.0,,910240.7,44363.0
DF,INFRAESTRUTURA,2002,310334000.0,300747069.0,6.5,0.0,62.6,535252455.0,518717274.0,,,
DF,INFRAESTRUTURA,2004,1885585592.1,1850161376.9,4.28,16.7,107.3,2678093199.0,2627715004.0,,,
DF,INFRAESTRUTURA,2006,1954335625.0,1962156022.3,3.97,30.0,60.0,2537994054.0,2548149998.0,,,
DF,INFRAESTRUTURA,2009,260318000.0,257304983.2,1.9,30.0,162.0,289637367.0,286284997.0,,,
DF,INFRAESTRUTURA,2013,799152640.6,795375217.3,2.08,12.0,57.8,702881639.0,699559268.0,,,
DF,INFRAESTRUTURA,2014,1035403151.6,875950064.2,3.71,33.0,129.6,857903863.0,725682633.0,,,
DF,INFRAESTRUTURA,2017,150000000.0,150000000.0,3.14,26.0,166.0,102674205.0,102674205.0,,,
ES,AGROPECUARIA,2010,6176000.0,6101862.4,4.1,22.5,67.5,6505568.0,6427475.0,2243197189.0,7587269.5,29475.0
ES,INDUSTRIA,2003,121234541.2,123331593.9,4.08,14.3,64.0,187453979.0,190696462.0,15500106258.0,5785184.4,95637.0
ES,INDUSTRIA,2005,84231288.4,84438957.8,3.93,34.4,25.9,113190997.0,113470066.0,20318169116.0,5550614.5,114186.0
ES,INDUSTRIA,2006,971242621.5,969656070.8,1.53,29.3,98.0,1261302290.0,1259241920.0,22627303844.0,5716187.0,122875.0
ES,INDUSTRIA,2007,63981000.0,63493747.8,1.9,12.0,57.6,80262236.0,79652050.0,23778369842.0,8034710.6,126389.0
ES,INDUSTRIA,2008,958727089.3,835285740.4,2.41,33.0,83.0,1049648369.0,914592151.0,25887972073.0,5938958.2,130824.0
ES,INDUSTRIA,2009,113767000.0,92173302.5,4.5,26.6,61.7,126452052.0,102450652.0,19436757117.0,7481569.6,134680.0
ES,INDUSTRIA,2010,315491939.0,279092452.7,2.48,25.6,52.9,336005991.0,297352067.0,26949550397.0,8184442.7,139099.0
ES,INDUSTRIA,2012,43507000.0,34905000.0,4.0,15.0,60.0,39149260.0,31359991.0,35017542479.0,7620945.3,147407.0
ES,INDUSTRIA,2013,127202585.0,116321584.9,4.74,11.5,58.0,109050379.0,99637027.0,31448377706.0,8386841.7,149596.0
ES,INDUSTRIA,2014,24900000.0,23073000.0,6.0,6.0,60.0,20466770.0,18965052.0,31508920313.0,8314952.0,152288.0
ES,INDUSTRIA,2018,10000000.0,10016855.0,5.07,12.0,48.0,6793653.0,6805104.0,,10720190.8,133304.0
ES,INFRAESTRUTURA,2002,229341428.5,236496200.7,2.17,18.6,59.2,475748707.0,490590654.0,,,
ES,INFRAESTRUTURA,2003,42714463.2,46512713.7,1.0,9.0,24.0,65321918.0,71130466.0,,,
ES,INFRAESTRUTURA,2004,14392336.0,10416459.6,3.5,24.0,72.0,20346098.0,14725498.0,,,
ES,INFRAESTRUTURA,2005,901000000.0,908997739.5,3.35,26.0,42.5,1211710061.0,1222481955.0,,,
ES,INFRAESTRUTURA,2006,282712600.0,286015344.4,3.72,28.8,128.0,378591513.0,383018398.0,,,
ES,INFRAESTRUTURA,2007,50965164.0,48611021.5,2.87,12.0,80.0,61229311.0,58401055.0,,,
ES,INFRAESTRUTURA,2008,242539418.7,125746168.0,2.6,32.8,104.6,272842901.0,144129806.0,,,
ES,INFRAESTRUTURA,2009,727537362.4,658377297.1,3.25,24.6,117.7,809220364.0,732244689.0,,,
ES,INFRAESTRUTURA,2010,199577364.0,154044977.0,2.78,25.8,111.2,210227367.0,162265244.0,,,
ES,INFRAESTRUTURA,2011,98821991.0,41817766.9,2.17,18.1,72.0,93951566.0,39758281.0,,,
ES,INFRAESTRUTURA,2012,57162600.0,57042698.6,2.51,48.0,102.0,53057624.0,52946334.0,,,
ES,INFRAESTRUTURA,2014,270924000.0,249592720.0,3.03,20.0,73.2,218549818.0,201342233.0,,,
ES,INFRAESTRUTURA,2017,354078000.0,174101000.0,2.96,13.3,50.0,246280009.0,121096469.0,,,
ES,INFRAESTRUTURA,2018,404898593.0,120981516.8,2.33,39.0,195.0,257057974.0,76457730.0,,,
ES,INFRAESTRUTURA,2020,570580500.0,32676334.2,3.05,52.3,206.7,329734948.0,18463673.0,,,
GO,AGROPECUARIA,2002,15159610.0,16151360.7,4.5,18.0,60.0,27503687.0,29302994.0,9596387350.0,76684028.1,48155.0
GO,AGROPECUARIA,2007,13190000.0,13238144.6,2.78,84.0,84.0,16989672.0,17051685.0,7301351412.0,63339654.5,68832.0
GO,AGROPECUARIA,2010,29464800.0,29395173.0,3.19,24.0,56.0,31914707.0,31839291.0,10376549298.0,67392756.7,81696.0
GO,AGROPECUARIA,2013,63560000.0,63560000.0,3.64,18.0,54.0,55545244.0,55545244.0,13081509381.0,70150781.1,89977.0
GO,AGROPECUARIA,2020,164612457.4,46501457.4,2.51,36.0,153.6,82601834.0,25704218.0,,,
GO,AGROPECUARIA,2021,15132000.0,0.0,2.09,36.0,156.0,6733503.0,0.0,,,
GO,INDUSTRIA,2002,8603000.0,8740656.8,4.33,10.0,52.0,17758643.0,18043582.0,16598442379.0,269929.7,124302.0
GO,INDUSTRIA,2003,19351572.0,18443128.6,3.55,6.0,72.0,29921580.0,28516937.0,16801344045.0,241248.0,130284.0
GO,INDUSTRIA,2004,79655109.1,81210485.1,6.42,18.0,62.0,114079541.0,116307101.0,18689254741.0,264102.6,145629.0
GO,INDUSTRIA,2005,376651706.0,369891843.4,3.08,15.1,59.6,507014372.0,498057551.0,18868590198.0,292503.8,155351.0
GO,INDUSTRIA,2006,391481168.2,390215267.2,2.51,23.0,64.6,517814870.0,516159174.0,19853703296.0,282301.9,173567.0
GO,INDUSTRIA,2007,1194858300.0,1059218291.0,2.86,23.5,81.5,1483959860.0,1317209806.0,22786206886.0,307413.4,192444.0
GO,INDUSTRIA,2008,2303716404.2,2214212497.9,3.61,12.9,79.2,2552563073.0,2453128987.0,23446549099.0,382258.4,200984.0
GO,INDUSTRIA,2009,1627631001.4,1579028153.8,3.95,36.3,83.9,1795443507.0,1741119427.0,24710793179.0,422567.9,204695.0
GO,INDUSTRIA,2010,491050131.7,392631247.9,3.99,17.8,59.5,534872736.0,428366832.0,26426091170.0,476771.7,221289.0
GO,INDUSTRIA,2011,363008213.0,297614862.8,2.68,24.9,68.3,345667155.0,283502678.0,26143697450.0,501258.5,242141.0
GO,INDUSTRIA,2012,340983756.0,223750567.2,4.51,25.0,57.1,305645643.0,201532548.0,27158039827.0,575799.0,255958.0
GO,INDUSTRIA,2013,324035391.0,163749472.6,3.43,14.2,63.2,273819192.0,139757286.0,27426391486.0,594164.1,268777.0
GO,INDUSTRIA,2014,315511279.3,297654227.2,4.24,16.0,61.1,256354315.0,241908939.0,25688475298.0,582407.9,271911.0
GO,INDUSTRIA,2015,279800000.0,278726791.5,4.37,10.3,57.6,212284184.0,211494753.0,25927672865.0,477809.5,259303.0
GO,INDUSTRIA,2016,36222815.0,33617794.1,3.7,18.0,54.0,24940310.0,23148665.0,23594273859.0,385236.2,245403.0
GO,INDUSTRIA,2017,20000000.0,20020915.5,4.6,18.0,42.0,13911060.0,13925608.0,22690724717.0,535102.8,248681.0
GO,INDUSTRIA,2018,108387000.0,92453024.9,3.36,27.8,101.2,73116135.0,62367330.0,,617845.7,245798.0
GO,INDUSTRIA,2020,499686000.0,0.0,3.22,37.7,149.1,244431418.0,0.0,,,
GO,INFRAESTRUTURA,2002,652116397.7,648250971.7,2.61,14.8,78.2,1178799406.0,1171995956.0,,,
GO,INFRAESTRUTURA,2003,293769717.1,296906112.9,3.78,18.4,108.9,450316723.0,455133894.0,,,
GO,INFRAESTRUTURA,2004,70976198.8,71293770.2,3.67,19.0,114.2,100266339.0,100717861.0,,,
GO,INFRAESTRUTURA,2005,78254700.0,79362621.8,3.5,19.0,144.0,106238264.0,107742374.0,,,
GO,INFRAESTRUTURA,2006,492784560.0,490562898.0,3.61,24.3,116.9,653936672.0,651084756.0,,,
GO,INFRAESTRUTURA,2007,311605000.0,307048519.1,2.47,23.2,132.2,383348212.0,377673053.0,,,
GO,INFRAESTRUTURA,2008,1446107000.0,1381999396.4,2.19,24.7,179.9,1611945387.0,1541113234.0,,,
GO,INFRAESTRUTURA,2009,707390400.0,705595746.8,2.33,11.4,155.0,783464550.0,781466214.0,,,
GO,INFRAESTRUTURA,2010,153498206.0,141875000.0,2.58,4.0,121.2,165451879.0,153104329.0,,,
GO,INFRAESTRUTURA,2011,70910000.0,52402606.9,2.28,23.8,119.9,67645941.0,50035469.0,,,
GO,INFRAESTRUTURA,2012,147500000.0,147500000.0,2.36,6.7,184.0,134933114.0,134933114.0,,,
GO,INFRAESTRUTURA,2013,16176000.0,15940000.0,2.75,2.0,139.0,13529856.0,13332462.0,,,
GO,INFRAESTRUTURA,2014,71165500.0,67864166.6,3.83,20.0,126.9,57895628.0,55189757.0,,,
GO,INFRAESTRUTURA,2015,49478000.0,49579366.8,3.4,27.0,240.0,36836663.0,36912132.0,,,
GO,INFRAESTRUTURA,2016,133133000.0,133211768.1,2.18,16.0,198.0,91040849.0,91090227.0,,,
GO,INFRAESTRUTURA,2018,20677600.0,9906255.5,1.3,34.0,12.0,13869759.0,6644745.0,,,
GO,INFRAESTRUTURA,2021,13342587.0,0.0,2.45,36.0,132.0,6266066.0,0.0,,,
IE,AGROPECUARIA,2002,42055526.0,39194783.1,3.5,10.0,60.0,83039089.0,77390521.0,,,
IE,AGROPECUARIA,2003,55374565.8,55593578.6,3.63,7.5,55.5,85493418.0,85831510.0,,,
IE,AGROPECUARIA,2004,12668000.0,12668000.0,3.0,18.0,102.0,18142711.0,18142711.0,,,
IE,AGROPECUARIA,2005,6018000.0,5368341.9,5.5,18.0,66.0,8088491.0,7215318.0,,,
IE,AGROPECUARIA,2007,123745016.6,122339242.3,2.82,74.4,33.6,154525652.0,152725107.0,,,
IE,AGROPECUARIA,2008,343330000.0,356680301.4,2.24,22.0,50.0,376855452.0,391499830.0,,,
IE,AGROPECUARIA,2010,312255109.0,292684901.2,2.56,93.6,19.2,322424436.0,302217155.0,,,
IE,AGROPECUARIA,2011,59086000.0,31674166.1,2.55,84.0,24.0,57683560.0,30922361.0,,,
IE,AGROPECUARIA,2012,451475000.0,364913006.9,2.45,51.5,48.5,409352580.0,329683224.0,,,
IE,AGROPECUARIA,2013,876635000.0,696242451.8,2.27,63.9,35.2,755438075.0,598674369.0,,,
IE,AGROPECUARIA,2014,31340000.0,31340000.0,4.75,24.0,96.0,25586676.0,25586676.0,,,
IE,AGROPECUARIA,2015,228075000.0,141522337.3,1.96,82.3,25.7,171284286.0,106309269.0,,,
IE,AGROPECUARIA,2016,34011000.0,29040000.0,8.75,18.0,84.0,23831267.0,20348122.0,,,
IE,AGROPECUARIA,2017,63837847.0,63454635.6,6.33,25.7,60.0,44492840.0,44224792.0,,,
IE,AGROPECUARIA,2018,61021000.0,59570924.0,7.38,19.5,106.5,39023890.0,38082043.0,,,
IE,AGROPECUARIA,2019,45371850.0,36734844.6,7.0,24.0,96.0,28878213.0,23380944.0,,,
IE,AGROPECUARIA,2020,17954000.0,5224000.0,2.17,18.0,66.0,9309434.0,2708727.0,,,
IE,AGROPECUARIA,2021,45863600.0,0.0,2.03,24.0,96.0,19314165.0,0.0,,,
IE,INDUSTRIA,2002,126148966.3,143934977.1,2.83,14.0,56.0,249204303.0,284324500.0,,,
IE,INDUSTRIA,2003,55625895.4,56861676.7,4.96,24.0,54.0,86009280.0,87920056.0,,,
IE,INDUSTRIA,2004,196811083.2,200524257.3,4.02,17.4,62.7,285373488.0,290917593.0,,,
IE,INDUSTRIA,2005,1024659148.7,1030376549.0,3.42,29.0,53.0,1378067614.0,1385755422.0,,,
IE,INDUSTRIA,2006,2039055356.9,1988498671.1,2.38,25.8,58.8,2686851089.0,2620369039.0,,,
IE,INDUSTRIA,2007,1024342509.7,1024550668.8,2.59,14.5,66.6,1272460590.0,1272495875.0,,,
IE,INDUSTRIA,2008,3688999753.2,3137269854.3,2.55,18.5,64.6,4087672411.0,3478673203.0,,,
IE,INDUSTRIA,2009,12220596222.0,12007031509.0,2.96,30.9,56.2,13588423108.0,13350995342.0,,,
IE,INDUSTRIA,2010,3145685740.2,2844174516.8,3.1,26.6,67.9,3348946497.0,3031314196.0,,,
IE,INDUSTRIA,2011,2986371521.2,2867615838.3,2.84,19.7,57.2,2874770873.0,2759856030.0,,,
IE,INDUSTRIA,2012,2508900905.1,1978318512.0,2.45,19.8,57.4,2253059062.0,1778939393.0,,,
IE,INDUSTRIA,2013,4104378797.9,3716462180.2,2.42,22.5,61.8,3491146756.0,3157004613.0,,,
IE,INDUSTRIA,2014,1975095573.1,1794744722.2,3.19,19.5,61.5,1612139866.0,1464567409.0,,,
IE,INDUSTRIA,2015,1741927868.4,1487971200.0,3.12,16.3,59.2,1340883256.0,1146542296.0,,,
IE,INDUSTRIA,2016,354757000.0,257322369.2,2.2,18.3,60.3,248398987.0,179842700.0,,,
IE,INDUSTRIA,2017,867688235.0,516942577.3,3.74,35.0,54.0,599150389.0,356771659.0,,,
IE,INDUSTRIA,2018,833977300.0,756693570.0,3.1,18.7,80.6,531462841.0,481488713.0,,,
IE,INDUSTRIA,2019,815729000.0,491242000.0,1.67,45.6,86.4,498063744.0,300532600.0,,,
IE,INDUSTRIA,2020,374137000.0,8438000.0,3.72,38.4,82.8,194470820.0,4869585.0,,,
IE,INDUSTRIA,2021,311545400.0,0.0,1.82,24.0,116.0,136546261.0,0.0,,,
IE,INFRAESTRUTURA,2002,9465400.0,7646524.8,4.0,12.0,60.0,19508248.0,15759536.0,,,
IE,INFRAESTRUTURA,2003,100005000.0,104136343.3,1.5,60.0,132.0,153874165.0,160230917.0,,,
IE,INFRAESTRUTURA,2005,180359500.0,184055325.0,2.75,18.0,82.5,242425106.0,247392751.0,,,
IE,INFRAESTRUTURA,2006,2694588929.0,2686045134.1,3.48,7.8,123.3,3496361283.0,3485323809.0,,,
IE,INFRAESTRUTURA,2007,4565565670.6,4502938798.7,2.92,20.3,113.4,5732765915.0,5653767022.0,,,
IE,INFRAESTRUTURA,2008,2563233067.0,2566108933.5,3.66,20.3,130.7,2923903616.0,2927221279.0,,,
IE,INFRAESTRUTURA,2009,11152480691.8,11122878425.5,2.71,39.1,106.6,12394117023.0,12361234953.0,,,
IE,INFRAESTRUTURA,2010,2082240989.0,2056387246.8,3.0,15.3,77.9,2164950955.0,2137771276.0,,,
IE,INFRAESTRUTURA,2011,7660766000.0,6522714954.1,2.46,37.2,70.4,7310603536.0,6224808300.0,,,
IE,INFRAESTRUTURA,2012,13723187021.8,12454462417.1,1.93,23.3,124.5,12199636028.0,11075750706.0,,,
IE,INFRAESTRUTURA,2013,10162100009.5,7671559752.2,1.8,19.9,89.0,8545703049.0,6461778791.0,,,
IE,INFRAESTRUTURA,2014,1805730000.0,1575578315.5,2.46,15.1,101.4,1474557264.0,1288090846.0,,,
IE,INFRAESTRUTURA,2015,741497243.1,738530274.4,2.86,9.4,131.8,554586787.0,552427444.0,,,
IE,INFRAESTRUTURA,2016,3755378416.0,2783470413.4,3.03,27.3,120.6,2620129402.0,1943226236.0,,,
IE,INFRAESTRUTURA,2017,3457498852.0,3245110845.4,2.94,17.2,123.3,2350759958.0,2203992463.0,,,
IE,INFRAESTRUTURA,2018,11550099515.0,8634653910.5,2.41,23.8,157.0,7427615275.0,5548644652.0,,,
IE,INFRAESTRUTURA,2019,1413780000.0,1193207940.0,2.42,29.8,188.5,855140355.0,723836463.0,,,
IE,INFRAESTRUTURA,2020,1644390000.0,916000000.0,2.29,18.2,263.7,940749507.0,524521610.0,,,
MA,INDUSTRIA,2003,37527057.8,36898811.1,3.55,6.0,72.0,58024688.0,57053286.0,5981413649.0,855238.3,28290.0
MA,INDUSTRIA,2008,612232389.2,615687599.5,2.02,21.0,63.0,723771369.0,727856063.0,7089511846.0,1033065.1,42610.0
MA,INDUSTRIA,2009,440000000.0,311450703.2,2.55,14.2,66.0,487664231.0,345441262.0,6596116481.0,899179.1,40388.0
MA,INDUSTRIA,2010,1908106500.4,1675712541.6,3.13,33.6,88.8,1913352710.0,1680171820.0,6883369384.0,893052.4,43996.0
MA,INDUSTRIA,2011,171584219.0,168813331.6,2.95,25.3,62.7,166923115.0,164241612.0,7666282272.0,913192.8,46908.0
MA,INDUSTRIA,2012,530628492.1,653066463.3,5.0,24.0,96.0,489293447.0,602193712.0,8914056239.0,1015856.4,48273.0
MA,INFRAESTRUTURA,2002,21843917.6,21843917.6,1.0,0.0,39.0,37675571.0,37675571.0,,,
MA,INFRAESTRUTURA,2003,6754045.2,7330548.7,1.0,8.0,24.0,10328754.0,11210383.0,,,
MA,INFRAESTRUTURA,2007,28481200.0,28494550.5,4.8,13.0,44.0,36448544.0,36465630.0,,,
MA,INFRAESTRUTURA,2008,117430610.7,117556005.0,2.56,16.5,55.5,138131276.0,138278751.0,,,
MA,INFRAESTRUTURA,2009,985361081.0,978625894.4,3.61,12.4,109.2,1096934925.0,1089437104.0,,,
MA,INFRAESTRUTURA,2010,126002720.0,124767720.0,2.8,17.0,92.0,127101788.0,125827516.0,,,
MA,INFRAESTRUTURA,2011,593023431.6,575237271.5,3.07,6.7,43.3,564048432.0,547144694.0,,,
MA,INFRAESTRUTURA,2012,1444913630.0,1226784853.6,2.21,16.9,111.7,1275453853.0,1082953664.0,,,
MA,INFRAESTRUTURA,2013,668429000.0,665329604.9,2.15,14.0,97.9,561203275.0,558611033.0,,,
MA,INFRAESTRUTURA,2014,4219745044.0,3316030519.7,2.45,35.4,80.6,3417622745.0,2685604128.0,,,
MA,INFRAESTRUTURA,2015,276600000.0,243525365.8,2.66,5.3,88.7,205635643.0,181037391.0,,,
MA,INFRAESTRUTURA,2017,952739999.7,946805515.7,2.23,11.5,191.5,643983347.0,639972068.0,,,
MA,INFRAESTRUTURA,2018,1219310000.0,643000000.0,1.91,23.0,113.0,776116330.0,409282955.0,,,
MA,INFRAESTRUTURA,2020,750848808.0,0.0,2.24,70.5,37.0,361706419.0,0.0,,,
MG,AGROPECUARIA,2008,29072000.0,27404571.7,2.07,84.0,24.0,33345434.0,31432902.0,16741022950.0,88612578.9,248883.0
MG,AGROPECUARIA,2010,96025229.8,70135516.8,2.46,68.0,32.0,96689798.0,70620908.0,17085912943.0,84598822.9,249439.0
MG,AGROPECUARIA,2012,25056000.0,25056000.0,3.0,18.0,54.0,22262535.0,22262535.0,21858450966.0,91583113.4,250371.0
MG,AGROPECUARIA,2013,204661008.5,192352168.3,2.19,54.0,41.2,177760206.0,167086750.0,19144344557.0,96414935.3,259988.0
MG,AGROPECUARIA,2014,46074000.0,51524923.1,4.07,32.0,64.0,37870923.0,42351357.0,18874387140.0,91763676.4,257185.0
MG,AGROPECUARIA,2015,20431000.0,13940963.4,2.75,82.5,24.0,15959024.0,10867600.0,16759850623.0,87914822.8,259545.0
MG,AGROPECUARIA,2016,19478000.0,11799167.3,2.62,84.0,24.0,13334757.0,8077781.0,21071580186.0,87574087.1,258863.0
MG,AGROPECUARIA,2017,21532400.0,21645365.5,4.0,18.0,70.0,14953619.0,15032071.0,17574856218.0,85086691.2,256734.0
MG,AGROPECUARIA,2019,12742000.0,12742000.0,2.28,18.0,66.0,8038892.0,8038892.0,,,248530.0
MG,AGROPECUARIA,2020,73255512.4,41553512.4,2.93,32.6,138.9,38511284.0,20017575.0,,,
MG,AGROPECUARIA,2021,7166761.6,0.0,3.33,36.0,156.0,3018080.0,0.0,,,
MG,INDUSTRIA,2002,276646777.9,307729787.9,4.64,17.1,51.6,555152104.0,617200635.0,57545157605.0,17977748.2,584806.0
MG,INDUSTRIA,2003,118660759.2,119490271.8,4.38,13.0,78.0,186215519.0,187540148.0,61973851918.0,18140412.1,592624.0
MG,INDUSTRIA,2004,246896192.5,172597606.4,3.77,13.5,61.1,341630340.0,238567010.0,74698031929.0,19416833.1,673811.0
MG,INDUSTRIA,2005,339955087.1,341477165.5,4.36,19.1,37.3,457673014.0,459720292.0,74847851616.0,21337393.5,702872.0
MG,INDUSTRIA,2006,911241316.3,904694327.4,2.59,19.4,60.4,1196371783.0,1187682523.0,75592049739.0,21362974.2,757776.0
MG,INDUSTRIA,2007,2144960751.8,2073543172.3,2.89,23.4,67.5,2716080942.0,2624493440.0,81393538734.0,23118828.0,806089.0
MG,INDUSTRIA,2008,1259410504.5,1275568930.8,3.27,21.6,72.4,1421754014.0,1439485174.0,88868976177.0,24531690.7,828900.0
MG,INDUSTRIA,2009,1886717851.3,1646350799.4,3.55,22.3,64.8,2094365198.0,1826996559.0,81142352148.0,18920287.5,834647.0
MG,INDUSTRIA,2010,1306819841.9,1273145031.1,3.55,19.6,65.5,1369390885.0,1334610982.0,101270554353.0,24684324.2,898428.0
MG,INDUSTRIA,2011,1980353546.8,1728357912.8,3.06,23.2,70.1,1916495139.0,1676720450.0,107045162484.0,24457831.8,927232.0
MG,INDUSTRIA,2012,5476240445.5,4382391206.0,2.74,19.5,69.4,4859670481.0,3892431468.0,102743416583.0,24644081.8,947896.0
MG,INDUSTRIA,2013,971919836.1,682224251.1,2.43,23.4,59.0,828191406.0,583706689.0,104353888210.0,24238977.2,958622.0
MG,INDUSTRIA,2014,1521093514.4,1232658760.9,3.28,20.5,64.0,1235418263.0,999997665.0,96560413493.0,23500456.1,947477.0
MG,INDUSTRIA,2015,155609600.0,107978112.3,3.83,19.1,49.4,119003961.0,82354966.0,81815441863.0,23138274.7,870387.0
MG,INDUSTRIA,2016,1362811165.0,967212833.5,2.54,27.5,55.7,968517084.0,686724972.0,75131251527.0,23518279.3,830774.0
MG,INDUSTRIA,2017,461470000.0,379067158.9,2.87,28.1,56.4,320974266.0,263692324.0,78581752667.0,24495592.1,839246.0
MG,INDUSTRIA,2018,284120471.7,271681626.8,2.62,12.8,94.2,182126838.0,174209809.0,,25207248.5,845988.0
MG,INDUSTRIA,2019,472420474.0,331072874.7,2.54,24.9,97.7,285409908.0,199702079.0,,,869676.0
MG,INDUSTRIA,2020,652690537.8,282242124.8,2.53,20.2,83.2,364333120.0,159889596.0,,,
MG,INDUSTRIA,2021,100257062.5,0.0,2.47,33.0,129.8,45115547.0,0.0,,,
MG,INFRAESTRUTURA,2002,478041909.8,503359576.5,4.25,21.5,102.5,956435564.0,1007073318.0,,,
MG,INFRAESTRUTURA,2003,611710098.4,613037284.3,3.43,4.4,106.1,964689561.0,966734402.0,,,
MG,INFRAESTRUTURA,2004,520566138.4,521513973.5,3.6,28.6,109.5,756356445.0,757459306.0,,,
MG,INFRAESTRUTURA,2005,57473498.1,59149935.5,2.56,28.5,66.0,77645594.0,79910508.0,,,
MG,INFRAESTRUTURA,2006,368655904.4,358457667.1,4.39,13.3,103.1,489560558.0,476011084.0,,,
MG,INFRAESTRUTURA,2007,688087399.5,679606653.0,2.29,27.4,93.0,835225924.0,825030378.0,,,
MG,INFRAESTRUTURA,2008,1676297683.5,1654782700.1,2.01,26.7,160.2,1890270132.0,1865475124.0,,,
MG,INFRAESTRUTURA,2009,1196320082.5,1192478603.2,2.68,18.2,96.5,1327418944.0,1323150958.0,,,
MG,INFRAESTRUTURA,2010,573717002.4,563318391.6,2.8,15.5,94.0,611759760.0,600663994.0,,,
MG,INFRAESTRUTURA,2011,897945091.1,890300041.1,2.67,20.7,133.2,868343992.0,861056376.0,,,
MG,INFRAESTRUTURA,2012,381168160.0,368233192.3,1.85,12.7,132.8,342933760.0,331416134.0,,,
MG,INFRAESTRUTURA,2013,136397054.9,118414204.1,2.64,16.0,95.6,117345204.0,101999222.0,,,
MG,INFRAESTRUTURA,2014,1458274000.0,1264631244.9,1.78,12.5,115.8,1198371290.0,1039730533.0,,,
MG,INFRAESTRUTURA,2015,1350902555.1,1121799342.6,2.57,25.0,159.7,989979414.0,822711271.0,,,
MG,INFRAESTRUTURA,2016,55276382.0,55466290.7,2.48,21.6,88.8,39377408.0,39512694.0,,,
MG,INFRAESTRUTURA,2017,624544962.9,613589027.0,3.3,7.9,161.3,435375815.0,427967722.0,,,
MG,INFRAESTRUTURA,2018,1676150149.1,1543694149.4,2.29,6.6,198.7,1084129963.0,997334436.0,,,
MG,INFRAESTRUTURA,2019,2747423000.0,1270984252.6,2.8,26.4,227.7,1637957286.0,761998612.0,,,
MG,INFRAESTRUTURA,2020,297197000.0,8892000.0,2.79,15.9,109.1,150524268.0,5158254.0,,,
MG,INFRAESTRUTURA,2021,1501400000.0,0.0,2.73,19.3,154.7,658172390.0,0.0,,,
MS,AGROPECUARIA,2002,2044862.9,2100400.4,2.75,36.0,84.0,3399468.0,3491796.0,7037215986.0,97716555.5,46574.0
MS,AGROPECUARIA,2006,17245094.7,17276182.5,2.3,18.0,60.0,23019822.0,23061318.0,4869442240.0,79346383.8,57724.0
MS,AGROPECUARIA,2008,2869000.0,2913200.4,1.66,9.0,75.0,3391686.0,3443939.0,6918958241.0,68335809.1,58549.0
MS,AGROPECUARIA,2011,52853000.0,51767726.3,3.21,84.0,24.0,50748459.0,49706400.0,7824348281.0,62856434.0,65613.0
MS,AGROPECUARIA,2012,25000000.0,25000000.0,2.8,18.0,54.0,22207433.0,22207433.0,8272513553.0,64102885.1,64210.0
MS,AGROPECUARIA,2014,29561324.0,29561838.8,3.32,18.0,70.0,23887370.0,23887785.0,8996205326.0,64093984.3,68163.0
MS,AGROPECUARIA,2015,10000000.0,10000000.0,2.7,18.0,54.0,7906454.0,7906454.0,9357402434.0,64047789.8,69308.0
MS,AGROPECUARIA,2016,367980000.0,186044399.9,2.71,60.0,37.2,257921507.0,130440845.0,10099994564.0,67241189.3,70917.0
MS,AGROPECUARIA,2017,70604971.0,70618295.3,6.1,20.0,60.0,49033078.0,49042331.0,9303890093.0,65602132.8,69358.0
MS,AGROPECUARIA,2020,18003600.0,2877600.0,3.05,21.6,84.0,9521751.0,1678680.0,,,
MS,INDUSTRIA,2002,11787565.4,9431900.1,3.83,13.0,58.0,21740350.0,18018145.0,4586574574.0,261618.1,43722.0
MS,INDUSTRIA,2006,14877002.5,15007736.1,1.88,10.8,61.2,19751538.0,19925108.0,5936794737.0,267592.6,57765.0
MS,INDUSTRIA,2007,437177183.4,443969023.5,2.48,18.8,76.8,525993848.0,534141777.0,5405654807.0,298218.1,69870.0
MS,INDUSTRIA,2008,837285775.0,834321772.6,3.29,23.8,93.0,925831013.0,922702339.0,6173033082.0,343496.0,72853.0
MS,INDUSTRIA,2009,1714434325.0,1667005475.9,3.81,28.8,87.0,1892665326.0,1839986108.0,6736255133.0,347019.6,80503.0
MS,INDUSTRIA,2010,171481867.1,110828087.6,4.28,19.6,105.3,180099217.0,114915964.0,9380762955.0,348641.7,86020.0
MS,INDUSTRIA,2011,2558797577.5,2663126689.0,2.54,32.2,90.4,2482016622.0,2583246543.0,10105946756.0,380350.9,90816.0
MS,INDUSTRIA,2012,2973984422.5,2601969601.8,2.82,27.4,95.1,2629565018.0,2302310685.0,10535261961.0,403047.8,101762.0
MS,INDUSTRIA,2013,410782814.5,197705916.8,2.91,20.4,94.5,344918842.0,166353690.0,10767659189.0,375346.6,103930.0
MS,INDUSTRIA,2014,375356176.0,229557688.2,4.12,13.5,29.3,305216445.0,187066929.0,11227592586.0,339578.8,105371.0
MS,INDUSTRIA,2016,2347524000.0,1922804876.9,1.72,30.0,90.0,1644893425.0,1347295747.0,11849122140.0,264443.0,98676.0
MS,INDUSTRIA,2017,79678920.0,31639225.0,4.67,8.0,83.3,55334669.0,21972513.0,11680463992.0,229393.4,98183.0
MS,INDUSTRIA,2018,168049000.0,130837202.0,3.7,24.8,88.5,107655163.0,83863402.0,,423401.7,104867.0
MS,INDUSTRIA,2020,25154000.0,0.0,2.63,24.0,96.0,13042749.0,0.0,,,
MS,INFRAESTRUTURA,2002,38690891.0,40048698.6,2.5,24.0,96.0,79742166.0,82540615.0,,,
MS,INFRAESTRUTURA,2003,58076822.9,63398234.4,3.57,16.1,34.3,90808217.0,99036790.0,,,
MS,INFRAESTRUTURA,2006,176470352.7,172555163.2,4.38,10.8,80.0,233339419.0,228264809.0,,,
MS,INFRAESTRUTURA,2007,173977283.7,173037081.2,2.32,26.8,122.4,217254640.0,216132495.0,,,
MS,INFRAESTRUTURA,2008,28655000.0,27208290.0,3.3,5.0,60.0,34054830.0,32335498.0,,,
MS,INFRAESTRUTURA,2009,187391644.0,87859418.7,1.4,40.3,108.0,209254847.0,98110080.0,,,
MS,INFRAESTRUTURA,2010,27909563.0,27909563.0,3.85,4.0,136.0,29381656.0,29381656.0,,,
MS,INFRAESTRUTURA,2011,328926071.0,328926071.0,2.23,17.5,175.5,323052715.0,323052715.0,,,
MS,INFRAESTRUTURA,2012,544990710.0,545038760.7,2.73,7.6,131.3,490521807.0,490564501.0,,,
MS,INFRAESTRUTURA,2013,754889240.0,748882763.9,2.36,12.7,129.0,654450390.0,649242210.0,,,
MS,INFRAESTRUTURA,2014,646636000.0,518890410.0,2.0,18.0,1.0,531508048.0,426506456.0,,,
MS,INFRAESTRUTURA,2015,285615039.1,282398451.2,3.2,11.5,98.6,213710525.0,211367252.0,,,
MS,INFRAESTRUTURA,2016,2456014000.0,815845640.7,2.68,41.8,217.6,1733413364.0,575082322.0,,,
MS,INFRAESTRUTURA,2017,302652840.0,302338124.7,4.83,21.8,102.0,208520076.0,208299756.0,,,
MS,INFRAESTRUTURA,2018,130000000.0,130359330.6,2.15,15.0,233.0,88317492.0,88561609.0,,,
MS,INFRAESTRUTURA,2020,277196000.0,0.0,2.88,41.0,52.7,134342486.0,0.0,,,
MT,AGROPECUARIA,2004,13526653.8,13747079.8,6.62,18.0,60.0,20136819.0,20464963.0,14283742840.0,701677378.8,65322.0
MT,AGROPECUARIA,2007,213176454.7,212960768.4,1.8,9.5,105.0,272810538.0,272534515.0,8225151766.0,257598778.4,73024.0
MT,AGROPECUARIA,2008,170340000.0,171414999.4,2.47,45.6,45.6,201373232.0,202644080.0,11440916839.0,238227405.5,79058.0
MT,AGROPECUARIA,2015,24076000.0,24076000.0,2.62,6.0,84.0,18263708.0,18263708.0,13251715996.0,210014956.0,106831.0
MT,INDUSTRIA,2002,4473133.0,4592987.1,3.0,12.0,60.0,9270496.0,9518892.0,5784375666.0,256496.3,64770.0
MT,INDUSTRIA,2004,95534800.0,95643085.8,2.5,6.2,84.8,134303190.0,134494477.0,8466274152.0,222052.7,76362.0
MT,INDUSTRIA,2005,7622912.0,7633453.2,2.83,5.3,66.0,10253981.0,10268184.0,7477625417.0,236153.3,74411.0
MT,INDUSTRIA,2006,15000000.0,14974854.6,4.57,12.0,36.0,19717700.0,19684645.0,5971476101.0,236602.9,83207.0
MT,INDUSTRIA,2007,533015939.4,528542113.9,2.61,18.9,85.1,680899734.0,675175935.0,6551433013.0,302610.0,92431.0
MT,INDUSTRIA,2008,514580842.1,521218520.1,2.31,21.3,87.0,585835081.0,593285230.0,7552200504.0,317943.0,95363.0
MT,INDUSTRIA,2009,414567829.0,416083421.2,3.77,34.6,84.7,457437662.0,458835493.0,7730181664.0,349013.8,97244.0
MT,INDUSTRIA,2011,297361400.0,253432364.7,2.9,19.7,62.6,286243444.0,243749185.0,10155088160.0,423837.1,106479.0
MT,INDUSTRIA,2012,132481000.0,124020740.4,3.36,18.0,65.0,117682516.0,110167290.0,9463081821.0,404391.7,107088.0
MT,INDUSTRIA,2013,23253000.0,22447300.4,2.7,21.0,58.5,19958450.0,19261488.0,10999562470.0,555385.4,118710.0
MT,INDUSTRIA,2014,30867822.6,27130006.8,3.8,12.0,84.0,25300168.0,22236546.0,11673493206.0,618351.3,115122.0
MT,INDUSTRIA,2020,750000000.0,475000000.0,3.12,30.0,210.0,416902651.0,264038345.0,,,
MT,INFRAESTRUTURA,2002,294608355.1,287512847.4,3.22,21.8,101.9,543657886.0,527997020.0,,,
MT,INFRAESTRUTURA,2003,783324033.7,721283734.6,4.48,13.5,102.3,1236303488.0,1137334872.0,,,
MT,INFRAESTRUTURA,2004,190383796.0,193653451.6,3.72,16.4,93.7,275211396.0,279893844.0,,,
MT,INFRAESTRUTURA,2005,547056372.4,520673425.6,3.27,12.5,121.0,735799160.0,700321285.0,,,
MT,INFRAESTRUTURA,2006,30100000.0,30181818.9,3.8,0.0,70.0,39681182.0,39789045.0,,,
MT,INFRAESTRUTURA,2007,670426000.0,670894661.9,3.4,19.4,122.7,837683051.0,838292439.0,,,
MT,INFRAESTRUTURA,2008,735798678.2,701184095.5,1.79,23.3,139.8,815900846.0,776979836.0,,,
MT,INFRAESTRUTURA,2009,863347048.0,780590214.7,1.67,37.2,157.4,963098772.0,870686602.0,,,
MT,INFRAESTRUTURA,2011,131200000.0,130554999.9,3.28,3.2,125.5,126092634.0,125478914.0,,,
MT,INFRAESTRUTURA,2012,1532321308.0,1449381548.6,3.39,17.6,96.0,1358685164.0,1285492244.0,,,
MT,INFRAESTRUTURA,2013,1842155220.0,1822549599.1,1.69,16.9,171.2,1544539355.0,1528147062.0,,,
MT,INFRAESTRUTURA,2014,1176632000.0,997340989.0,3.07,26.1,95.4,967637034.0,820292024.0,,,
MT,INFRAESTRUTURA,2015,775030368.6,773551966.6,3.16,15.6,42.4,587465502.0,586393593.0,,,
MT,INFRAESTRUTURA,2016,2732960000.0,2685095767.7,1.92,15.6,228.0,1874927999.0,1842210482.0,,,
MT,INFRAESTRUTURA,2017,226939000.0,226507126.4,1.86,24.1,202.3,157077583.0,156767805.0,,,
MT,INFRAESTRUTURA,2018,2506996104.3,1756027078.4,2.17,15.2,140.7,1573079944.0,1102092099.0,,,
MT,INFRAESTRUTURA,2019,95000000.0,44372000.0,2.9,27.0,258.0,56353470.0,26321223.0,,,
MT,INFRAESTRUTURA,2020,310994000.0,0.0,3.0,46.5,34.0,149815149.0,0.0,,,
PA,AGROPECUARIA,2007,99768000.0,99240054.2,2.3,79.5,30.0,126937246.0,126265528.0,6629751546.0,396680884.2,38404.0
PA,AGROPECUARIA,2009,92394000.0,92398868.4,8.0,12.0,24.0,102353121.0,102358514.0,6440989868.0,277278066.8,38753.0
PA,AGROPECUARIA,2012,100135999.8,100436480.0,3.84,84.0,24.0,89831082.0,90100640.0,8704452377.0,196853271.3,50980.0
PA,AGROPECUARIA,2013,76968000.0,55752077.6,4.75,96.0,24.0,66586425.0,48232144.0,11561633424.0,234578572.5,51878.0
PA,INDUSTRIA,2005,62438338.2,64734809.8,4.55,18.0,60.0,83648087.0,86724650.0,14531505519.0,1209445.0,99396.0
PA,INDUSTRIA,2007,333334454.7,329999129.4,1.34,21.6,63.6,410356988.0,406251204.0,15120116744.0,1268754.1,109416.0
PA,INDUSTRIA,2008,1226358086.2,1293382239.7,2.05,26.2,75.3,1341786124.0,1415109405.0,19807313188.0,1391345.4,107468.0
PA,INDUSTRIA,2009,2389149388.0,1718132839.8,1.95,23.6,66.0,2645018227.0,1902855973.0,13792461461.0,1245143.5,107048.0
PA,INDUSTRIA,2010,523707787.0,497916394.6,4.5,28.8,91.2,551654290.0,524486596.0,26792382334.0,1323219.2,115307.0
PA,INDUSTRIA,2011,793509583.0,792119784.4,1.25,34.0,63.3,755027255.0,753704855.0,31976110340.0,1353724.5,113131.0
PA,INDUSTRIA,2012,147837293.0,149243472.8,2.73,20.4,70.8,135167724.0,136447207.0,27786102162.0,1363841.5,116094.0
PA,INDUSTRIA,2013,310471000.0,306539804.0,3.97,28.5,93.0,268571468.0,265181877.0,29141573354.0,1399668.8,116480.0
PA,INDUSTRIA,2014,2555779553.0,2185591141.7,1.33,22.0,76.3,2071015427.0,1771028903.0,24573501913.0,1339883.9,120919.0
PA,INDUSTRIA,2015,153700038.0,118934091.0,1.78,30.0,60.0,119635898.0,92575037.0,22758900400.0,1212907.5,117027.0
PA,INFRAESTRUTURA,2002,749128661.3,759811848.3,6.13,15.2,134.1,1514148545.0,1535616507.0,,,
PA,INFRAESTRUTURA,2004,1282158800.0,1283693401.4,4.44,14.4,122.9,1884460682.0,1886875364.0,,,
PA,INFRAESTRUTURA,2005,130000000.0,120500000.0,3.0,24.0,96.0,174740542.0,161971041.0,,,
PA,INFRAESTRUTURA,2006,253923000.0,249560914.8,3.38,5.6,134.4,328717581.0,323070617.0,,,
PA,INFRAESTRUTURA,2007,330839545.3,331227604.2,2.82,13.5,80.5,409448108.0,409927240.0,,,
PA,INFRAESTRUTURA,2008,37486814.7,14784538.4,4.14,18.9,240.0,40961380.0,16154883.0,,,
PA,INFRAESTRUTURA,2009,589301656.0,363428612.1,3.07,23.8,69.0,654482119.0,403683552.0,,,
PA,INFRAESTRUTURA,2010,262824468.1,259647356.2,3.59,41.4,194.4,268352021.0,265057635.0,,,
PA,INFRAESTRUTURA,2011,4773126308.0,4773126308.0,4.33,63.3,182.0,4652484721.0,4652484721.0,,,
PA,INFRAESTRUTURA,2012,18687069900.0,18687318697.5,2.48,46.1,223.4,16607087289.0,16607222180.0,,,
PA,INFRAESTRUTURA,2013,31000000.0,26443000.0,3.28,3.0,137.0,25928880.0,22117334.0,,,
PA,INFRAESTRUTURA,2014,902073472.0,805077133.9,3.83,11.7,41.0,730181728.0,651450674.0,,,
PA,INFRAESTRUTURA,2015,678550991.0,439267667.1,2.04,27.0,72.0,495187037.0,320564935.0,,,
PA,INFRAESTRUTURA,2016,525475743.0,487922967.6,3.32,14.2,149.0,366240423.0,339712105.0,,,
PA,INFRAESTRUTURA,2018,1341576000.0,1191000000.0,1.78,20.0,88.0,853941197.0,758096422.0,,,
PA,INFRAESTRUTURA,2020,1360868000.0,0.0,2.24,57.5,24.5,655570984.0,0.0,,,
PB,INDUSTRIA,2002,20928441.6,20044998.9,3.94,12.7,52.7,41626995.0,39838186.0,4225566962.0,582972.0,57048.0
PB,INDUSTRIA,2005,20700000.0,20767417.4,6.25,12.0,12.0,27745743.0,27836129.0,4132270484.0,596500.2,65212.0
PB,INDUSTRIA,2010,300000.0,300000.0,0.0,12.0,48.0,316009.0,316009.0,5436505265.0,778535.0,83874.0
PB,INFRAESTRUTURA,2002,61235867.3,61354633.5,1.0,19.7,54.0,127028443.0,127274813.0,,,
PB,INFRAESTRUTURA,2004,54861652.5,51010366.4,2.5,20.0,68.0,78706542.0,73213482.0,,,
PB,INFRAESTRUTURA,2006,19276455.8,19384237.2,2.67,18.7,70.0,25584714.0,25727374.0,,,
PB,INFRAESTRUTURA,2008,162097460.0,162129359.3,2.87,6.0,168.0,177349568.0,177384468.0,,,
PB,INFRAESTRUTURA,2011,203343199.0,198819058.0,1.82,0.0,156.0,195246326.0,190902331.0,,,
PB,INFRAESTRUTURA,2013,84141000.0,81706444.1,3.27,2.6,79.6,72185101.0,70148800.0,,,
PB,INFRAESTRUTURA,2014,10319200.0,10319200.0,3.1,10.0,72.0,8424826.0,8424826.0,,,
PB,INFRAESTRUTURA,2017,330653070.0,323889999.9,2.22,4.0,190.3,229535741.0,224840892.0,,,
PB,INFRAESTRUTURA,2019,1324790000.0,391470000.0,2.39,40.0,246.0,785858031.0,232217819.0,,,
PB,INFRAESTRUTURA,2020,154970000.0,0.0,3.22,66.0,53.5,74653703.0,0.0,,,
PE,AGROPECUARIA,2002,14357137.2,15212254.0,5.17,18.0,54.0,27056802.0,28668316.0,3550001780.0,7905523.8,46873.0
PE,AGROPECUARIA,2003,10236313.0,10145558.3,4.0,12.0,72.0,15866546.0,15725874.0,3675214043.0,7966915.9,58988.0
PE,AGROPECUARIA,2006,2013326.2,0.0,3.5,5.0,22.0,2646544.0,0.0,4164232780.0,8994022.1,54758.0
PE,AGROPECUARIA,2009,6974000.0,6974000.0,11.0,12.0,24.0,7743594.0,7743594.0,4074866928.0,8498544.8,42077.0
PE,INDUSTRIA,2002,15022861.8,14629685.3,3.79,15.4,66.9,30827744.0,30027386.0,13521923017.0,200318.9,148731.0
PE,INDUSTRIA,2003,48542716.6,47781361.3,3.55,6.0,72.0,75057201.0,73879988.0,11451098176.0,148030.1,144430.0
PE,INDUSTRIA,2005,2112639.0,2122458.2,3.5,12.0,12.0,2852766.0,2866026.0,12671027981.0,189812.4,176568.0
PE,INDUSTRIA,2006,1458175.0,1445756.7,2.0,18.0,42.0,1941921.0,1925382.0,12201026468.0,201591.6,189442.0
PE,INDUSTRIA,2007,2129851936.5,2114108938.6,3.3,48.9,37.9,2717072495.0,2696959308.0,12901224410.0,250142.9,204116.0
PE,INDUSTRIA,2008,203710000.0,207093604.4,2.92,10.0,38.7,225372567.0,229124021.0,13411199892.0,283786.9,217934.0
PE,INDUSTRIA,2009,13551069239.5,13392217959.8,2.98,36.6,78.9,15065079687.0,14888390678.0,14603842288.0,301939.3,230718.0
PE,INDUSTRIA,2010,359046503.3,318190969.7,3.51,32.5,65.0,371098292.0,328594358.0,18191729740.0,305364.3,236451.0
PE,INDUSTRIA,2011,1232605433.0,1214815743.7,2.08,25.1,96.0,1183567891.0,1166237199.0,18650089812.0,388547.3,244915.0
PE,INDUSTRIA,2012,3171060000.0,2821270951.7,2.5,35.1,100.6,2816617234.0,2493751041.0,20423231504.0,452645.0,251685.0
PE,INDUSTRIA,2013,1023543000.0,1028273977.8,1.95,36.8,87.8,856107206.0,860064269.0,20685649536.0,434280.0,262053.0
PE,INDUSTRIA,2014,28081000.0,21637079.3,4.87,24.0,84.0,22652468.0,17454267.0,18290896542.0,446609.0,263586.0
PE,INDUSTRIA,2015,48790903.0,49145280.0,1.58,18.4,53.6,38173117.0,38449218.0,18444717523.0,340821.8,242504.0
PE,INDUSTRIA,2016,55943151.6,55874124.4,3.01,39.0,0.0,38093308.0,38046306.0,18000503163.0,218324.2,231854.0
PE,INDUSTRIA,2017,481647515.0,483267274.9,2.15,19.6,62.0,330162026.0,331275012.0,19944762171.0,157352.7,229321.0
PE,INDUSTRIA,2018,28590000.0,28590000.0,3.9,24.0,36.0,18476041.0,18476041.0,,95096.8,223570.0
PE,INDUSTRIA,2021,20001973.6,0.0,1.55,24.0,60.0,8900565.0,0.0,,,
PE,INFRAESTRUTURA,2002,210752068.0,212729869.7,1.94,34.9,62.6,436780185.0,440862955.0,,,
PE,INFRAESTRUTURA,2003,11025593.0,11022022.6,4.33,10.0,102.0,17051690.0,17046231.0,,,
PE,INFRAESTRUTURA,2004,351757814.4,366614069.5,4.44,15.5,86.0,522582757.0,544470682.0,,,
PE,INFRAESTRUTURA,2005,86069440.6,50959454.2,5.0,7.0,48.0,115074347.0,68132496.0,,,
PE,INFRAESTRUTURA,2006,344593747.9,336451875.2,3.7,14.8,56.3,451461101.0,440991972.0,,,
PE,INFRAESTRUTURA,2007,29123914.0,29151575.0,1.97,12.0,60.0,37269366.0,37304780.0,,,
PE,INFRAESTRUTURA,2008,133803011.5,104002496.0,1.82,30.0,92.0,149461378.0,115943181.0,,,
PE,INFRAESTRUTURA,2009,219479000.0,211769600.5,2.86,24.0,54.0,243841862.0,235316046.0,,,
PE,INFRAESTRUTURA,2010,476450600.0,427520911.8,3.0,11.4,64.8,501286411.0,449451717.0,,,
PE,INFRAESTRUTURA,2011,299511000.0,299510999.9,2.56,18.6,60.0,292401942.0,292401942.0,,,
PE,INFRAESTRUTURA,2012,63253800.0,63253800.0,2.8,18.0,1.0,57554591.0,57554591.0,,,
PE,INFRAESTRUTURA,2013,430470000.0,325574999.8,1.96,21.2,76.8,373379469.0,282396034.0,,,
PE,INFRAESTRUTURA,2014,1845299834.9,1833595837.9,2.62,15.6,94.9,1502986106.0,1495808120.0,,,
PE,INFRAESTRUTURA,2015,2169313241.4,2623028805.3,2.61,19.0,198.1,1643000945.0,1997725617.0,,,
PE,INFRAESTRUTURA,2016,293664842.3,296519603.6,2.68,25.7,240.0,202354064.0,204321181.0,,,
PE,INFRAESTRUTURA,2017,181284443.0,181440780.8,1.64,7.3,152.0,125773863.0,125882230.0,,,
PE,INFRAESTRUTURA,2018,1474026020.0,905579694.8,2.5,4.5,179.7,946196012.0,582073019.0,,,
PE,INFRAESTRUTURA,2020,716252000.0,0.0,2.23,63.0,44.5,371388063.0,0.0,,,
PE,INFRAESTRUTURA,2021,364327000.0,0.0,2.18,21.5,265.5,159710918.0,0.0,,,
PI,INDUSTRIA,2005,13418238.0,13510604.6,3.5,24.0,72.0,17860668.0,17983614.0,1957747039.0,153110.4,26029.0
PI,INFRAESTRUTURA,2008,25500000.0,25555022.2,2.0,30.0,96.0,28679300.0,28741182.0,,,
PI,INFRAESTRUTURA,2009,561077372.0,543861840.6,2.45,29.3,92.2,622915349.0,603847681.0,,,
PI,INFRAESTRUTURA,2010,200295000.0,177129446.3,4.15,24.0,96.0,210657570.0,186293511.0,,,
PI,INFRAESTRUTURA,2013,208182000.0,205959684.9,1.87,10.0,192.0,174126646.0,172267867.0,,,
PI,INFRAESTRUTURA,2014,835371300.0,835371299.9,2.44,12.9,1.0,681302820.0,681302820.0,,,
PI,INFRAESTRUTURA,2015,1921294500.0,1920840254.4,1.58,9.1,192.0,1470093254.0,1469763564.0,,,
PI,INFRAESTRUTURA,2016,282136000.0,282703209.7,2.05,7.0,192.0,194409947.0,194800792.0,,,
PI,INFRAESTRUTURA,2017,1607037000.0,1586654026.0,3.52,15.5,170.5,1098750464.0,1084664146.0,,,
PI,INFRAESTRUTURA,2019,403066000.0,380000000.0,2.21,18.0,220.0,239096501.0,225413878.0,,,
PI,INFRAESTRUTURA,2020,833013000.0,0.0,2.02,34.5,227.0,462614389.0,0.0,,,
PI,INFRAESTRUTURA,2021,1253059000.0,0.0,2.18,21.9,264.4,549306542.0,0.0,,,
PR,AGROPECUARIA,2002,2180369.0,2220521.9,5.0,18.0,54.0,4109023.0,4184693.0,16077386975.0,49996021.7,81360.0
PR,AGROPECUARIA,2003,9300000.0,9378259.5,5.0,6.0,60.0,14434366.0,14555831.0,20735367824.0,59180565.2,85414.0
PR,AGROPECUARIA,2005,55717000.0,55717000.0,10.75,15.0,96.0,74740771.0,74740771.0,14885605296.0,43986236.3,91124.0
PR,AGROPECUARIA,2007,6639600.0,6545811.1,3.27,18.0,54.0,8529568.0,8409083.0,16211118696.0,43843770.4,91627.0
PR,AGROPECUARIA,2008,40479210.0,40488052.1,7.62,19.2,86.4,45243908.0,45253606.0,19172426020.0,45704615.3,104022.0
PR,AGROPECUARIA,2009,36023968.0,35917665.2,4.41,6.9,56.6,39971411.0,39853067.0,15872169591.0,40004511.3,105234.0
PR,AGROPECUARIA,2010,26323000.0,26323000.0,5.62,12.0,99.5,27727668.0,27727668.0,17801329717.0,41726132.8,102590.0
PR,AGROPECUARIA,2011,28958586.0,24367880.8,4.39,75.0,43.0,27879712.0,23471802.0,19142565609.0,41347764.0,101627.0
PR,AGROPECUARIA,2012,286195471.5,286195471.5,3.92,16.5,64.5,263251385.0,263251385.0,19012699302.0,41259575.6,102643.0
PR,AGROPECUARIA,2013,20172196.0,20172196.0,3.6,18.0,54.0,17627746.0,17627746.0,23799490315.0,44002900.8,104290.0
PR,AGROPECUARIA,2014,26972000.0,17153180.1,2.63,96.0,24.0,21757857.0,13837181.0,21097515653.0,41869802.7,102848.0
PR,AGROPECUARIA,2016,100000000.0,100000000.0,8.75,36.0,84.0,70069291.0,70069291.0,21994377573.0,45598950.1,104074.0
PR,AGROPECUARIA,2018,50562000.0,50687040.0,4.77,16.0,96.0,33506934.0,33591284.0,,39672283.8,100668.0
PR,AGROPECUARIA,2019,38627000.0,21206305.0,7.0,36.0,84.0,23555366.0,12931946.0,,,97003.0
PR,AGROPECUARIA,2020,247586000.0,123080130.0,7.5,22.5,109.5,145822629.0,72360878.0,,,
PR,INDUSTRIA,2002,27361307.7,28833465.6,2.5,8.5,57.0,52800213.0,55641096.0,44279294645.0,1976606.2,430369.0
PR,INDUSTRIA,2003,59059048.0,39325177.0,4.71,25.1,66.7,93432100.0,62454057.0,47124825150.0,1939381.0,453861.0
PR,INDUSTRIA,2004,85522310.0,74970382.5,10.53,30.7,102.9,123244481.0,108132342.0,51691036307.0,2028647.7,507189.0
PR,INDUSTRIA,2005,446945451.2,446390316.6,4.17,14.4,33.9,600385273.0,599639452.0,48671949220.0,2458402.7,521547.0
PR,INDUSTRIA,2006,1971380552.0,1956024969.6,4.51,23.8,67.4,2562800442.0,2542895572.0,47812348657.0,2414652.4,561821.0
PR,INDUSTRIA,2007,404595904.8,402338704.7,3.19,20.7,72.0,509247117.0,506421655.0,52386128656.0,2636198.5,614408.0
PR,INDUSTRIA,2008,199807771.1,201963360.4,4.36,22.1,70.7,224691175.0,227247896.0,51872208179.0,2872085.4,638514.0
PR,INDUSTRIA,2009,350164000.0,348724289.9,5.31,22.7,71.1,388779509.0,387177042.0,52548657562.0,2791562.5,650686.0
PR,INDUSTRIA,2010,305979132.0,305264927.2,3.39,19.7,64.0,325902832.0,325155362.0,54221391000.0,3032622.8,690919.0
PR,INDUSTRIA,2011,700987576.7,653150167.7,2.67,18.9,64.0,675916612.0,630355250.0,57243065269.0,3156026.1,711341.0
PR,INDUSTRIA,2012,911390458.0,718990173.4,3.08,19.7,68.4,833784382.0,656399448.0,55567180080.0,3043328.3,712028.0
PR,INDUSTRIA,2013,1717015144.3,1659212921.6,2.75,20.6,71.6,1462682858.0,1412718447.0,59664365221.0,3246688.5,743882.0
PR,INDUSTRIA,2014,4320116261.4,4353541983.8,3.58,25.3,79.4,3499717429.0,3526877369.0,55885531778.0,3297438.8,736369.0
PR,INDUSTRIA,2015,909620664.0,756126755.7,5.07,21.0,71.7,671408281.0,558781392.0,56975846925.0,3242871.3,691163.0
PR,INDUSTRIA,2016,106645800.0,29534207.8,2.82,19.5,72.0,74138530.0,20674499.0,57291251731.0,3345180.6,651748.0
PR,INDUSTRIA,2017,576422000.0,270988170.5,3.25,8.2,53.6,399424599.0,187674571.0,56791169346.0,3181491.0,662939.0
PR,INDUSTRIA,2018,299577000.0,245113813.7,4.6,23.5,91.1,191742012.0,156929140.0,,3246023.0,662712.0
PR,INDUSTRIA,2019,3050000000.0,1050000000.0,2.24,27.0,123.0,1848633112.0,637426992.0,,,677870.0
PR,INDUSTRIA,2020,310924894.5,28010447.3,2.96,28.8,90.0,153309274.0,15310816.0,,,
PR,INDUSTRIA,2021,10736446.4,0.0,3.49,27.8,47.2,5019129.0,0.0,,,
PR,INFRAESTRUTURA,2002,239215100.2,261154468.4,4.48,28.3,85.7,420175612.0,460401657.0,,,
PR,INFRAESTRUTURA,2004,142667000.0,140189095.5,5.82,31.6,60.0,212091009.0,208323255.0,,,
PR,INFRAESTRUTURA,2005,555307000.0,541057639.1,3.94,14.4,129.3,743293225.0,724183233.0,,,
PR,INFRAESTRUTURA,2006,67131000.0,66644032.5,4.5,2.7,144.0,88499582.0,87857608.0,,,
PR,INFRAESTRUTURA,2007,318667340.0,303487845.2,2.19,38.4,118.4,385049435.0,366374606.0,,,
PR,INFRAESTRUTURA,2008,935790417.8,935931382.2,3.72,23.0,96.0,1032255148.0,1032374718.0,,,
PR,INFRAESTRUTURA,2009,1975460872.5,1594361688.2,2.18,26.0,122.5,2190865768.0,1767709636.0,,,
PR,INFRAESTRUTURA,2010,80774871.0,80774870.9,2.3,17.1,78.9,85614395.0,85614394.0,,,
PR,INFRAESTRUTURA,2011,521850408.5,508827885.1,2.35,30.4,130.2,505836673.0,493286400.0,,,
PR,INFRAESTRUTURA,2012,537182967.3,470608061.6,1.71,25.7,136.6,482645936.0,421216569.0,,,
PR,INFRAESTRUTURA,2013,1080912409.7,992341804.1,2.35,32.7,72.2,931727268.0,854693810.0,,,
PR,INFRAESTRUTURA,2014,1668007478.2,1477750318.2,2.47,26.2,88.5,1354191005.0,1198865683.0,,,
PR,INFRAESTRUTURA,2015,154408075.0,146492035.7,1.92,15.1,146.3,120177757.0,114096569.0,,,
PR,INFRAESTRUTURA,2016,81396300.0,38355319.5,3.23,20.3,120.7,57495053.0,26875301.0,,,
PR,INFRAESTRUTURA,2017,160552000.0,115334749.0,3.58,8.0,105.8,108752963.0,78147649.0,,,
PR,INFRAESTRUTURA,2018,1464085000.0,1424367893.6,2.27,11.5,125.8,919584744.0,894701831.0,,,
PR,INFRAESTRUTURA,2019,374517769.0,299362760.4,3.59,27.2,135.5,229041295.0,183302585.0,,,
PR,INFRAESTRUTURA,2020,1231036469.0,330756750.0,2.25,33.5,169.5,690407339.0,192261875.0,,,
PR,INFRAESTRUTURA,2021,2400900.0,0.0,4.21,24.0,48.0,1127532.0,0.0,,,
RJ,AGROPECUARIA,2012,68263000.0,68263000.0,5.09,18.0,48.0,64760841.0,64760841.0,2024277572.0,5986254.0,23438.0
RJ,AGROPECUARIA,2014,9810000.0,9810000.0,4.0,24.0,60.0,7913561.0,7913561.0,2095977611.0,6639290.3,24931.0
RJ,AGROPECUARIA,2015,11487000.0,6066622.2,0.0,24.0,96.0,8796323.0,4645597.0,2066742512.0,6473682.8,23800.0
RJ,INDUSTRIA,2002,287455433.8,225348930.2,4.02,13.8,66.5,547874642.0,410264948.0,82112316948.0,6919108.9,363196.0
RJ,INDUSTRIA,2003,30217722.2,28105637.9,3.56,21.0,147.0,47408163.0,44092389.0,83084477962.0,7706505.1,367951.0
RJ,INDUSTRIA,2004,387207000.0,399751441.9,4.0,31.5,63.0,529763104.0,546946590.0,93779870821.0,8002538.1,382202.0
RJ,INDUSTRIA,2005,193508098.3,192790202.8,5.67,13.3,37.2,258217130.0,257236687.0,107168055644.0,7203020.5,402521.0
RJ,INDUSTRIA,2006,113636172.1,101336319.7,3.12,12.5,69.5,150956492.0,134536158.0,119486767663.0,6779005.6,447416.0
RJ,INDUSTRIA,2007,3104368436.0,3065751853.7,2.39,28.2,72.9,3974161474.0,3924630172.0,111489640706.0,6871822.0,460325.0
RJ,INDUSTRIA,2008,1041765345.8,1052276998.1,3.2,29.9,47.3,1155823170.0,1167490626.0,126000382159.0,7683587.0,487716.0
RJ,INDUSTRIA,2009,416290000.0,379455586.4,4.2,24.0,58.0,462513815.0,421470897.0,101009503370.0,6733217.9,494445.0
RJ,INDUSTRIA,2010,1286279878.7,1167211675.0,3.95,32.3,42.6,1365430998.0,1239759226.0,113193367844.0,9823782.1,529316.0
RJ,INDUSTRIA,2011,838441626.5,850650710.2,2.97,22.9,66.1,808235862.0,819638271.0,125129839380.0,14298352.6,556801.0
RJ,INDUSTRIA,2012,8452864029.7,8413216089.0,2.39,21.5,62.1,7663830082.0,7628694852.0,136113379193.0,13986188.7,576097.0
RJ,INDUSTRIA,2013,10999963715.3,3874995483.6,2.65,28.8,64.6,9349281473.0,3285872594.0,129475941104.0,13734085.4,579507.0
RJ,INDUSTRIA,2014,478979902.7,475049404.2,2.57,21.3,68.2,390316127.0,387194892.0,126647707227.0,7257200.5,583239.0
RJ,INDUSTRIA,2015,336739105.5,321452858.0,2.82,24.6,60.4,260636416.0,248882268.0,90029847718.0,7117661.1,529768.0
RJ,INDUSTRIA,2016,255870000.0,248512341.8,1.6,30.0,60.0,176002598.0,170941564.0,62675982881.0,6135731.5,476672.0
RJ,INDUSTRIA,2017,296375549.0,207701358.8,3.58,27.6,68.7,204882448.0,143642127.0,64028967709.0,6295290.3,457035.0
RJ,INDUSTRIA,2018,60223158.7,50153258.0,1.77,33.4,115.7,38329511.0,31989044.0,,6552622.6,443566.0
RJ,INDUSTRIA,2019,735949000.0,209140469.1,1.71,32.4,37.2,442656572.0,127322190.0,,,455077.0
RJ,INDUSTRIA,2021,13478457.5,0.0,1.25,24.0,36.0,5997702.0,0.0,,,
RJ,INFRAESTRUTURA,2002,1889890773.2,1888802354.2,4.59,23.2,116.8,3838473652.0,3847052614.0,,,
RJ,INFRAESTRUTURA,2003,2494473003.3,2507434074.4,4.44,18.5,87.3,3888244743.0,3908569078.0,,,
RJ,INFRAESTRUTURA,2004,1758725848.1,1670821100.4,4.35,10.8,93.9,2491801049.0,2370304169.0,,,
RJ,INFRAESTRUTURA,2005,954495432.8,761123194.2,4.03,18.3,145.0,1287304424.0,1027512101.0,,,
RJ,INFRAESTRUTURA,2006,1750806976.2,1660161014.1,3.65,21.8,122.4,2306756035.0,2188285983.0,,,
RJ,INFRAESTRUTURA,2007,6607223707.7,6790598605.3,3.07,35.7,197.1,8385109120.0,8628607568.0,,,
RJ,INFRAESTRUTURA,2008,1236461280.1,1074925263.1,3.57,34.7,169.6,1400755253.0,1215568006.0,,,
RJ,INFRAESTRUTURA,2009,4120262679.2,3320720296.9,3.08,24.5,156.1,4578093281.0,3689391718.0,,,
RJ,INFRAESTRUTURA,2010,3712875868.4,3743365280.0,3.09,20.1,175.5,3834599573.0,3875255129.0,,,
RJ,INFRAESTRUTURA,2011,9113234853.1,5485583884.0,3.04,24.1,125.1,8879083917.0,5318463645.0,,,
RJ,INFRAESTRUTURA,2012,8069998582.9,6216491328.6,2.94,22.0,126.5,7186026253.0,5549033942.0,,,
RJ,INFRAESTRUTURA,2013,9785061215.3,8836577107.6,2.73,25.8,130.3,8449187464.0,7643277244.0,,,
RJ,INFRAESTRUTURA,2014,9495659735.1,9172718651.9,2.78,16.2,120.5,7766933884.0,7501574177.0,,,
RJ,INFRAESTRUTURA,2015,4795940972.4,4569476431.9,3.43,17.7,139.8,3613463731.0,3445326983.0,,,
RJ,INFRAESTRUTURA,2016,1860501260.7,1851023397.1,2.39,13.2,136.5,1316330867.0,1309720093.0,,,
RJ,INFRAESTRUTURA,2017,2219213223.3,2017927540.2,3.65,12.2,93.8,1529315152.0,1389272288.0,,,
RJ,INFRAESTRUTURA,2018,2814375822.0,2009750306.0,2.83,23.1,122.7,1802458964.0,1286364338.0,,,
RJ,INFRAESTRUTURA,2019,2068768520.2,854354395.4,2.63,21.2,127.2,1227364653.0,506989553.0,,,
RJ,INFRAESTRUTURA,2020,4050692000.0,0.0,3.35,48.0,178.4,1970035931.0,0.0,,,
RJ,INFRAESTRUTURA,2021,65000000.0,0.0,2.64,18.0,267.0,29773845.0,0.0,,,
RN,AGROPECUARIA,2002,13162844.0,13257221.8,4.0,14.2,69.5,25691816.0,25876453.0,1050486875.0,3803264.7,18355.0
RN,AGROPECUARIA,2003,43207000.0,42398755.8,2.75,24.0,60.0,68112107.0,66837980.0,1422787240.0,3864816.6,22069.0
RN,AGROPECUARIA,2006,36790778.7,0.0,2.75,12.0,50.0,48361969.0,0.0,1348449658.0,4540388.7,21354.0
RN,AGROPECUARIA,2010,2081000.0,2054023.6,4.1,22.5,67.5,2192049.0,2163632.0,1148621884.0,4485748.1,14247.0
RN,INDUSTRIA,2002,20708000.0,15958418.5,3.5,12.0,60.0,41686784.0,32125512.0,6807373952.0,124960.9,58545.0
RN,INDUSTRIA,2004,16936000.0,16884502.5,4.8,6.0,54.0,24255206.0,24181453.0,6376600006.0,123198.7,60087.0
RN,INDUSTRIA,2005,26880000.0,26975276.3,9.0,12.0,12.0,36038127.0,36165839.0,7329615514.0,135315.5,62995.0
RN,INDUSTRIA,2008,35000000.0,35000000.0,7.0,24.0,72.0,39363745.0,39363745.0,8479055166.0,163513.6,83006.0
RN,INDUSTRIA,2010,5866000.0,2950000.0,4.5,18.0,66.0,6413769.0,3225472.0,7683076084.0,166726.1,89663.0
RN,INDUSTRIA,2011,24880000.0,11790999.9,2.02,16.5,55.5,24121382.0,11431479.0,8268156069.0,236945.4,87194.0
RN,INFRAESTRUTURA,2002,122946935.1,123101420.8,1.0,32.3,68.7,255042648.0,255363115.0,,,
RN,INFRAESTRUTURA,2003,2264000.0,2464863.8,4.65,18.0,62.0,3595978.0,3915016.0,,,
RN,INFRAESTRUTURA,2004,23434007.7,24009845.0,4.5,15.0,111.0,35525158.0,36398107.0,,,
RN,INFRAESTRUTURA,2005,97000000.0,86191099.5,2.17,20.0,72.0,130383327.0,115854457.0,,,
RN,INFRAESTRUTURA,2006,136000000.0,136686281.8,3.88,12.0,144.0,181541228.0,182457319.0,,,
RN,INFRAESTRUTURA,2009,32665700.0,19121169.9,2.34,3.0,60.0,36364484.0,21286286.0,,,
RN,INFRAESTRUTURA,2010,715646726.0,699213263.3,2.25,22.3,162.3,716674272.0,700030856.0,,,
RN,INFRAESTRUTURA,2011,1704852410.0,1696951414.9,1.82,25.0,173.5,1625626407.0,1618091792.0,,,
RN,INFRAESTRUTURA,2012,2062512442.8,2027636091.5,2.24,18.8,157.0,1854839666.0,1824062330.0,,,
RN,INFRAESTRUTURA,2013,1335569300.0,1275301261.4,1.84,7.9,153.6,1135061189.0,1083673519.0,,,
RN,INFRAESTRUTURA,2014,969999605.8,927427010.4,1.93,17.2,170.1,783620291.0,749277892.0,,,
RN,INFRAESTRUTURA,2015,2054097349.9,1916261125.9,2.17,10.7,191.4,1524278453.0,1422600158.0,,,
RN,INFRAESTRUTURA,2016,276371663.0,256209674.4,1.59,8.6,189.0,188231291.0,174460570.0,,,
RN,INFRAESTRUTURA,2017,908739836.0,912127005.9,2.21,9.4,186.0,627513349.0,629877151.0,,,
RN,INFRAESTRUTURA,2018,1021795000.0,942781999.9,2.2,1.3,133.3,644388668.0,593016275.0,,,
RN,INFRAESTRUTURA,2019,1335500000.0,328500000.0,2.44,49.3,236.6,796984056.0,199537696.0,,,
RN,INFRAESTRUTURA,2020,1577418000.0,62793215.5,2.45,32.8,205.9,803780540.0,35682500.0,,,
RN,INFRAESTRUTURA,2021,216712000.0,0.0,2.38,12.0,189.0,95000570.0,0.0,,,
RO,INDUSTRIA,2009,118552000.0,116837921.0,2.36,24.0,60.0,132383601.0,130469539.0,3485798048.0,40822.5,34736.0
RO,INDUSTRIA,2010,63432000.0,63193432.9,2.06,12.0,60.0,69355297.0,69094452.0,4779253946.0,207417.3,37057.0
RO,INFRAESTRUTURA,2002,129064406.3,129479257.2,2.25,19.0,72.0,219340160.0,220175286.0,,,
RO,INFRAESTRUTURA,2003,43665533.1,43665533.1,1.0,0.0,55.0,68834945.0,68834945.0,,,
RO,INFRAESTRUTURA,2009,12455172400.0,12445230973.6,2.95,72.2,219.8,13775679278.0,13764672727.0,,,
RO,INFRAESTRUTURA,2011,237728836.2,237728836.2,2.76,10.5,184.0,232086211.0,232086211.0,,,
RO,INFRAESTRUTURA,2012,1875995000.0,1876185509.4,2.55,20.5,228.5,1666842457.0,1667011726.0,,,
RO,INFRAESTRUTURA,2013,1990000000.0,1991450165.9,3.19,46.0,201.0,1719068794.0,1720321525.0,,,
RO,INFRAESTRUTURA,2019,232500000.0,220350000.0,2.59,44.0,240.0,141782239.0,134372973.0,,,
RO,INFRAESTRUTURA,2020,198232000.0,0.0,3.22,12.0,153.0,95494307.0,0.0,,,
RS,AGROPECUARIA,2002,3738083.2,3730326.4,3.5,6.0,60.0,6214351.0,6201456.0,17497507906.0,55625266.3,69952.0
RS,AGROPECUARIA,2003,166910245.0,165955253.9,3.5,12.0,57.2,262024349.0,260525154.0,23447682572.0,62346974.1,72225.0
RS,AGROPECUARIA,2004,237112216.7,229566765.2,4.29,18.7,61.2,340686685.0,329104374.0,19716790488.0,58959861.3,74477.0
RS,AGROPECUARIA,2005,2488814.9,2505450.0,2.9,6.0,72.0,3312797.0,3334939.0,11713891545.0,53573934.8,73263.0
RS,AGROPECUARIA,2008,50918138.7,50802633.3,2.27,10.0,78.0,59418286.0,59281738.0,18425389023.0,57845191.9,78079.0
RS,AGROPECUARIA,2011,47673000.0,38160826.7,2.32,78.0,24.0,45307803.0,36267556.0,17427518952.0,58885814.4,83380.0
RS,AGROPECUARIA,2013,59379000.0,16721031.9,2.35,84.0,24.0,50462919.0,14259545.0,22899573086.0,59761049.2,82627.0
RS,AGROPECUARIA,2014,23756000.0,22390000.0,5.06,28.3,88.3,19163565.0,18061635.0,21322311893.0,58547841.6,81762.0
RS,AGROPECUARIA,2020,2932200.0,2932200.0,4.28,32.0,160.0,1511544.0,1511544.0,,,
RS,AGROPECUARIA,2021,4261603.3,0.0,4.54,35.5,156.5,1887504.0,0.0,,,
RS,INDUSTRIA,2002,100087852.1,110324691.2,4.33,23.6,64.0,189606574.0,209173696.0,42638302578.0,679476.9,581979.0
RS,INDUSTRIA,2003,7912000.0,7959652.1,4.5,18.0,66.0,12099579.0,12172452.0,45567497020.0,659766.2,597937.0
RS,INDUSTRIA,2004,120007288.2,120104593.1,5.5,14.6,43.7,164699595.0,164827206.0,50355628286.0,613627.2,647780.0
RS,INDUSTRIA,2005,394331924.6,396458612.6,5.25,19.4,34.6,528832620.0,531676932.0,47018661112.0,557993.3,631438.0
RS,INDUSTRIA,2006,377920270.0,376655341.2,3.12,17.8,63.3,492361720.0,490719917.0,44441307822.0,568053.7,649745.0
RS,INDUSTRIA,2007,373443584.8,369632208.1,2.74,23.4,63.0,470124091.0,465405453.0,45659708398.0,626749.9,683769.0
RS,INDUSTRIA,2008,556639812.9,560889835.1,3.39,18.0,67.9,633065814.0,637925259.0,47872739179.0,751998.5,698079.0
RS,INDUSTRIA,2009,1256731146.6,1242858309.6,3.85,19.4,62.8,1392684134.0,1377292977.0,52223277657.0,722660.7,695527.0
RS,INDUSTRIA,2010,88603000.0,88602999.9,2.84,20.4,51.6,94018274.0,94018274.0,57499409461.0,775493.8,754299.0
RS,INDUSTRIA,2011,1362666227.0,1362287506.0,2.53,22.3,69.4,1319444842.0,1319011328.0,56727694525.0,793483.5,775921.0
RS,INDUSTRIA,2012,2739514118.5,2356725655.7,2.99,18.7,71.7,2421146011.0,2083219877.0,55929036572.0,811743.1,772211.0
RS,INDUSTRIA,2013,443052187.0,433114434.5,2.83,17.6,58.8,382184265.0,373556330.0,55248069296.0,827171.1,784807.0
RS,INDUSTRIA,2014,407710175.0,447329589.9,3.4,17.3,74.8,335146270.0,367653083.0,53448750285.0,767257.4,768482.0
RS,INDUSTRIA,2015,196614000.0,186638101.9,5.33,20.5,80.0,150482470.0,142594952.0,53106320497.0,662780.6,711478.0
RS,INDUSTRIA,2016,155451912.0,155381738.7,3.4,24.0,60.0,106956885.0,106906683.0,51869525984.0,546675.3,677235.0
RS,INDUSTRIA,2017,142620000.0,130807631.6,3.81,33.6,64.0,97854190.0,89784138.0,50224852849.0,507959.9,665259.0
RS,INDUSTRIA,2018,49363000.0,49363000.0,4.45,24.0,66.0,32073142.0,32073142.0,,488193.0,663651.0
RS,INDUSTRIA,2019,108792000.0,68452400.0,5.19,20.6,58.3,65982334.0,41536490.0,,,670161.0
RS,INDUSTRIA,2020,51087752.6,51087752.6,4.31,32.0,116.0,29459899.0,29459899.0,,,
RS,INDUSTRIA,2021,125207060.0,0.0,2.33,25.0,77.8,55184211.0,0.0,,,
RS,INFRAESTRUTURA,2002,389811871.4,395554769.9,3.36,17.2,93.5,725480557.0,735807857.0,,,
RS,INFRAESTRUTURA,2003,515772861.5,531655092.9,3.08,23.5,129.0,811384832.0,836206124.0,,,
RS,INFRAESTRUTURA,2004,755197738.6,773205724.2,4.96,27.0,151.9,1104609153.0,1131462356.0,,,
RS,INFRAESTRUTURA,2005,949734471.7,954185372.9,3.79,14.0,128.7,1280357772.0,1286293709.0,,,
RS,INFRAESTRUTURA,2006,166236860.2,166732452.2,4.45,9.2,74.8,219624942.0,220280364.0,,,
RS,INFRAESTRUTURA,2007,484244649.1,483312854.4,3.9,17.1,149.1,611390540.0,610317220.0,,,
RS,INFRAESTRUTURA,2008,1222300795.6,1205091714.5,2.33,35.0,136.4,1414959444.0,1395599317.0,,,
RS,INFRAESTRUTURA,2009,295728440.5,292468882.1,3.19,18.5,153.5,327580047.0,323953236.0,,,
RS,INFRAESTRUTURA,2010,187009786.8,172978676.6,3.06,14.6,79.9,188847043.0,174662783.0,,,
RS,INFRAESTRUTURA,2011,1121109408.0,1117607689.5,2.67,19.7,149.1,1081421522.0,1078003259.0,,,
RS,INFRAESTRUTURA,2012,886144493.2,764692091.8,2.51,18.0,96.8,802795173.0,691144157.0,,,
RS,INFRAESTRUTURA,2013,1181484753.0,1172435532.8,2.24,15.1,165.3,1002080712.0,994420635.0,,,
RS,INFRAESTRUTURA,2014,1280655739.4,1269138061.8,1.96,10.7,179.8,1042982851.0,1033567643.0,,,
RS,INFRAESTRUTURA,2015,670984782.0,670566033.1,1.94,9.3,137.3,515423370.0,515103339.0,,,
RS,INFRAESTRUTURA,2016,633234000.0,632918248.9,3.59,8.4,201.9,452313530.0,452079139.0,,,
RS,INFRAESTRUTURA,2017,834294820.0,821528421.0,2.94,4.6,175.9,569981673.0,561224199.0,,,
RS,INFRAESTRUTURA,2018,3606372000.0,2632065551.9,2.4,25.4,151.9,2322050173.0,1700237391.0,,,
RS,INFRAESTRUTURA,2019,2115198000.0,740000000.0,2.71,83.4,204.2,1265643250.0,448146264.0,,,
RS,INFRAESTRUTURA,2020,1497741136.7,527000000.0,2.71,48.0,36.3,866910993.0,304984350.0,,,
SC,AGROPECUARIA,2005,16530000.0,16771390.4,6.0,24.0,72.0,22218932.0,22543399.0,8456199057.0,22707998.7,44511.0
SC,AGROPECUARIA,2007,16417319.2,16423393.3,4.0,24.0,96.0,20684534.0,20692186.0,8295826896.0,21875838.6,42864.0
SC,AGROPECUARIA,2008,17043771.2,17424022.7,4.92,24.0,72.0,19549118.0,19985264.0,9732607380.0,23751004.7,42802.0
SC,AGROPECUARIA,2009,20000000.0,20000000.0,6.75,12.0,84.0,22207038.0,22207038.0,9307405814.0,22331894.3,44254.0
SC,AGROPECUARIA,2018,54605000.0,52968356.0,5.08,18.0,102.0,35099641.0,34058095.0,,20288720.5,39732.0
SC,INDUSTRIA,2002,286062705.1,285736029.5,3.14,34.0,57.5,483445230.0,480161341.0,28038724986.0,148838.2,435385.0
SC,INDUSTRIA,2003,200379500.6,204913735.3,4.66,22.1,50.2,313329022.0,320434994.0,28794359890.0,98065.3,447995.0
SC,INDUSTRIA,2004,71855166.8,73260033.5,4.9,16.0,24.0,106982380.0,109088184.0,32823154440.0,84468.6,498525.0
SC,INDUSTRIA,2005,425023693.5,386656381.8,4.74,10.8,38.6,572611868.0,521142810.0,32107157858.0,77482.0,514502.0
SC,INDUSTRIA,2006,121809178.0,110812929.4,4.44,25.4,74.6,161068340.0,146518147.0,34157842680.0,81816.0,550065.0
SC,INDUSTRIA,2007,370474022.8,370556291.8,3.02,22.4,56.8,467812977.0,467909974.0,39209592580.0,104195.4,593736.0
SC,INDUSTRIA,2008,502758398.0,502419799.9,4.84,18.7,67.3,561686957.0,561309858.0,39549835122.0,147525.6,606774.0
SC,INDUSTRIA,2009,382705648.2,369493433.3,4.26,20.9,57.4,423946899.0,409327521.0,37313640413.0,133868.3,610309.0
SC,INDUSTRIA,2010,1092233715.9,1041670661.7,3.0,19.9,59.6,1147517787.0,1095293436.0,42611872258.0,163845.3,655295.0
SC,INDUSTRIA,2011,590001435.0,391038540.9,2.91,21.9,65.1,578048848.0,382797233.0,45766448469.0,355778.3,670858.0
SC,INDUSTRIA,2012,593574092.0,584557611.6,2.86,19.6,74.3,532654247.0,524562213.0,44784027907.0,712636.8,668426.0
SC,INDUSTRIA,2013,321529203.6,320058940.1,3.26,17.8,60.7,274662709.0,273403213.0,44328111790.0,642171.9,707917.0
SC,INDUSTRIA,2014,832612401.4,781050845.3,3.16,20.1,85.4,680275645.0,638659485.0,45826652552.0,816338.3,712929.0
SC,INDUSTRIA,2015,404146600.0,346403016.8,3.29,20.4,72.2,314236885.0,268944855.0,41331210799.0,676984.4,676016.0
SC,INDUSTRIA,2016,330124622.1,234436018.7,3.28,12.0,89.6,228653292.0,163065158.0,37508911341.0,527268.6,656772.0
SC,INDUSTRIA,2017,197136000.0,171989450.8,4.56,21.4,64.3,135408562.0,117847482.0,38680587979.0,514366.5,671552.0
SC,INDUSTRIA,2018,184709809.0,177744177.2,7.15,20.6,90.9,117156556.0,112742501.0,,513045.1,685572.0
SC,INDUSTRIA,2019,175825000.0,155880130.5,3.17,28.5,57.0,108037112.0,95799809.0,,,709522.0
SC,INDUSTRIA,2020,432561225.5,145988562.2,3.8,33.4,88.3,221334129.0,73323204.0,,,
SC,INDUSTRIA,2021,220953555.1,0.0,1.68,31.6,84.4,100386931.0,0.0,,,
SC,INFRAESTRUTURA,2002,284553974.1,188683268.3,4.0,19.4,123.8,504446870.0,344163428.0,,,
SC,INFRAESTRUTURA,2003,793235258.3,788896961.6,4.1,33.5,112.4,1228753639.0,1221851144.0,,,
SC,INFRAESTRUTURA,2004,6187500.0,6350768.2,3.5,24.0,72.0,8747119.0,8977928.0,,,
SC,INFRAESTRUTURA,2005,194985498.5,117254880.2,3.2,12.0,88.0,259480337.0,156242416.0,,,
SC,INFRAESTRUTURA,2006,296648000.7,292510752.6,4.04,12.6,139.3,395016941.0,389488489.0,,,
SC,INFRAESTRUTURA,2007,2006082093.7,1988577416.6,2.73,41.8,173.0,2502230449.0,2480522276.0,,,
SC,INFRAESTRUTURA,2008,300180902.9,299413895.1,3.24,37.9,148.7,329998065.0,329149391.0,,,
SC,INFRAESTRUTURA,2009,1452352732.2,1421979728.0,3.23,19.5,150.0,1614347609.0,1580682961.0,,,
SC,INFRAESTRUTURA,2010,1037705112.8,1102935308.1,3.65,27.9,211.5,1059174295.0,1127878102.0,,,
SC,INFRAESTRUTURA,2011,1233071677.2,1173201812.2,3.47,25.2,178.8,1200965465.0,1144024816.0,,,
SC,INFRAESTRUTURA,2012,1248782777.5,1522442582.1,3.12,24.9,197.9,1124924083.0,1368247547.0,,,
SC,INFRAESTRUTURA,2013,198413000.0,198413000.0,2.58,5.5,68.0,168220187.0,168220187.0,,,
SC,INFRAESTRUTURA,2014,510454225.1,507106774.8,2.92,18.0,190.7,419981242.0,417192692.0,,,
SC,INFRAESTRUTURA,2015,821654965.5,798903075.8,3.12,18.5,200.9,644701731.0,626838823.0,,,
SC,INFRAESTRUTURA,2017,43780355.0,43537056.4,3.87,4.0,102.0,30247058.0,30078117.0,,,
SC,INFRAESTRUTURA,2018,673755906.8,679023467.8,3.26,4.5,180.1,439874237.0,443459921.0,,,
SC,INFRAESTRUTURA,2019,249930919.1,136844421.8,2.68,29.0,154.0,156596296.0,86352970.0,,,
SC,INFRAESTRUTURA,2020,154681722.4,97185782.9,3.0,12.0,34.7,87975060.0,55920635.0,,,
SC,INFRAESTRUTURA,2021,28718410.7,0.0,3.31,1.0,180.0,13154731.0,0.0,,,
SE,INDUSTRIA,2006,122229989.0,122952906.1,1.65,24.0,60.0,163234682.0,164200118.0,5971435951.0,1398312.2,39501.0
SE,INDUSTRIA,2011,32365742.0,25099971.2,3.21,24.0,60.0,31597524.0,24504209.0,7139047198.0,1718571.5,55958.0
SE,INDUSTRIA,2013,39308000.0,34602834.2,2.5,15.4,48.0,34164076.0,30055217.0,6425366289.0,1710455.4,57750.0
SE,INFRAESTRUTURA,2002,32452273.3,29632400.0,1.0,11.5,29.2,67311583.0,61467610.0,,,
SE,INFRAESTRUTURA,2003,238661000.0,241657831.1,5.0,7.0,144.0,367219260.0,371830378.0,,,
SE,INFRAESTRUTURA,2009,250481900.0,242153074.7,1.9,35.1,120.0,276581749.0,267385073.0,,,
SE,INFRAESTRUTURA,2013,65322200.0,54885796.8,2.91,3.3,70.9,56366025.0,47353345.0,,,
SE,INFRAESTRUTURA,2015,208557371.3,203005735.8,3.62,14.6,54.7,152199184.0,148147759.0,,,
SE,INFRAESTRUTURA,2017,9499587.0,0.0,2.26,13.0,76.0,6553231.0,0.0,,,
SE,INFRAESTRUTURA,2019,10000000.0,6500000.0,4.1,24.0,36.0,5931943.0,3855763.0,,,
SE,INFRAESTRUTURA,2020,101400000.0,0.0,3.0,46.5,34.0,48847425.0,0.0,,,
SP,AGROPECUARIA,2003,73154000.0,71826886.5,5.0,14.6,60.9,113790508.0,111682200.0,26114816881.0,54338423.4,315650.0
SP,AGROPECUARIA,2004,22059100.0,22027284.8,5.12,24.0,72.0,30932033.0,30884805.0,22865495615.0,52015043.3,342587.0
SP,AGROPECUARIA,2006,134368565.0,118814926.2,2.72,34.8,72.0,176616932.0,156416679.0,26354041926.0,50673851.2,357108.0
SP,AGROPECUARIA,2007,88686031.0,88629711.2,3.73,20.6,54.9,112632578.0,112568129.0,26834551905.0,51072040.9,369141.0
SP,AGROPECUARIA,2009,268869873.9,265242546.7,3.25,18.0,92.6,295261897.0,291289339.0,25599122533.0,49536597.5,372451.0
SP,AGROPECUARIA,2010,88831000.0,56913618.0,2.77,77.5,24.0,92753295.0,59822823.0,22631448892.0,49242939.1,331411.0
SP,AGROPECUARIA,2011,29882000.0,19766746.5,2.15,84.0,24.0,29172734.0,19297572.0,21576039004.0,47849677.1,364091.0
SP,AGROPECUARIA,2012,948812147.4,766663967.4,2.41,35.2,79.4,841749786.0,680580846.0,20363353713.0,49182819.1,355148.0
SP,AGROPECUARIA,2013,667353283.5,577516974.5,2.86,20.5,78.3,573926597.0,496396563.0,21048661048.0,51103808.3,340153.0
SP,AGROPECUARIA,2014,241384844.0,241384844.0,3.82,18.0,54.0,198535427.0,198535427.0,20164561986.0,47385093.5,327604.0
SP,AGROPECUARIA,2015,123671561.0,118430926.6,3.68,42.0,51.4,97540908.0,93649800.0,18052265275.0,44935350.4,336574.0
SP,AGROPECUARIA,2016,156064836.0,125790147.3,2.81,39.7,43.4,109986512.0,88598592.0,22728496089.0,47660034.9,314746.0
SP,AGROPECUARIA,2017,206058662.0,206127210.6,4.08,18.8,51.8,141436354.0,141483265.0,22351283548.0,47775603.1,336760.0
SP,AGROPECUARIA,2018,202822551.3,171469531.2,3.09,22.9,84.0,132956705.0,112331342.0,,42126070.4,323537.0
SP,INDUSTRIA,2002,732160207.1,764516812.5,3.26,19.8,55.0,1336404721.0,1397111280.0,224570265520.0,12867384.0,1973231.0
SP,INDUSTRIA,2003,315612076.0,314171457.7,3.64,16.1,62.8,490800397.0,488659757.0,239147053509.0,13477383.3,2018872.0
SP,INDUSTRIA,2004,295747904.6,296246684.6,4.39,14.7,57.0,415326650.0,416062718.0,255154297237.0,14983842.7,2211227.0
SP,INDUSTRIA,2005,2603541933.8,2600891952.8,5.18,21.0,32.9,3497072451.0,3493403926.0,265153102935.0,14556781.6,2292927.0
SP,INDUSTRIA,2006,2679276277.8,2526375047.3,2.63,21.0,61.8,3512182944.0,3311767949.0,253805864237.0,15628762.8,2472378.0
SP,INDUSTRIA,2007,3202134082.1,3143274022.4,3.23,18.9,66.6,4009082810.0,3936545556.0,273618466255.0,10289340.4,2652780.0
SP,INDUSTRIA,2008,4463179734.6,3885550506.0,2.76,18.3,73.0,5073125862.0,4408616840.0,274409094227.0,9907479.6,2747968.0
SP,INDUSTRIA,2009,3572995746.3,3353529802.6,3.1,15.9,64.3,3964917512.0,3720926974.0,267458050510.0,8459910.1,2714326.0
SP,INDUSTRIA,2010,2613578552.3,2545771620.4,3.09,17.3,55.5,2786118625.0,2713934666.0,290102478078.0,9719339.5,2900313.0
SP,INDUSTRIA,2011,4687644095.9,4536317073.7,3.49,20.8,76.4,4544629413.0,4396770321.0,281908732517.0,9375036.6,2954962.0
SP,INDUSTRIA,2012,2037859243.4,1969553234.8,2.71,22.2,69.1,1853755388.0,1790276058.0,262191752117.0,9626252.9,2944039.0
SP,INDUSTRIA,2013,5280844449.1,4855432053.0,2.77,20.1,84.1,4474416588.0,4115177274.0,257024759955.0,9429179.2,2959410.0
SP,INDUSTRIA,2014,3359757987.2,2711821109.4,3.11,22.5,58.0,2757004770.0,2231491482.0,252093902118.0,8805437.2,2869780.0
SP,INDUSTRIA,2015,1016665040.0,647522540.7,2.87,23.5,60.0,774606691.0,498480281.0,244589491788.0,7683865.4,2643539.0
SP,INDUSTRIA,2016,711540634.2,662077603.7,2.25,21.9,59.9,497232739.0,462442630.0,234389938804.0,4466224.0,2490382.0
SP,INDUSTRIA,2017,645070305.9,391239511.0,2.84,22.4,61.5,445620793.0,270279502.0,231815547349.0,4267070.9,2449731.0
SP,INDUSTRIA,2018,3321857245.0,2641133850.1,2.97,24.3,86.4,2151877730.0,1711915451.0,,4173596.8,2443372.0
SP,INDUSTRIA,2019,762307478.0,437228335.9,3.08,26.2,93.4,465632083.0,268182944.0,,,2485984.0
SP,INDUSTRIA,2020,1433016054.5,717574129.3,2.57,30.1,86.8,799760988.0,417741448.0,,,
SP,INDUSTRIA,2021,395715268.1,0.0,2.39,18.0,77.7,169857822.0,0.0,,,
SP,INFRAESTRUTURA,2002,4480727794.6,4477688269.7,2.77,26.0,73.8,8963345118.0,8975688680.0,,,
SP,INFRAESTRUTURA,2003,1176080618.5,1215257517.9,4.0,17.4,68.3,1817600445.0,1877921947.0,,,
SP,INFRAESTRUTURA,2004,1113909691.8,1176041239.2,4.2,15.0,92.8,1594667247.0,1684358826.0,,,
SP,INFRAESTRUTURA,2005,2721342645.7,2649612012.4,4.6,19.8,69.7,3664839051.0,3567891671.0,,,
SP,INFRAESTRUTURA,2006,1521594442.4,1377824744.3,3.82,24.3,73.3,1982024145.0,1794680620.0,,,
SP,INFRAESTRUTURA,2007,3732134222.8,3554849127.4,2.38,19.4,80.8,4621722606.0,4401332863.0,,,
SP,INFRAESTRUTURA,2008,3896339422.3,3631652376.0,2.38,22.1,87.4,4407052309.0,4114008751.0,,,
SP,INFRAESTRUTURA,2009,4870762392.9,4498839013.3,3.66,15.1,93.7,5403745646.0,4990108796.0,,,
SP,INFRAESTRUTURA,2010,6663436458.6,6787996620.7,3.15,19.5,106.3,6899069582.0,7027926342.0,,,
SP,INFRAESTRUTURA,2011,4018449090.1,3896611860.4,3.27,17.3,98.0,3892659913.0,3776197909.0,,,
SP,INFRAESTRUTURA,2012,5394682264.7,4870454273.4,2.04,20.1,79.7,4802686630.0,4331198817.0,,,
SP,INFRAESTRUTURA,2013,6941069805.0,5722213809.0,2.24,26.4,107.6,5945337022.0,4897074847.0,,,
SP,INFRAESTRUTURA,2014,11233704401.8,8902745840.2,3.08,16.9,105.8,9184312830.0,7284012282.0,,,
SP,INFRAESTRUTURA,2015,5939050816.9,5329192295.2,3.03,14.4,118.8,4640049060.0,4172347452.0,,,
SP,INFRAESTRUTURA,2016,110725000.0,117709714.0,2.37,20.0,116.7,78475890.0,83426277.0,,,
SP,INFRAESTRUTURA,2017,1956503457.6,1646236885.0,2.85,8.3,130.1,1357059276.0,1141102337.0,,,
SP,INFRAESTRUTURA,2018,7221537798.0,3536148101.8,3.2,31.4,126.8,4603742382.0,2256716179.0,,,
SP,INFRAESTRUTURA,2019,2506972427.4,1154112616.2,2.62,26.9,100.1,1493524013.0,688682405.0,,,
SP,INFRAESTRUTURA,2020,8604549116.2,3386588616.2,2.91,39.9,145.8,4564537283.0,1898493810.0,,,
SP,INFRAESTRUTURA,2021,128732000.0,0.0,3.0,12.0,153.0,60456287.0,0.0,,,
TO,AGROPECUARIA,2011,11494000.0,11494000.0,2.45,84.0,84.0,11156409.0,11156409.0,1934147557.0,35966454.9,15838.0
TO,INDUSTRIA,2009,161003000.0,158723698.5,2.28,24.0,60.0,178357463.0,175832476.0,2333756035.0,48177.9,16282.0
TO,INDUSTRIA,2011,221555475.0,223451038.5,3.43,38.3,53.7,212044054.0,213854235.0,2959717801.0,188332.0,19454.0
TO,INDUSTRIA,2013,45000000.0,46017626.0,4.88,30.8,56.2,39325614.0,40214920.0,2860465968.0,183798.7,21368.0
TO,INFRAESTRUTURA,2002,6042311.6,6038798.6,1.0,3.0,7.5,12534246.0,12526959.0,,,
TO,INFRAESTRUTURA,2003,1404139.3,1576560.4,1.0,6.0,24.0,2147307.0,2410986.0,,,
TO,INFRAESTRUTURA,2004,586250000.0,595390894.4,4.5,38.0,53.5,851159952.0,864431359.0,,,
TO,INFRAESTRUTURA,2007,266074130.0,266686830.1,2.98,28.0,168.0,340652988.0,341437424.0,,,
TO,INFRAESTRUTURA,2008,2267473700.0,2270586744.2,1.8,41.4,192.0,2660837082.0,2664490180.0,,,
TO,INFRAESTRUTURA,2010,693353000.0,692261399.9,1.23,18.0,173.2,698151521.0,697052366.0,,,
TO,INFRAESTRUTURA,2011,34192000.0,34122000.0,0.86,12.0,139.5,33149447.0,33081582.0,,,
TO,INFRAESTRUTURA,2014,18976000.0,16049428.2,1.76,4.0,72.0,15628697.0,13218362.0,,,
TO,INFRAESTRUTURA,2015,182033613.3,175096103.3,3.71,15.1,54.9,132842905.0,127780109.0,,,
TO,INFRAESTRUTURA,2020,168671000.0,0.0,3.0,12.0,153.0,81253886.0,0.0,,,
