Coluna;UF;IBGE Setor
Ano;11 - Rondônia;11 - Rondônia;11 - Rondônia;11 - Rondônia;11 - Rondônia;11 - Rondônia;11 - Rondônia;11 - Rondônia;11 - Rondônia;12 - Acre;12 - Acre;12 - Acre;12 - Acre;12 - Acre;12 - Acre;12 - Acre;12 - Acre;12 - Acre;13 - Amazonas;13 - Amazonas;13 - Amazonas;13 - Amazonas;13 - Amazonas;13 - Amazonas;13 - Amazonas;13 - Amazonas;13 - Amazonas;14 - Roraima;14 - Roraima;14 - Roraima;14 - Roraima;14 - Roraima;14 - Roraima;14 - Roraima;14 - Roraima;14 - Roraima;15 - Pará;15 - Pará;15 - Pará;15 - Pará;15 - Pará;15 - Pará;15 - Pará;15 - Pará;15 - Pará;16 - Amapá;16 - Amapá;16 - Amapá;16 - Amapá;16 - Amapá;16 - Amapá;16 - Amapá;16 - Amapá;16 - Amapá;17 - Tocantins;17 - Tocantins;17 - Tocantins;17 - Tocantins;17 - Tocantins;17 - Tocantins;17 - Tocantins;17 - Tocantins;17 - Tocantins;21 - Maranhão;21 - Maranhão;21 - Maranhão;21 - Maranhão;21 - Maranhão;21 - Maranhão;21 - Maranhão;21 - Maranhão;21 - Maranhão;22 - Piauí;22 - Piauí;22 - Piauí;22 - Piauí;22 - Piauí;22 - Piauí;22 - Piauí;22 - Piauí;22 - Piauí;23 - Ceará;23 - Ceará;23 - Ceará;23 - Ceará;23 - Ceará;23 - Ceará;23 - Ceará;23 - Ceará;23 - Ceará;24 - Rio Grande do Norte;24 - Rio Grande do Norte;24 - Rio Grande do Norte;24 - Rio Grande do Norte;24 - Rio Grande do Norte;24 - Rio Grande do Norte;24 - Rio Grande do Norte;24 - Rio Grande do Norte;24 - Rio Grande do Norte;25 - Paraíba;25 - Paraíba;25 - Paraíba;25 - Paraíba;25 - Paraíba;25 - Paraíba;25 - Paraíba;25 - Paraíba;25 - Paraíba;26 - Pernambuco;26 - Pernambuco;26 - Pernambuco;26 - Pernambuco;26 - Pernambuco;26 - Pernambuco;26 - Pernambuco;26 - Pernambuco;26 - Pernambuco;27 - Alagoas;27 - Alagoas;27 - Alagoas;27 - Alagoas;27 - Alagoas;27 - Alagoas;27 - Alagoas;27 - Alagoas;27 - Alagoas;28 - Sergipe;28 - Sergipe;28 - Sergipe;28 - Sergipe;28 - Sergipe;28 - Sergipe;28 - Sergipe;28 - Sergipe;28 - Sergipe;29 - Bahia;29 - Bahia;29 - Bahia;29 - Bahia;29 - Bahia;29 - Bahia;29 - Bahia;29 - Bahia;29 - Bahia;29 - Bahia;31 - Minas Gerais;31 - Minas Gerais;31 - Minas Gerais;31 - Minas Gerais;31 - Minas Gerais;31 - Minas Gerais;31 - Minas Gerais;31 - Minas Gerais;31 - Minas Gerais;32 - Espírito Santo;32 - Espírito Santo;32 - Espírito Santo;32 - Espírito Santo;32 - Espírito Santo;32 - Espírito Santo;32 - Espírito Santo;32 - Espírito Santo;32 - Espírito Santo;33 - Rio de Janeiro;33 - Rio de Janeiro;33 - Rio de Janeiro;33 - Rio de Janeiro;33 - Rio de Janeiro;33 - Rio de Janeiro;33 - Rio de Janeiro;33 - Rio de Janeiro;33 - Rio de Janeiro;35 - São Paulo;35 - São Paulo;35 - São Paulo;35 - São Paulo;35 - São Paulo;35 - São Paulo;35 - São Paulo;35 - São Paulo;35 - São Paulo;35 - São Paulo;41 - Paraná;41 - Paraná;41 - Paraná;41 - Paraná;41 - Paraná;41 - Paraná;41 - Paraná;41 - Paraná;41 - Paraná;41 - Paraná;42 - Santa Catarina;42 - Santa Catarina;42 - Santa Catarina;42 - Santa Catarina;42 - Santa Catarina;42 - Santa Catarina;42 - Santa Catarina;42 - Santa Catarina;42 - Santa Catarina;42 - Santa Catarina;43 - Rio Grande do Sul;43 - Rio Grande do Sul;43 - Rio Grande do Sul;43 - Rio Grande do Sul;43 - Rio Grande do Sul;43 - Rio Grande do Sul;43 - Rio Grande do Sul;43 - Rio Grande do Sul;43 - Rio Grande do Sul;50 - Mato Grosso do Sul;50 - Mato Grosso do Sul;50 - Mato Grosso do Sul;50 - Mato Grosso do Sul;50 - Mato Grosso do Sul;50 - Mato Grosso do Sul;50 - Mato Grosso do Sul;50 - Mato Grosso do Sul;50 - Mato Grosso do Sul;51 - Mato Grosso;51 - Mato Grosso;51 - Mato Grosso;51 - Mato Grosso;51 - Mato Grosso;51 - Mato Grosso;51 - Mato Grosso;51 - Mato Grosso;51 - Mato Grosso;52 - Goiás;52 - Goiás;52 - Goiás;52 - Goiás;52 - Goiás;52 - Goiás;52 - Goiás;52 - Goiás;52 - Goiás;53 - Distrito Federal;53 - Distrito Federal;53 - Distrito Federal;53 - Distrito Federal;53 - Distrito Federal;53 - Distrito Federal;53 - Distrito Federal;53 - Distrito Federal;53 - Distrito Federal;53 - Distrito Federal;Total;Total;Total;Total;Total;Total;Total;Total;Total;Total
;1 - Extrativa mineral;2 - Indústria de transformação;3 - Servicos industriais de utilidade pública;4 - Construção Civil;5 - Comércio;6 - Serviços;7 - Administração Pública;8 - Agropecuária, extração vegetal, caça e pesca;Total;1 - Extrativa mineral;2 - Indústria de transformação;3 - Servicos industriais de utilidade pública;4 - Construção Civil;5 - Comércio;6 - Serviços;7 - Administração Pública;8 - Agropecuária, extração vegetal, caça e pesca;Total;1 - Extrativa mineral;2 - Indústria de transformação;3 - Servicos industriais de utilidade pública;4 - Construção Civil;5 - Comércio;6 - Serviços;7 - Administração Pública;8 - Agropecuária, extração vegetal, caça e pesca;Total;1 - Extrativa mineral;2 - Indústria de transformação;3 - Servicos industriais de utilidade pública;4 - Construção Civil;5 - Comércio;6 - Serviços;7 - Administração Pública;8 - Agropecuária, extração vegetal, caça e pesca;Total;1 - Extrativa mineral;2 - Indústria de transformação;3 - Servicos industriais de utilidade pública;4 - Construção Civil;5 - Comércio;6 - Serviços;7 - Administração Pública;8 - Agropecuária, extração vegetal, caça e pesca;Total;1 - Extrativa mineral;2 - Indústria de transformação;3 - Servicos industriais de utilidade pública;4 - Construção Civil;5 - Comércio;6 - Serviços;7 - Administração Pública;8 - Agropecuária, extração vegetal, caça e pesca;Total;1 - Extrativa mineral;2 - Indústria de transformação;3 - Servicos industriais de utilidade pública;4 - Construção Civil;5 - Comércio;6 - Serviços;7 - Administração Pública;8 - Agropecuária, extração vegetal, caça e pesca;Total;1 - Extrativa mineral;2 - Indústria de transformação;3 - Servicos industriais de utilidade pública;4 - Construção Civil;5 - Comércio;6 - Serviços;7 - Administração Pública;8 - Agropecuária, extração vegetal, caça e pesca;Total;1 - Extrativa mineral;2 - Indústria de transformação;3 - Servicos industriais de utilidade pública;4 - Construção Civil;5 - Comércio;6 - Serviços;7 - Administração Pública;8 - Agropecuária, extração vegetal, caça e pesca;Total;1 - Extrativa mineral;2 - Indústria de transformação;3 - Servicos industriais de utilidade pública;4 - Construção Civil;5 - Comércio;6 - Serviços;7 - Administração Pública;8 - Agropecuária, extração vegetal, caça e pesca;Total;1 - Extrativa mineral;2 - Indústria de transformação;3 - Servicos industriais de utilidade pública;4 - Construção Civil;5 - Comércio;6 - Serviços;7 - Administração Pública;8 - Agropecuária, extração vegetal, caça e pesca;Total;1 - Extrativa mineral;2 - Indústria de transformação;3 - Servicos industriais de utilidade pública;4 - Construção Civil;5 - Comércio;6 - Serviços;7 - Administração Pública;8 - Agropecuária, extração vegetal, caça e pesca;Total;1 - Extrativa mineral;2 - Indústria de transformação;3 - Servicos industriais de utilidade pública;4 - Construção Civil;5 - Comércio;6 - Serviços;7 - Administração Pública;8 - Agropecuária, extração vegetal, caça e pesca;Total;1 - Extrativa mineral;2 - Indústria de transformação;3 - Servicos industriais de utilidade pública;4 - Construção Civil;5 - Comércio;6 - Serviços;7 - Administração Pública;8 - Agropecuária, extração vegetal, caça e pesca;Total;1 - Extrativa mineral;2 - Indústria de transformação;3 - Servicos industriais de utilidade pública;4 - Construção Civil;5 - Comércio;6 - Serviços;7 - Administração Pública;8 - Agropecuária, extração vegetal, caça e pesca;Total;1 - Extrativa mineral;2 - Indústria de transformação;3 - Servicos industriais de utilidade pública;4 - Construção Civil;5 - Comércio;6 - Serviços;7 - Administração Pública;8 - Agropecuária, extração vegetal, caça e pesca;{ñ class};Total;1 - Extrativa mineral;2 - Indústria de transformação;3 - Servicos industriais de utilidade pública;4 - Construção Civil;5 - Comércio;6 - Serviços;7 - Administração Pública;8 - Agropecuária, extração vegetal, caça e pesca;Total;1 - Extrativa mineral;2 - Indústria de transformação;3 - Servicos industriais de utilidade pública;4 - Construção Civil;5 - Comércio;6 - Serviços;7 - Administração Pública;8 - Agropecuária, extração vegetal, caça e pesca;Total;1 - Extrativa mineral;2 - Indústria de transformação;3 - Servicos industriais de utilidade pública;4 - Construção Civil;5 - Comércio;6 - Serviços;7 - Administração Pública;8 - Agropecuária, extração vegetal, caça e pesca;Total;1 - Extrativa mineral;2 - Indústria de transformação;3 - Servicos industriais de utilidade pública;4 - Construção Civil;5 - Comércio;6 - Serviços;7 - Administração Pública;8 - Agropecuária, extração vegetal, caça e pesca;{ñ class};Total;1 - Extrativa mineral;2 - Indústria de transformação;3 - Servicos industriais de utilidade pública;4 - Construção Civil;5 - Comércio;6 - Serviços;7 - Administração Pública;8 - Agropecuária, extração vegetal, caça e pesca;{ñ class};Total;1 - Extrativa mineral;2 - Indústria de transformação;3 - Servicos industriais de utilidade pública;4 - Construção Civil;5 - Comércio;6 - Serviços;7 - Administração Pública;8 - Agropecuária, extração vegetal, caça e pesca;{ñ class};Total;1 - Extrativa mineral;2 - Indústria de transformação;3 - Servicos industriais de utilidade pública;4 - Construção Civil;5 - Comércio;6 - Serviços;7 - Administração Pública;8 - Agropecuária, extração vegetal, caça e pesca;Total;1 - Extrativa mineral;2 - Indústria de transformação;3 - Servicos industriais de utilidade pública;4 - Construção Civil;5 - Comércio;6 - Serviços;7 - Administração Pública;8 - Agropecuária, extração vegetal, caça e pesca;Total;1 - Extrativa mineral;2 - Indústria de transformação;3 - Servicos industriais de utilidade pública;4 - Construção Civil;5 - Comércio;6 - Serviços;7 - Administração Pública;8 - Agropecuária, extração vegetal, caça e pesca;Total;1 - Extrativa mineral;2 - Indústria de transformação;3 - Servicos industriais de utilidade pública;4 - Construção Civil;5 - Comércio;6 - Serviços;7 - Administração Pública;8 - Agropecuária, extração vegetal, caça e pesca;Total;1 - Extrativa mineral;2 - Indústria de transformação;3 - Servicos industriais de utilidade pública;4 - Construção Civil;5 - Comércio;6 - Serviços;7 - Administração Pública;8 - Agropecuária, extração vegetal, caça e pesca;{ñ class};Total;1 - Extrativa mineral;2 - Indústria de transformação;3 - Servicos industriais de utilidade pública;4 - Construção Civil;5 - Comércio;6 - Serviços;7 - Administração Pública;8 - Agropecuária, extração vegetal, caça e pesca;{ñ class};Total
2019;1240;35743;4457;9660;85230;85603;115130;13839;350902;39;6130;1580;5502;25619;33804;50883;3332;126889;2083;98718;6896;19115;100914;168876;200147;3420;600169;88;3110;1266;3575;19726;20712;52238;1668;102383;22035;79853;8076;61981;206789;310933;356141;49712;1095520;745;2812;1664;4816;24696;29951;63176;876;128736;881;15824;3568;7673;51085;64926;110362;22232;276551;1715;35222;4118;35624;151881;206312;302800;19842;757514;586;28444;5226;23166;93752;142946;165263;8922;468305;3039;233188;9732;61683;265017;521956;393287;21916;1509818;8496;56238;6570;27243;115488;198052;176293;18647;607027;1263;68445;7319;26793;108822;191886;235271;14927;654726;1576;208311;19236;60940;298028;576007;387541;50383;1602022;1232;63463;5947;23047;87029;143860;159191;9409;493178;3217;38969;6392;14856;66582;139347;78381;10362;358106;17288;215521;27036;108448;440900;779851;554840;88692;0;2232576;64185;763573;41918;272784;990672;1703693;855961;248530;4941316;11395;114144;9891;42333;195772;331844;176807;30458;912644;37434;361165;56478;163803;822657;1834615;739884;22413;4038449;16396;2352897;116691;542457;2725648;5988398;1589683;324961;0;13657131;5502;645884;26484;127366;672932;1104580;491254;97003;0;3171005;7209;679864;22449;100412;471582;780838;266566;40809;0;2369729;5617;636365;28179;110399;625900;1027058;442819;81284;2957621;2486;94113;7059;21642;130918;196239;144003;68286;664746;4551;106563;7942;32685;208761;219428;163957;124634;868521;7290;235376;11962;60453;299086;491539;324018;94580;1524304;250;39323;6892;43755;167904;550603;269652;5944;0;1084323;227838;7219258;455028;2012211;9453390;17843857;8865548;1477081;0;47554211
2018;1298;35929;4016;9588;82733;83034;114986;13551;345135;61;5804;1587;5373;25391;33589;50547;3952;126304;1884;95862;6104;18275;95477;170445;204489;4156;596692;92;2994;1454;4227;18749;22408;46624;1535;98083;20352;79466;8196;58881;202827;306538;356768;52518;1085546;647;3280;928;5481;24680;30846;65381;1000;132243;1053;16225;3331;9974;49900;63226;117960;21414;283083;1488;35990;7657;34477;148532;196172;303523;19304;747143;798;28823;5603;17748;89435;140353;163714;8794;455268;2835;230574;9360;56958;256392;502882;389991;22712;1471704;8123;55131;6365;23052;112988;194516;176191;18034;594400;1293;70778;7238;24595;104831;176981;239543;14145;639404;1650;203032;18888;62684;295736;569945;389346;53270;1594551;729;67706;4972;18124;87036;147566;156860;10865;493858;2685;42246;5732;14643;64093;137808;111411;10733;389351;16856;213725;24648;105515;432645;767226;610831;90112;0;2261558;58815;744232;42941;234254;968003;1618103;839120;255362;4760830;10185;114387;8732;39183;190885;318460;173818;29692;885342;33362;356090;54114;152237;814555;1826828;757426;22869;4017481;16741;2318161;108470;515190;2659562;5729193;1576609;323537;0;13247463;5229;631522;25961;112499;652589;1057759;484180;100668;0;3070407;6805;657625;21142;82930;453800;731138;261746;39732;0;2254918;5522;632056;26073;104112;610009;992611;447129;82915;2900427;2316;95428;7123;19585;126246;186669;141583;66220;645170;3840;98702;7606;32759;198008;215781;157413;119899;834008;7683;225741;12374;57074;293706;477663;335179;98228;1507648;287;36643;7433;42428;160876;530923;408285;6223;0;1193098;212629;7098152;438048;1861846;9219684;17228663;9080653;1491440;0;46631115
2017;1371;36325;3757;10896;82931;78568;120566;13381;347795;64;5998;1711;5675;24674;33978;54903;4288;131291;1671;97273;6375;19216;93292;166052;196624;3815;584318;93;3056;1764;4330;18725;21306;49618;1485;100377;19710;79827;7991;57880;203656;284360;363926;51468;1068818;956;3380;1105;4349;24905;27887;63894;1074;127550;1038;16226;3183;11802;49156;60194;119256;20619;281474;1464;35476;6282;36592;146239;187563;280179;19256;713051;760;26727;5175;19575;89235;140475;163044;8238;453229;2701;226013;9062;56267;259124;484052;404399;23330;1464948;7683;56897;6088;23425;114049;188893;173454;17884;588373;1253;71013;7355;25800;103246;172936;243053;13614;638270;1596;208370;19355;62036;296506;566673;378406;51838;1584780;1134;73438;4902;18328;85504;138726;154052;10679;486763;3048;42099;5678;15447;66061;132640;114675;10814;390462;14752;213100;21139;104274;437762;736669;605708;90371;0;2223775;59069;738493;41684;218895;967468;1569930;858646;256734;4710919;10986;111667;8786;36752;188789;313096;174518;29563;874157;34515;368014;54506;155923;820833;1832036;756207;22702;4044736;17148;2330177;102406;501810;2677102;5565606;1597269;336760;0;13128278;5476;631123;26340;112180;653399;1016907;480293;102474;0;3028192;6744;644635;20173;82133;446664;701328;263153;40908;0;2205738;6015;633345;25899;104250;616598;984160;447418;84688;2902373;2239;89059;6885;22137;125567;190243;133899;69358;639387;3247;98249;7777;30844;188281;206022;152356;113609;800385;7347;229114;12220;56955;289457;463524;361060;95745;1515422;257;36112;7829;41187;161527;508821;484639;6357;0;1246729;212337;7105206;425427;1838958;9230750;16772645;9195215;1501052;0;46281590
2016;1277;34219;3875;12694;82227;76882;116773;13250;341197;236;5971;1739;4507;24199;35015;52051;4419;128137;1129;98252;6317;20510;95503;162020;184247;4057;572035;103;3115;1907;3158;18097;20559;46148;1487;94574;20417;80919;8182;65755;208483;275435;343672;50408;1053271;887;3267;1145;5056;24782;28776;60606;1072;125591;851;16983;3000;10911;48554;57699;105893;20339;264230;1557;38564;5730;36985;149122;186253;263755;18234;700200;763;27528;4719;22347;86670;135706;156395;7565;441693;2999;232501;8556;61516;260979;483741;369758;23315;1443365;8675;59104;6458;26060;114774;186003;167478;17417;585969;1218;74530;7462;28589;103509;168568;237671;13085;634632;2176;210329;19349;66454;299785;573265;364385;49911;1585654;1060;76939;5763;21149;85748;139642;149529;10442;490272;3595;43214;4983;17332;65635;133542;103838;10934;383073;14898;213150;19718;112923;441279;735857;544482;89038;0;2171345;58166;731949;40659;227752;968396;1563000;779916;258863;4628701;11977;113426;8355;40814;190825;310301;163766;29409;868873;37477;382805;56390;183392;841106;1901175;733853;23283;4159481;18874;2365762;105746;548969;2675238;5522650;1642135;314746;0;13194120;5855;619534;26359;123024;658316;1003429;472514;104074;0;3013105;7188;629396;20188;83580;441059;687737;255580;43195;0;2167923;6063;643217;27955;108116;616805;985319;437747;85661;2910883;2448;89540;6688;25891;125369;190229;122472;70917;633554;3230;91604;7416;29858;187284;198255;145010;108970;771627;7947;224819;12637;56146;288821;443970;316201;95402;1445943;265;37376;8139;41916;162339;503824;490165;6726;0;1250750;221331;7148013;429435;1985404;9264904;16708852;8826040;1476219;0;46060198
2015;1302;37160;3385;20393;85462;77435;120201;13323;358661;287;6589;1813;5631;25488;35929;56415;3859;136011;1341;108138;6388;25291;101320;173616;190856;4211;611161;117;2966;1814;3409;19223;19844;47633;1558;96564;20301;88385;8341;89181;217563;279888;370278;51692;1125629;892;3375;1158;5959;26603;31361;51527;1038;121913;947;18879;3129;10353;49867;58350;113408;19712;274645;1777;40993;5933;50119;152045;184041;270545;17413;722866;719;29018;7053;27048;90594;138581;158959;8804;460776;3357;247716;9609;84265;273851;490382;406057;27522;1542759;9803;62794;6597;34505;119646;190737;168121;16663;608866;1374;77914;7750;36506;106921;169531;253990;13044;667030;2496;220880;19128;82504;315389;587963;394445;47530;1670335;1078;79465;5505;27383;89431;138337;157511;10565;509275;4296;48173;6076;24703;67946;137164;105628;10982;404968;16102;220455;21213;133481;457656;776697;597020;89780;0;2312404;60108;768036;42243;271665;995064;1596109;828346;259545;4821116;13389;121341;8845;48464;199001;325992;175801;31909;924742;45088;427395;57285;261811;870248;2009136;754096;23800;4448859;20033;2508856;114650;643263;2735556;5649043;1689496;336574;0;13697471;6409;658040;26714;139775;670477;1023157;482107;106525;0;3113204;7406;648132;20478;95747;444698;699143;254804;43884;0;2214292;6767;675327;29384;121175;625668;1000557;461901;84770;3005549;2563;91871;5769;25032;127470;193650;129957;69308;645620;3455;98090;6275;40041;193760;199593;152777;106831;800822;8811;238040;12452;66594;300080;451878;330608;92934;1501397;270;38872;8398;48366;171595;513198;476388;6785;0;1263872;240488;7566900;447385;2422664;9532622;17151312;9198875;1500561;0;48060807
2014;1468;38597;4109;30574;86621;77967;122110;12655;374101;118;6655;1209;8574;25183;35498;52321;3603;133161;1882;132192;6392;27791;101442;177272;192416;3533;642920;134;3360;1267;4040;18346;20318;45293;1562;94320;20063;92574;8282;109318;219206;279529;365806;53443;1148221;1785;3837;1290;8826;28001;33304;54743;1047;132833;1304;18537;2862;14410;49325;56780;114217;18478;275913;2388;41789;5663;56455;151348;193207;269067;18909;738826;798;30211;4849;36173;87485;129339;159660;9215;457730;3336;264640;8974;92801;274168;489854;391925;26749;1552447;10019;66661;6776;41558;121608;186510;183101;15907;632140;1580;81781;7766;46387;106762;165864;255708;13332;679180;2698;240693;20195;117532;323387;617273;399833;46932;1768543;972;84785;5464;31986;92263;133475;156560;8886;514391;4894;48306;6188;27674;68655;133255;114287;13764;417023;16436;229566;21514;163200;462522;789493;600072;89780;0;2372583;64503;838813;44161;328736;1018100;1630497;889911;257185;5071906;13898;128587;9803;56721;207744;342530;177171;31274;967728;50091;474275;58873;301354;891489;2059563;780804;24931;4641380;21320;2734154;114306;697465;2810211;5706773;1699617;327604;0;14111450;6566;703155;26648;153709;682575;1016213;475420;102848;0;3167134;8496;684309;20124;105331;455439;694185;261177;44872;0;2273933;7317;730738;30427;140290;641869;1006421;470355;81762;3109179;2838;96548;5985;29312;129013;191348;130371;68163;653578;3894;105118;6110;47203;194888;194347;148520;104450;804530;8595;251031;12285;77684;303640;448603;322157;90537;1514532;213;40110;8576;60582;176817;504077;523211;8242;0;1321828;257606;8171022;450098;2815686;9728107;17313495;9355833;1479663;0;49571510
2013;1622;38003;3881;34477;83814;75203;118733;11912;367645;256;6966;1222;7814;24172;32373;53091;3338;129232;1997;140629;6191;33943;96974;170051;190939;3687;644411;105;3254;1578;3473;16569;19593;46135;1450;92157;19236;89095;8149;104213;212730;266665;373570;51878;1125536;1998;4073;1751;7320;26219;34326;50006;1038;126731;1320;16826;3222;12418;47813;51249;107492;17196;257536;2454;43201;5535;58326;142878;186527;263916;18653;721490;894;29311;5056;37251;85075;117907;159660;8967;444121;3583;263819;7796;84619;259949;454959;395278;25920;1495923;11234;66938;6392;41792;118394;174542;183083;15270;617645;1457;81024;7631;47028;100731;151454;256238;13679;659242;2837;239774;19442;145286;313610;585157;407603;44773;1758482;1020;92847;5111;33240;89749;122441;155142;9575;509125;4604;47161;5985;29872;65494;124256;115982;12421;405775;16272;229087;22306;171521;445904;755191;585233;89393;0;2314907;65708;851867;41047;341421;995824;1604980;896245;259988;5057080;13784;125453;10359;60814;203407;332334;177575;31065;954791;51171;469784;58552;300096;878036;2007219;798180;23752;4586790;21302;2822589;115519;707300;2771176;5549324;1696977;340153;0;14024340;6500;710559;26823;147152;670040;985230;470790;104290;0;3121384;8654;680223;19040;103479;443977;658196;254098;43260;0;2210927;7135;746549;31123;142124;630042;977226;466165;82627;3082991;2836;95761;5333;37219;126449;174596;126848;66583;635625;4304;108661;5745;48256;190555;186218;148579;100550;792868;8749;248639;11389;84238;293555;428189;344659;89977;1509395;351;40646;8496;67865;177958;500607;498192;8169;0;1302284;261383;8292739;444674;2892557;9511094;16726013;9340409;1479564;0;48948433
2012;1415;36880;2652;42485;81154;72363;116903;11290;365142;333;7029;1171;7745;24406;29597;51850;3098;125229;2125;131028;6152;30989;89916;171604;181319;3244;616377;76;3299;1709;4131;15607;20122;47582;1251;93777;19387;89249;7458;88929;203879;259854;332608;50980;1052344;1829;3905;1847;6366;24587;33065;50370;987;122956;1147;16044;3327;12182;46415;50222;101061;15962;246360;2126;40811;5336;59643;136353;175148;257277;19654;696348;757;28673;5257;33436;81056;110926;149420;8855;418380;3127;258974;6222;81400;245784;428420;374726;24995;1423648;11689;67458;5678;42639;114396;166060;179586;14720;602226;1385;79931;7931;44011;95661;142532;244236;12360;628047;2792;231206;17687;147879;313025;555534;382952;43572;1694647;1020;102888;4938;36302;84329;117748;148940;8967;505132;5065;46653;5599;28967;63638;113434;112010;13141;388507;16850;229470;19421;160901;427807;739107;573413;89652;0;2256621;65084;841694;41118;345294;964190;1575925;844549;250371;4928225;13914;123960;9533;65765;196800;319847;166882;29635;926336;50304;464796;60997;287072;851336;1951289;772474;23438;4461706;20741;2820813;102485;680771;2712364;5417583;1673636;355148;0;13783541;6475;678080;27473;151424;646397;940428;480745;102643;0;3033665;8125;641212;19089;98979;427408;625134;241421;41634;0;2103002;7476;733387;31348;138117;614527;937517;449625;81034;2993031;2634;94472;4656;32647;120900;176980;120694;64210;617193;3810;97675;5603;46436;178383;171551;142045;99055;744558;9224;236483;10251;91219;291276;410347;314334;86931;1450065;387;42258;8339;66841;174561;455048;426785;7430;0;1181649;259297;8148328;423277;2832570;9226155;16167385;8937443;1464257;0;47458712
2011;1414;34398;2869;42267;76391;66924;117290;10907;352460;320;7189;1054;7088;22784;27306;52465;3115;121321;2678;135613;6082;30221;85809;160804;173380;3323;597910;78;2910;1517;3463;14588;19239;49059;1134;91988;15483;90632;7016;75063;188833;240510;372030;47522;1037089;1657;3405;1713;6454;23893;28579;52391;1119;119211;1030;15355;3069;13010;42691;46064;105712;15838;242769;1859;38472;6577;60863;127083;161347;259342;19731;675274;717;27926;5128;29783;76020;104049;141344;8396;393363;2812;251767;7603;84994;230755;401345;403177;24453;1406906;11578;69496;6120;40302;107835;154117;188001;14995;592444;1353;77661;7886;40627;91063;131202;250290;14731;614813;2507;228277;14131;144645;287118;513915;411482;46852;1648927;1079;106881;4795;37007;78672;111273;148423;9768;497898;4781;44792;6385;29635;60706;107644;117928;13966;385837;14365;233460;20361;156249;423359;699217;626674;91933;0;2265618;55306;831949;39977;325758;923092;1518900;898335;257659;4850976;13395;121649;9285;64925;188193;305617;168459;30547;902070;45859;451372;59570;261159;825990;1880392;801030;23680;4349052;17872;2835337;101753;694208;2620402;5171891;1607225;364091;0;13412779;6237;677810;27294;146059;622407;901391;437452;101627;0;2920277;7607;644455;18796;98124;415977;592052;240811;43755;0;2061577;6797;737945;31179;137495;588445;886110;449238;83380;2920589;2367;85105;3344;31096;115210;159514;135719;65613;597968;3241;98071;5167;36988;169391;161090;140889;94540;709377;8508;224316;9317;81848;265320;382339;329695;83887;1385230;489;37562;4753;70842;170650;439624;425760;7228;0;1156908;231389;8113805;412741;2750173;8842677;15372455;9103601;1483790;0;46310631
2010;1099;33241;2717;42751;71958;59322;112731;10471;334290;220;6769;978;8960;19281;23955;57764;3260;121187;1666;118550;5778;24144;80726;150910;190866;3099;575739;71;2646;1648;6023;13561;15308;38506;822;78585;14225;93451;7631;60633;177125;215579;342615;39976;951235;1081;3024;1463;4618;21117;26004;49849;1035;108191;1004;14607;2876;13741;40246;39148;112649;14684;238955;1649;35947;6400;59688;118404;141667;254976;17894;636625;668;27170;4826;30951;71813;94458;140946;6631;377463;2654;251357;7187;75973;209548;369096;387697;22280;1325792;8710;74776;6177;38508;102291;146634;183683;14247;575026;1258;74918;7698;31822;83959;119148;246541;14160;579504;2331;217222;16898;122908;264682;465367;395934;51284;1536626;782;105087;4618;27986;73322;101442;147926;9829;470992;4600;41477;6095;28713;56221;100189;118554;13730;369579;12924;224490;18360;153474;388218;643319;611843;86604;0;2139232;50027;808188;40213;308310;889667;1418619;882428;249439;4646891;12588;117402;9109;60275;178575;285809;167188;29475;860421;41460;432531;55325;224662;788750;1773288;740897;23169;4080082;18589;2781115;100609;633882;2506367;4877008;1624624;331411;0;12873605;6930;658613;25376;136051;590211;842872;421072;102590;0;2783715;7377;630596;17322;89045;395888;554063;232258;43105;0;1969654;6516;717614;30169;124875;561690;836668;444495;82135;2804162;1894;81096;3030;27707;107412;144010;133939;61701;560789;2764;92928;5065;33437;156218;146968;130862;88300;656542;7708;204593;8988;76504;251159;344557;338436;81696;1313641;421;36294;5728;63281;163830;409607;414101;6570;0;1099832;211216;7885702;402284;2508922;8382239;14345015;8923380;1409597;0;44068355
2009;955;31051;2730;27680;63827;52985;107761;9948;296937;213;5777;1025;8974;18354;20469;48273;2928;106013;1341;107315;5547;25450;74625;135568;156967;2832;509645;49;2446;1796;5840;11223;11617;39961;839;73771;11134;86863;9051;51395;158854;189517;325302;38753;870869;890;3291;1924;3705;19141;25777;49978;1065;105771;825;12758;2699;12738;36302;34216;114486;14235;228259;1092;32868;6428;40453;103050;127019;233870;17495;562275;635;25703;4124;26348;63015;88072;136683;7121;351701;2713;236851;6874;58435;185522;334959;386474;24433;1236261;9573;68260;5909;28666;93190;135499;182548;15112;538757;1214;68213;8348;25844;73987;109579;240783;15407;543375;2415;212081;16222;85480;240558;413449;387715;42077;1399997;1035;105429;4591;18434;65892;93329;147439;9987;446136;4817;36353;5493;21658;51264;89240;122929;12298;344052;16033;205023;17028;124795;357187;590969;606642;81955;0;1999632;45477;750241;38929;274804;802800;1315540;875790;247258;4350839;11958;113887;8835;54723;167909;266623;162470;30501;816906;49630;395185;49630;206625;735173;1662214;729665;23137;3851259;16695;2602550;95081;566575;2322390;4502732;1600657;372451;0;12079131;5722;620249;24715;112059;548637;779480;441693;105234;0;2637789;7071;585833;17405;76162;365990;516247;225372;44254;0;1838334;5878;662727;26922;103066;514349;773438;435521;80419;2602320;1818;75851;2834;22799;98350;130229;130731;60895;523507;2335;90567;4342;27906;143192;139036;131189;83892;622459;6811;188356;9528;64895;224931;317786;320156;76847;1209310;507;35356;7369;56779;153239;379800;422915;6276;0;1062241;208836;7361084;385379;2132288;7692951;13235389;8763970;1427649;0;41207546
2008;799;30500;2538;10157;59358;47488;102367;9378;262585;199;5514;1018;6632;16921;18669;46890;2881;98724;1208;112222;6309;25373;69186;129985;162998;2938;510219;45;2158;1686;4264;10336;11844;19860;1225;51418;10385;89416;7667;50956;151550;186890;309878;39013;845755;1553;2437;1652;3257;18175;22870;46949;1290;98183;782;11645;2887;13348;33166;30790;106502;14005;213125;785;35594;6231;40482;94890;120964;223860;17204;540010;628;23907;4035;19575;58687;83744;139453;5603;335632;2600;215542;6518;45715;169887;307988;356239;25510;1129999;8616;67449;6941;28578;87563;122242;176898;16940;515227;1284;66931;7305;29925;67216;103916;222897;13865;513339;2267;200338;15329;69720;221485;392558;359507;47567;1308771;1081;103872;4755;13634;60880;89966;140756;10089;425033;4537;34265;3743;20997;48674;82275;111978;12777;319246;16407;191520;16213;95826;332717;552183;574827;81757;2;1861452;45613;746067;37220;259470;766747;1255265;824918;248883;4184183;12207;110361;8256;54331;164663;249679;146242;30551;776290;46207;391749;49760;182636;714567;1611652;692040;23772;3712383;16282;2636486;95200;514364;2226858;4283662;1565147;375160;4;11713163;5617;608802;24095;97194;524739;747050;392376;104022;32;2503927;7711;581610;17453;75901;344885;481475;225767;42802;0;1777604;6786;666423;24870;94721;494340;739994;416098;78079;2521311;1898;68130;2825;24546;93314;122628;125430;58549;497320;2213;89060;4090;27898;136260;128058;123901;79058;590538;6765;184991;9228;57991;213593;292563;298792;71123;1135046;461;33851;7546;47105;143451;365019;397566;6059;25;1001083;204936;7310840;375370;1914596;7324108;12581417;8310136;1420100;63;39441566
2007;783;31551;2376;6311;54315;45007;96692;8479;245514;174;5134;899;5327;15541;17294;45016;2624;92009;1631;111578;5118;21667;61955;122817;155115;2846;482727;42;1845;1270;3937;9115;11633;16822;1078;45742;9221;92893;7302;44629;143428;174896;285379;38404;796152;1286;2886;1479;4084;16395;22966;38646;1156;88898;824;12183;2850;12816;30537;27381;103992;13016;203599;812;33186;5946;28906;86457;112310;197697;17624;482938;778;23289;4050;12597;53594;72905;126446;5172;298831;2448;208149;6776;38020;155512;285363;339048;24076;1059392;8792;64614;6753;25707;81807;112863;178778;19153;498467;1315;65907;7715;18621;61623;90121;217500;12669;475471;1979;188405;13732;54190;206787;358065;365117;51224;1239499;935;102755;4403;11150;56611;80379;140849;10855;407937;4002;33206;3642;21915;45357;103011;99221;10322;320676;14686;184860;16336;87015;309061;526704;567393;78571;0;1784626;44287;724168;37634;228743;723331;1170054;862699;245287;4036203;13110;105571;7708;47668;156392;230971;160763;29376;751559;34210;377065;49050;158096;682230;1541720;798504;24971;3665846;15334;2544678;92768;434963;2080754;4023232;1518034;369141;0;11078904;5328;585818;23262;76802;488158;709362;398574;91627;0;2378931;6697;569590;17449;63005;322586;443208;232401;42864;0;1697800;5420;654733;23616;80976;460695;797921;327261;75222;2425844;1855;65257;2758;21018;86253;114867;121729;58433;472170;2650;86174;3607;24844;121864;115537;143905;73024;571605;6356;177306;8782;44994;195809;281734;277613;68832;1061426;489;29366;7386;39988;134748;343461;383202;6024;0;944664;185444;7082167;364667;1617989;6840915;11935782;8198396;1382070;0;37607430
2006;648;27960;2167;5919;49359;41282;92443;7746;227524;380;4565;1208;5216;14433;15845;41378;2558;85583;1661;102492;4320;15657;57652;112065;142625;2899;439371;15;1814;1163;2949;8151;9483;12168;995;36738;7861;92502;6713;33929;129603;165435;266986;35573;738602;897;2627;1248;2571;14827;21342;34039;966;78517;640;10512;2548;8258;26963;24614;99477;12779;185791;591;29196;5152;21538;77215;104897;184503;14341;437433;620;22560;3129;15156;49556;72412;125058;4757;293248;2359;195288;8232;34666;141237;277858;307475;22375;989490;8021;56278;6649;24876;74217;106471;177391;21354;475257;1533;59075;7063;15756;56079;84882;210443;15889;450720;1886;175336;12220;47871;190854;337640;341991;54758;1162556;774;101130;3868;10951;52634;75455;137440;10980;393232;4074;31765;3662;18819;42394;71006;121223;9551;302494;13814;167637;15586;77470;290555;507820;528224;80367;0;1681473;45865;675298;36613;204432;673471;1093863;766751;247750;3744043;12383;103365;7127;44008;144584;217853;147701;30359;707380;38040;360996;48380;147525;634619;1441012;676229;26826;3373627;14470;2369974;87934;359852;1920752;3747597;1457431;357108;0;10315118;5137;533130;23554;65655;452084;676813;403483;91434;0;2251290;6299;531464;12302;52822;298070;432335;222588;42574;0;1598454;5526;621953;22266;72001;432622;776819;317995;71565;2320747;1601;53141;3023;14525;81729;108678;118264;57724;438685;1944;77651;3612;15273;111978;108888;134609;64170;518125;5723;159481;8363;36655;183056;263767;272195;63582;992822;426;27593;6463;39096;121647;333749;381705;6250;0;916929;183188;6594783;344565;1393446;6330341;11229881;7721815;1357230;0;35155249
2005;743;25443;2143;4611;45922;39295;87271;7748;213176;57;4012;1053;3958;13765;12873;41336;2377;79431;1384;99660;4025;12210;51497;101601;133528;2488;406393;30;1411;973;1555;7599;9072;12417;692;33749;5494;89052;4850;30756;119453;149521;248117;28614;675857;1154;2943;896;2841;14150;18093;32457;576;73110;603;8698;2313;6909;24785;22498;90820;12495;169121;489;24375;5449;17401;69217;98085;173713;11425;400154;843;21198;3988;12997;45297;60727;130120;4028;279198;1816;181265;6946;28372;133354;263041;284380;20987;920161;6017;52562;4416;19939;68772;103198;174369;21524;450797;1407;55229;8576;12533;50983;82357;194168;15582;420835;1703;160353;14512;42469;176930;316689;326590;56305;1095551;560;95978;3713;12689;47063;69446;126999;10668;367116;2054;31273;4706;13484;39496;66401;112806;7568;277788;8875;154908;14490;73517;269760;487068;504003;84369;0;1596990;38542;627390;36940;184730;640279;1050782;781993;231904;3592560;15532;91827;6827;39498;134491;198915;138602;30652;656344;22309;335417;44795;116108;615810;1405123;623935;28287;3191784;13093;2191701;88133;331394;1828451;3501193;1470661;336138;0;9760764;4411;496518;20618;56391;431821;642430;366035;91124;0;2109348;6773;493294;14435;49907;283871;397886;196292;44511;0;1486969;4831;604695;21912;71328;411944;637773;409727;73263;2235473;1379;49095;2922;14873;80073;99732;116211;54912;419197;1714;69312;3385;13349;109268;105046;124089;63952;490115;5348;140358;9645;35626;172695;261754;257144;62357;944927;399;25494;9330;35950;118443;310163;386156;5774;0;891709;147560;6133461;341991;1245395;6005189;10510762;7543939;1310320;0;33238617
2004;772;25238;2098;4133;42346;36710;83448;7053;201798;59;3654;975;2889;12039;11929;40073;2113;73731;1258;88136;3404;9872;47352;95364;117203;2499;365088;9;1542;965;1355;6588;8088;4051;674;23272;4432;88003;5957;29774;110140;147292;222790;27105;635493;426;2492;829;2962;11950;17193;33629;637;70118;639;8114;2257;8409;22985;20347;85108;11836;159695;481;23245;5086;15858;62970;91144;161505;10081;370370;774;20191;3968;10805;41486;56443;124884;4632;263183;1931;177050;6863;26604;122284;247358;259518;18827;860435;5901;49908;4278;18410;61115;96862;161675;22960;421109;1267;50341;8698;12243;47308;77517;182511;16265;396150;1698;148265;14319;40230;163019;300259;296826;57993;1022609;590;94492;3240;10229;43064;66187;118704;9997;346503;2022;28006;4243;13447;35894;63011;100670;8763;256056;8727;142729;15007;61174;250616;442886;457729;79447;0;1458315;39051;597431;37329;158754;592545;994833;687988;224844;3332775;14084;84683;6324;30571;122714;186888;119930;28399;593593;20305;318620;43277;108634;588693;1341340;610520;28785;3060174;12447;2116743;82037;285094;1687545;3269881;1476843;342587;0;9273177;4682;483432;19075;55481;404357;617626;354955;93162;0;2032770;6501;478002;14022;43943;258554;368722;192229;44274;0;1406247;4785;623639;19356;73792;395193;609062;393028;74477;2193332;1193;47786;2772;13775;75288;95989;98925;55932;391660;1525;71260;3577;15848;105249;101446;108409;65322;472636;4622;132460;8547;31351;165112;244901;224368;61463;872824;338;21395;9205;32933;110857;291938;382285;5512;0;854463;140519;5926857;327708;1118570;5587263;9901216;7099804;1305639;0;31407576
2003;518;23140;2038;3946;38021;34167;76208;5439;183477;59;3410;1075;2312;10783;11000;37213;2648;68500;1145;70589;3093;8851;42154;85545;104909;2075;318361;14;1101;979;1116;5959;7894;10225;437;27725;4170;74278;5841;22406;95444;133082;215678;21680;572579;114;2068;549;2394;10513;15352;31431;506;62927;467;7029;2046;6760;19278;20617;80964;9031;146192;398;22738;5154;13331;56072;84398;158394;8276;348761;731;19258;3797;9577;38309;52099;119286;4049;247106;1857;164473;6763;27091;113438;241659;252215;17566;825062;5291;44742;3157;14712;54558;87988;155490;22069;388007;1221;45269;8203;12294;44286;77699;182949;11946;383867;1353;129255;13822;39015;147720;287576;284447;58988;962176;438;80217;3124;9343;39895;63474;100917;18283;315691;1609;25988;4117;12998;33297;59889;99472;7741;245111;8797;127547;15330;56736;229048;414327;455738;72086;0;1379609;27711;529156;35757;140818;546056;945822;698414;214292;3138026;13320;75719;6598;27840;114438;171135;129557;26694;565301;19918;306801;41232;108193;545785;1297506;601285;24473;2945193;12577;1926916;79379;279521;1555863;3105356;1472890;315650;0;8748152;4284;431618;17959;55012;368963;582883;338247;85414;0;1884380;5432;428723;13840;40874;231860;344944;185844;39937;953;1292407;4468;571796;21673;69987;365862;575930;397872;72225;2079813;1049;42400;2619;11996;67715;89147;99176;51140;365242;1357;63701;3250;13033;90277;91003;97013;54467;414101;4276;118040;7968;30126;152347;225873;232967;55442;827039;232;20187;9705;27969;101538;272201;373172;5118;0;810122;122806;5356159;319068;1048251;5119479;9378566;6991973;1207672;953;29544927
2002;473;23428;1878;5456;34338;32030;71520;4153;173276;76;3105;996;2882;9889;11153;38673;1665;68439;1026;62306;3112;9660;40453;79136;94105;1517;291315;20;1052;895;1363;5765;5752;12966;316;28129;3165;69337;5728;26525;87318;131671;205468;17039;546251;9;1784;685;2844;8963;14926;26488;261;55960;373;6836;2024;5957;17966;18678;74257;7136;133227;590;21322;5602;15257;51045;82192;147440;6487;329935;1565;18464;3915;11567;35930;48340;113549;3615;236945;2563;154807;7003;28082;106701;231888;246120;16148;793312;5649;49952;2944;14076;49318;85010;93667;18355;318971;1233;48246;7569;15011;42837;76031;172152;12458;375537;1241;133252;14238;44897;141620;283690;278084;46873;943895;493;76816;3191;8840;37288;59223;108969;16960;311780;1619;25155;3901;12995;31431;59652;97104;7448;239305;8966;118493;15003;57761;215968;405813;420503;67210;0;1309717;30381;518695;35730;151310;521550;905753;671234;211709;3046362;11815;73086;5714;30519;107366;162616;132987;27498;551601;18079;306031;39086;111003;526166;1284203;614796;23099;2922463;13398;1881153;78680;292507;1476745;3079935;1469826;315804;0;8608048;4286;408936;17147;60408;336703;568930;334861;81360;0;1812631;5233;416582;13570;42779;214045;327065;180233;36105;0;1235612;4415;558720;18844;69120;352646;573419;380300;69952;2027416;878;39939;2905;12925;61364;80196;104819;46574;349600;921;60572;3277;12380;78125;89810;88932;45135;379152;4012;112528;7762;30914;141243;219310;217519;48155;781443;322;19177;8967;29312;93750;266130;390730;5203;0;813591;122801;5209774;310366;1106350;4826533;9182552;6787302;1138235;0;28683913
Total;19197;578806;53686;323998;1206007;1082265;1893133;184523;5341615;3151;100271;22313;105059;352922;440276;871142;56058;1951192;29110;1910553;97603;378235;1386247;2533731;2972733;56639;9364851;1181;44079;25651;62208;237927;274792;597306;20208;1263352;247071;1545795;132431;1062204;3036881;3997595;5657012;745778;16424767;18806;54886;23326;83903;363597;462618;855560;16743;1879439;15728;243281;51191;191669;687034;746999;1863616;281007;4080525;23715;608989;104279;681998;2024801;2639246;4206362;291823;10581213;14034;458401;83898;396100;1237009;1789482;2573884;123364;6676172;48730;3993974;140076;1027461;3663502;6816801;6347764;413114;22451422;153870;1089258;104268;514048;1712009;2636197;3079807;321251;9610708;23908;1217206;139513;494385;1449824;2292204;4085944;251158;9954142;37201;3555379;298703;1436740;4496239;8301025;6552204;902130;25579621;16012;1614188;82900;369822;1256410;1891969;2556207;196804;7984312;65519;689101;92620;368155;972838;1853764;1958097;197315;6197409;253048;3514741;340709;2004280;6612964;11350397;10025175;1521117;2;35622433;917898;13087240;712113;4477930;14947255;24531668;14743244;4425603;77842951;229920;1950515;150087;845204;3052548;4870510;2860237;537057;14496078;675459;6980091;937300;3430329;13448043;30660311;12981825;437387;69550745;303312;44140062;1781847;9229585;41992984;84691057;28428760;6139024;4;216706635;100646;10782823;435897;1928241;10074805;15216540;7726051;1768119;32;48033154;127328;10625545;319277;1385153;6716353;10035696;4192340;762475;953;34165120;107334;11851229;471195;1865944;9559204;15118003;7594694;1425458;47993061;36292;1354592;78530;408725;1878640;2644944;2234770;1114518;9751011;50995;1603958;93846;529038;2761742;2778077;2434455;1589858;11841969;125775;3531672;183698;1041267;4324886;6450297;5417101;1417718;22492414;6364;597615;140554;856195;2665730;7478793;7534909;115890;25;19396075;3651604;127724250;7097511;35497876;142118401;253585257;152244332;25312139;1016;747232386

Seleções vigentes
Variável;Critério;Valor
Vínculo Ativo 31/12;igual a;Sim
