uf,setor_bndes,porte_do_cliente,ano,mean_valor_contratado_reais,mean_valor_desembolsado_reais,mean_juros,mean_prazo_carencia_meses,mean_prazo_amortizacao_meses,mean_num_empregados,mean_emissao_co2,mean_pib
AC,AGROPECUARIA,GRANDE,2007,1360242.2,194065.0,0.0,0.0,0.0,520.0,4629208.9,481469.9
AC,AGROPECUARIA,MICRO,2008,248000.0,248352.0,0.0,0.0,0.0,1620.0,4859837.2,582510.3
AC,INDUSTRIA,GRANDE,2002,302757.6,306000.0,4.0,18.0,66.0,0.0,0.0,674488.0
AC,INDUSTRIA,GRANDE,2005,12529726.0,12856405.1,3.5,18.0,102.0,0.0,0.0,598244.1
AC,INDUSTRIA,GRANDE,2008,18357844.0,17269113.2,2.0,30.0,90.0,0.0,0.0,681922.8
AC,INDUSTRIA,MICRO,2009,884037.0,870081.0,0.0,0.0,0.0,1956.0,0.0,1056411.7
AC,INDUSTRIA,MICRO,2010,1252000.0,1252000.0,0.0,0.0,0.0,2200.0,0.0,1091621.6
AC,INDUSTRIA,MICRO,2012,855000.0,854901.2,0.0,0.0,0.0,2371.0,0.0,888919.1
AC,INFRAESTRUTURA,GRANDE,2007,32048964.0,32110602.6,2.0,24.0,96.0,,,
AC,INFRAESTRUTURA,GRANDE,2008,60759000.0,60936725.7,2.0,30.0,162.0,,,
AC,INFRAESTRUTURA,GRANDE,2020,99146000.0,0.0,3.2,12.0,153.0,,,
AC,INFRAESTRUTURA,MÉDIA,2004,11000000.0,0.0,4.0,18.0,96.0,,,
AL,AGROPECUARIA,GRANDE,2014,6175000.0,6175000.0,2.0,36.0,84.0,0.0,3392086.3,3044846.2
AL,INDUSTRIA,GRANDE,2010,65901375.0,64714513.2,2.0,24.8,66.8,88698.0,242707.0,4708284.8
AL,INDUSTRIA,GRANDE,2011,14212141.2,14268284.1,2.4,21.0,78.0,89384.0,254230.2,6010281.7
AL,INDUSTRIA,GRANDE,2013,38818000.0,38812875.0,2.6,16.5,78.5,75011.0,294581.9,4713670.1
AL,INDUSTRIA,GRANDE,2014,5241333.3,4594834.9,3.8,16.0,90.0,64447.0,299536.9,4385624.7
AL,INDUSTRIA,GRANDE,2015,5135600.0,4888848.5,4.4,12.0,72.0,59575.0,210353.4,4409744.1
AL,INDUSTRIA,MÉDIA,2014,1784000.0,435087.4,4.5,18.0,102.0,,299536.9,4385624.7
AL,INFRAESTRUTURA,GRANDE,2002,10295000.0,10548990.9,2.9,30.0,120.0,,,
AL,INFRAESTRUTURA,GRANDE,2003,91383653.3,98025890.9,1.0,10.0,24.0,,,
AL,INFRAESTRUTURA,GRANDE,2005,6108000.0,5961022.6,2.8,9.0,72.0,,,
AL,INFRAESTRUTURA,GRANDE,2010,787918.5,759151.5,3.2,3.0,60.0,,,
AL,INFRAESTRUTURA,GRANDE,2019,284845600.0,200000000.0,2.2,18.0,220.0,,,
AL,INFRAESTRUTURA,GRANDE,2020,491429000.0,0.0,2.3,42.0,197.0,,,
AM,AGROPECUARIA,MICRO,2009,579000.0,558304.3,0.0,0.0,0.0,1124.0,2961876.4,1575238.2
AM,AGROPECUARIA,MÉDIA,2016,31518490.0,31518490.0,0.0,0.0,0.0,,2875114.6,3730173.8
AM,AGROPECUARIA,MÉDIA,2018,12092485.0,10744822.4,0.0,0.0,0.0,,3020468.2,
AM,INDUSTRIA,GRANDE,2002,11964666.9,11956306.1,3.3,16.0,56.0,25232.0,233222.7,14761990.8
AM,INDUSTRIA,GRANDE,2005,28348299.7,28449844.8,5.3,12.0,12.0,53191.0,232446.0,17595737.5
AM,INDUSTRIA,GRANDE,2006,63000000.0,63087644.8,4.0,12.0,24.0,53124.0,233654.6,19981697.4
AM,INDUSTRIA,GRANDE,2008,18368000.0,18376613.3,3.8,18.0,18.0,57393.0,281970.1,18769937.3
AM,INDUSTRIA,GRANDE,2010,21025000.0,21025000.0,2.2,24.0,66.0,61226.0,261072.1,21495795.2
AM,INDUSTRIA,GRANDE,2012,10104333.3,9733333.3,2.4,16.0,64.0,72513.0,282678.1,19592774.5
AM,INDUSTRIA,GRANDE,2013,32609544.3,32059816.2,2.1,15.4,54.9,80833.0,277978.1,20222782.1
AM,INDUSTRIA,GRANDE,2014,23533333.3,23533462.8,1.1,24.0,60.0,70881.0,229952.7,18283808.7
AM,INFRAESTRUTURA,GRANDE,2002,4850975.2,4967538.5,4.7,21.0,138.0,,,
AM,INFRAESTRUTURA,GRANDE,2004,2338408.2,1682947.1,5.1,23.8,180.0,,,
AM,INFRAESTRUTURA,GRANDE,2005,800000000.0,800000000.0,4.5,12.0,1.0,,,
AM,INFRAESTRUTURA,GRANDE,2006,2518947.5,2511988.4,3.7,12.0,180.0,,,
AM,INFRAESTRUTURA,GRANDE,2007,2489500000.0,2491252385.3,2.0,38.0,46.0,,,
AM,INFRAESTRUTURA,GRANDE,2008,400000000.0,400912120.3,3.0,36.0,84.0,,,
AM,INFRAESTRUTURA,GRANDE,2009,15000000.0,15012609.2,3.7,18.0,126.0,,,
AM,INFRAESTRUTURA,GRANDE,2010,439714000.0,439714000.0,2.4,11.0,65.0,,,
AM,INFRAESTRUTURA,GRANDE,2012,47475758.8,42995847.0,2.5,30.0,92.8,,,
AM,INFRAESTRUTURA,GRANDE,2013,17505500.0,14563082.2,3.3,6.0,136.0,,,
AM,INFRAESTRUTURA,GRANDE,2014,35772820.0,35987831.5,2.8,24.0,124.8,,,
AM,INFRAESTRUTURA,GRANDE,2018,30000000.0,30000000.0,2.2,24.0,36.0,,,
AM,INFRAESTRUTURA,GRANDE,2019,17112538.6,7081115.8,3.4,36.0,180.0,,,
AM,INFRAESTRUTURA,GRANDE,2020,77059656.9,0.0,3.0,24.0,216.0,,,
AM,INFRAESTRUTURA,MÉDIA,2002,1537255.3,1873158.4,6.0,15.0,240.0,,,
AM,INFRAESTRUTURA,MÉDIA,2005,782340.0,658827.5,4.1,18.0,180.0,,,
AM,INFRAESTRUTURA,PEQUENA,2005,1566543.7,1529352.2,4.1,18.0,180.0,,,
AP,INDUSTRIA,GRANDE,2007,143845019.2,141756679.6,4.2,30.0,66.0,643.0,0.0,624305.6
AP,INFRAESTRUTURA,GRANDE,2007,90372825.6,73601006.5,3.9,30.0,66.0,,,
AP,INFRAESTRUTURA,GRANDE,2012,30373818.2,29259943.2,3.0,11.0,191.9,,,
AP,INFRAESTRUTURA,GRANDE,2014,168033333.3,163849196.6,1.4,34.0,184.0,,,
AP,INFRAESTRUTURA,GRANDE,2015,160251164.3,0.0,7.3,36.0,186.0,,,
AP,INFRAESTRUTURA,GRANDE,2018,242185.4,0.0,8.5,3.0,54.0,,,
BA,AGROPECUARIA,GRANDE,2002,4940500.0,3559427.9,4.5,30.0,66.0,9324.0,23707219.5,12561355.7
BA,AGROPECUARIA,GRANDE,2003,2380024.0,2418273.4,4.0,36.0,72.0,10320.0,24458245.1,12674225.7
BA,AGROPECUARIA,GRANDE,2005,6187444.3,6200000.0,3.5,24.0,60.0,11825.0,25388463.5,11122590.3
BA,AGROPECUARIA,GRANDE,2012,33390333.3,25124985.2,2.3,84.0,24.0,8316.0,23992509.1,10929642.7
BA,AGROPECUARIA,MICRO,2002,6896550.3,6896550.3,9.8,41.0,84.0,32010.0,23707219.5,12561355.7
BA,AGROPECUARIA,MICRO,2011,1925500.0,1925500.4,0.0,0.0,0.0,41378.0,25379330.5,10973481.9
BA,AGROPECUARIA,PEQUENA,2018,3662521.5,3167255.7,0.0,12.0,60.0,20882.0,23596024.5,
BA,INDUSTRIA,GRANDE,2002,12038308.8,13002495.4,2.6,19.7,63.7,35757.0,1075607.9,22508052.0
BA,INDUSTRIA,GRANDE,2003,3907730.1,3923505.4,5.2,14.0,62.0,37602.0,1324686.7,23341294.7
BA,INDUSTRIA,GRANDE,2004,160787287.6,158389260.5,2.7,38.4,60.6,45189.0,1330852.1,26528210.1
BA,INDUSTRIA,GRANDE,2005,71032538.8,69572599.5,3.7,18.5,54.0,52583.0,1458906.1,28788922.9
BA,INDUSTRIA,GRANDE,2006,74712999.1,70677733.5,2.2,47.4,54.0,57686.0,1343634.7,27863970.8
BA,INDUSTRIA,GRANDE,2007,69610967.4,67152932.4,1.6,17.1,58.3,66910.0,1474039.3,28374185.0
BA,INDUSTRIA,GRANDE,2008,48186057.1,51977658.3,3.8,13.8,43.2,68073.0,1555923.4,30071695.9
BA,INDUSTRIA,GRANDE,2009,9774563.4,7632562.1,2.8,14.1,73.3,80930.0,1235557.8,32827594.7
BA,INDUSTRIA,GRANDE,2010,4686432.5,4316582.9,2.7,15.6,59.7,88429.0,1438893.5,36739895.1
BA,INDUSTRIA,GRANDE,2012,61221844.5,64874412.9,2.4,20.2,63.9,87359.0,1347484.7,30055663.9
BA,INDUSTRIA,GRANDE,2013,39199760.0,33735646.2,2.5,18.5,56.4,87182.0,1432394.4,29015289.6
BA,INDUSTRIA,GRANDE,2014,29702707.1,26716094.9,3.2,27.5,47.2,84802.0,1540158.1,30350637.7
BA,INDUSTRIA,GRANDE,2015,12213762.5,8621613.5,3.2,26.0,55.0,77539.0,1533505.4,32759140.4
BA,INDUSTRIA,GRANDE,2016,19340000.0,9329957.4,2.3,84.0,24.0,80083.0,1384213.0,34325906.7
BA,INDUSTRIA,GRANDE,2017,125646000.0,91505309.9,2.1,48.0,42.0,81441.0,1392331.4,32432703.6
BA,INDUSTRIA,MICRO,2003,1188712.0,1215682.6,3.2,21.0,75.0,29174.0,1324686.7,23341294.7
BA,INDUSTRIA,MICRO,2009,851297.2,851538.4,0.0,0.0,0.0,41762.0,1235557.8,32827594.7
BA,INDUSTRIA,MÉDIA,2018,10427200.0,5026000.0,3.5,24.0,72.0,,1411656.3,
BA,INFRAESTRUTURA,GRANDE,2002,92094954.7,93267954.8,2.4,22.2,82.8,,,
BA,INFRAESTRUTURA,GRANDE,2003,70990625.6,49648812.8,3.6,15.7,95.3,,,
BA,INFRAESTRUTURA,GRANDE,2005,18339318.7,15418055.2,4.4,3.5,70.2,,,
BA,INFRAESTRUTURA,GRANDE,2006,246648566.7,223489663.9,4.0,10.3,37.5,,,
BA,INFRAESTRUTURA,GRANDE,2007,654299892.9,653641392.5,2.4,11.6,61.7,,,
BA,INFRAESTRUTURA,GRANDE,2008,9460012.0,9519886.0,2.0,16.0,52.0,,,
BA,INFRAESTRUTURA,GRANDE,2009,43008956.7,40403100.4,2.4,20.5,125.0,,,
BA,INFRAESTRUTURA,GRANDE,2010,65585280.0,54366250.0,2.9,19.2,44.6,,,
BA,INFRAESTRUTURA,GRANDE,2011,37129295.5,36576438.4,1.9,22.1,158.8,,,
BA,INFRAESTRUTURA,GRANDE,2012,35587569.1,29053599.0,2.9,18.9,113.5,,,
BA,INFRAESTRUTURA,GRANDE,2013,38485900.0,33845391.7,3.4,22.1,78.1,,,
BA,INFRAESTRUTURA,GRANDE,2014,30112518.5,22112259.5,2.7,14.2,175.4,,,
BA,INFRAESTRUTURA,GRANDE,2015,89723771.7,89993290.0,2.1,8.4,194.5,,,
BA,INFRAESTRUTURA,GRANDE,2016,15375116.3,15231251.9,3.1,8.4,191.4,,,
BA,INFRAESTRUTURA,GRANDE,2017,43473726.0,42843891.4,2.3,17.5,189.0,,,
BA,INFRAESTRUTURA,GRANDE,2018,100084518.0,72179690.8,2.2,12.9,169.3,,,
BA,INFRAESTRUTURA,GRANDE,2019,93451481.8,93348440.1,2.5,5.2,194.9,,,
BA,INFRAESTRUTURA,GRANDE,2020,197354368.4,62682042.2,2.4,17.4,216.6,,,
BA,INFRAESTRUTURA,MICRO,2007,787714.8,789908.7,0.0,0.0,0.0,,,
BA,INFRAESTRUTURA,MICRO,2009,550215.5,489530.9,0.0,0.0,0.0,,,
BA,INFRAESTRUTURA,MICRO,2015,39330125.0,39353248.9,2.6,6.0,192.0,,,
BA,INFRAESTRUTURA,MÉDIA,2003,4813835.3,4484980.3,6.0,19.0,144.0,,,
BA,INFRAESTRUTURA,MÉDIA,2005,329496.9,312255.3,6.0,15.0,144.0,,,
BA,INFRAESTRUTURA,MÉDIA,2007,2148608.1,2150029.9,4.8,6.0,60.0,,,
BA,INFRAESTRUTURA,MÉDIA,2011,24781666.7,24781666.7,1.8,16.5,172.0,,,
BA,INFRAESTRUTURA,MÉDIA,2016,9237000.0,9291004.5,3.0,18.0,21.0,,,
BA,INFRAESTRUTURA,MÉDIA,2018,126400000.0,0.0,8.3,108.0,216.0,,,
BA,INFRAESTRUTURA,MÉDIA,2019,9002222.2,8637322.9,2.9,2.0,112.7,,,
BA,INFRAESTRUTURA,PEQUENA,2008,1336845.8,1297239.9,3.7,33.0,201.0,,,
CE,AGROPECUARIA,GRANDE,2002,1074925.5,1097034.9,4.0,18.0,78.0,3864.0,6158955.9,3581175.2
CE,AGROPECUARIA,MÉDIA,2017,14363461.5,14375343.2,4.3,24.0,36.0,,6509571.4,4583313.2
CE,INDUSTRIA,GRANDE,2002,5101057.6,5373825.1,5.3,13.4,23.0,67500.0,542986.8,10774651.9
CE,INDUSTRIA,GRANDE,2003,7143000.0,7158634.4,6.8,7.0,17.0,74535.0,458632.2,10144264.9
CE,INDUSTRIA,GRANDE,2004,35000000.0,35044060.0,3.5,12.0,12.0,80174.0,488368.5,11526821.6
CE,INDUSTRIA,GRANDE,2005,25988333.3,26071917.8,5.3,12.0,12.0,76566.0,534959.5,11141282.4
CE,INDUSTRIA,GRANDE,2006,1274882.0,1248786.0,2.5,18.0,48.0,84115.0,545439.8,11854859.7
CE,INDUSTRIA,GRANDE,2007,26798255.5,26815116.8,1.9,15.6,57.6,90315.0,601525.2,12052018.6
CE,INDUSTRIA,GRANDE,2009,36266429.8,35446794.2,1.8,6.0,12.0,100969.0,649849.8,14208540.4
CE,INDUSTRIA,GRANDE,2010,11514750.0,7815671.5,0.9,9.0,33.0,102683.0,670865.3,15177895.7
CE,INDUSTRIA,GRANDE,2012,3683333.3,3408333.3,1.8,18.0,52.0,99347.0,769172.5,15233686.7
CE,INDUSTRIA,GRANDE,2014,19453333.3,14030971.0,2.6,25.0,68.5,100464.0,996455.7,15653413.1
CE,INDUSTRIA,GRANDE,2015,773310289.6,807587610.0,1.5,21.3,124.0,96165.0,1067543.5,15375087.8
CE,INDUSTRIA,GRANDE,2016,12165000.0,3649500.0,3.2,24.0,60.0,94621.0,1036862.6,14833948.4
CE,INDUSTRIA,GRANDE,2017,16515285.7,16129373.1,3.1,14.6,58.3,95675.0,1011718.0,13585657.4
CE,INDUSTRIA,GRANDE,2020,347700.0,347700.0,1.3,24.0,36.0,,,
CE,INDUSTRIA,GRANDE,2021,402250.0,0.0,1.3,24.0,36.0,,,
CE,INDUSTRIA,MICRO,2003,585000.0,598122.3,5.6,18.0,60.0,27939.0,458632.2,10144264.9
CE,INDUSTRIA,MICRO,2007,1441800.0,1443991.9,0.0,0.0,0.0,35121.0,601525.2,12052018.6
CE,INDUSTRIA,MÉDIA,2013,5627273.0,5627273.0,0.0,0.0,0.0,,766651.8,15392239.1
CE,INFRAESTRUTURA,GRANDE,2002,65946624.8,69250388.8,2.0,32.4,67.8,,,
CE,INFRAESTRUTURA,GRANDE,2003,22655285.7,33558441.5,5.1,13.0,25.9,,,
CE,INFRAESTRUTURA,GRANDE,2004,6021875.0,5769957.0,5.5,12.0,42.0,,,
CE,INFRAESTRUTURA,GRANDE,2005,36011255.0,34288054.8,1.5,34.0,114.0,,,
CE,INFRAESTRUTURA,GRANDE,2006,44282069.0,42300507.3,2.0,27.0,93.0,,,
CE,INFRAESTRUTURA,GRANDE,2008,51566720.7,43804665.5,3.5,18.9,88.4,,,
CE,INFRAESTRUTURA,GRANDE,2009,178002650.5,176118725.2,2.2,20.5,131.7,,,
CE,INFRAESTRUTURA,GRANDE,2010,57912266.2,56947419.5,2.7,21.9,87.6,,,
CE,INFRAESTRUTURA,GRANDE,2011,26672277.8,25376168.6,3.6,17.3,161.9,,,
CE,INFRAESTRUTURA,GRANDE,2012,22375000.0,22375000.0,1.9,12.0,192.0,,,
CE,INFRAESTRUTURA,GRANDE,2013,11702948.5,10949342.4,1.6,8.1,151.8,,,
CE,INFRAESTRUTURA,GRANDE,2014,95689588.0,64668855.1,2.0,10.4,181.5,,,
CE,INFRAESTRUTURA,GRANDE,2015,17918133.3,14214752.3,4.1,7.5,104.7,,,
CE,INFRAESTRUTURA,GRANDE,2016,33375400.0,32155227.5,1.9,11.2,190.8,,,
CE,INFRAESTRUTURA,GRANDE,2017,36381136.4,35957282.9,2.7,4.2,188.8,,,
CE,INFRAESTRUTURA,GRANDE,2019,29318081.7,21805181.3,2.0,3.4,161.4,,,
CE,INFRAESTRUTURA,MICRO,2012,19156780.0,19156780.0,2.4,21.0,1.0,,,
CE,INFRAESTRUTURA,MICRO,2014,23088390.9,22793460.2,1.8,2.2,190.9,,,
CE,INFRAESTRUTURA,MÉDIA,2015,29860090.9,29851418.1,2.9,16.2,174.0,,,
CE,INFRAESTRUTURA,MÉDIA,2018,13400000.0,13409318.2,3.0,18.0,42.0,,,
DF,AGROPECUARIA,GRANDE,2010,30000000.0,30000000.0,5.5,12.0,24.0,645.0,362801.4,327804.6
DF,INDUSTRIA,GRANDE,2005,25000000.0,25164732.9,9.0,12.0,12.0,14964.0,860828.8,7773817.0
DF,INDUSTRIA,GRANDE,2011,3128000.0,1750000.0,0.0,0.0,0.0,11916.0,1274752.1,8656450.2
DF,INDUSTRIA,GRANDE,2018,34909000.0,20000000.0,1.6,24.0,1.0,15157.0,910240.7,
DF,INFRAESTRUTURA,GRANDE,2002,18074111.1,17527605.9,6.5,0.0,62.7,,,
DF,INFRAESTRUTURA,GRANDE,2004,209509510.2,205573486.3,4.3,16.7,107.3,,,
DF,INFRAESTRUTURA,GRANDE,2006,233815069.4,234750738.7,4.1,30.0,60.0,,,
DF,INFRAESTRUTURA,GRANDE,2009,260318000.0,257304983.2,1.9,30.0,162.0,,,
DF,INFRAESTRUTURA,GRANDE,2013,164090528.1,162281443.5,1.7,9.6,46.2,,,
DF,INFRAESTRUTURA,GRANDE,2014,103540315.2,87595006.4,3.7,33.0,129.6,,,
DF,INFRAESTRUTURA,GRANDE,2017,150000000.0,150000000.0,3.1,26.0,166.0,,,
DF,INFRAESTRUTURA,MICRO,2007,648353.5,331860.4,0.0,0.0,0.0,,,
ES,AGROPECUARIA,MÉDIA,2010,1544000.0,1525465.6,4.1,22.5,67.5,,5204641.5,2243197.2
ES,INDUSTRIA,GRANDE,2003,20205756.9,20555265.7,4.1,14.3,64.0,19352.0,5785184.4,15500106.3
ES,INDUSTRIA,GRANDE,2005,15257457.7,15294709.6,4.1,43.4,31.4,23773.0,5550614.5,20318169.1
ES,INDUSTRIA,GRANDE,2006,107915846.8,107739563.4,1.5,29.3,98.0,25365.0,5716187.0,22627303.8
ES,INDUSTRIA,GRANDE,2007,12796200.0,12698749.6,1.9,12.0,57.6,24887.0,8034710.6,23778369.8
ES,INDUSTRIA,GRANDE,2008,159787848.2,139214290.1,2.4,33.0,83.0,27491.0,5938958.2,25887972.1
ES,INDUSTRIA,GRANDE,2009,16252428.6,13167614.7,4.5,26.6,61.7,29853.0,7481569.6,19436757.1
ES,INDUSTRIA,GRANDE,2010,28681085.4,25372041.2,2.5,25.6,52.9,28061.0,8184442.7,26949550.4
ES,INDUSTRIA,GRANDE,2012,21753500.0,17452500.0,4.0,15.0,60.0,32004.0,7620945.3,35017542.5
ES,INDUSTRIA,GRANDE,2013,10600215.4,9693465.4,4.7,11.5,58.0,33060.0,8386841.7,31448377.7
ES,INDUSTRIA,GRANDE,2014,24900000.0,23073000.0,6.0,6.0,60.0,34354.0,8314952.0,31508920.3
ES,INDUSTRIA,GRANDE,2015,6000000.0,1621006.5,0.0,0.0,0.0,34395.0,9745447.9,21403367.3
ES,INDUSTRIA,MÉDIA,2005,3972000.0,3982705.0,3.5,12.0,12.0,,5550614.5,20318169.1
ES,INDUSTRIA,MÉDIA,2018,10000000.0,10016855.0,5.1,12.0,48.0,,10720190.8,
ES,INDUSTRIA,PEQUENA,2012,1650000.0,1650000.0,0.0,0.0,0.0,43383.0,7620945.3,35017542.5
ES,INFRAESTRUTURA,GRANDE,2002,36926395.2,38117625.6,2.8,19.7,69.5,,,
ES,INFRAESTRUTURA,GRANDE,2003,42714463.2,46512713.7,1.0,9.0,24.0,,,
ES,INFRAESTRUTURA,GRANDE,2004,14392336.0,10416459.6,3.5,24.0,72.0,,,
ES,INFRAESTRUTURA,GRANDE,2005,450500000.0,454498869.8,3.4,26.0,42.5,,,
ES,INFRAESTRUTURA,GRANDE,2006,47118766.7,47669224.1,3.7,28.8,128.0,,,
ES,INFRAESTRUTURA,GRANDE,2007,17264532.8,16354120.7,3.0,9.6,76.8,,,
ES,INFRAESTRUTURA,GRANDE,2008,17324244.2,8981869.2,2.6,32.8,104.6,,,
ES,INFRAESTRUTURA,GRANDE,2009,15485816.2,14014336.1,3.1,25.6,119.9,,,
ES,INFRAESTRUTURA,GRANDE,2010,24080447.0,16619414.8,3.2,26.2,96.5,,,
ES,INFRAESTRUTURA,GRANDE,2011,5490110.6,2323209.3,2.2,18.1,72.0,,,
ES,INFRAESTRUTURA,GRANDE,2014,45154000.0,41598786.7,3.0,20.0,73.2,,,
ES,INFRAESTRUTURA,GRANDE,2017,118026000.0,58033666.7,3.0,13.3,50.0,,,
ES,INFRAESTRUTURA,GRANDE,2018,202449296.5,60490758.4,2.3,39.0,195.0,,,
ES,INFRAESTRUTURA,GRANDE,2020,275000000.0,6562429.6,3.8,74.0,214.0,,,
ES,INFRAESTRUTURA,MÉDIA,2002,2594352.5,2596815.7,1.0,16.3,38.7,,,
ES,INFRAESTRUTURA,MÉDIA,2012,7145325.0,7130337.3,2.5,48.0,102.0,,,
ES,INFRAESTRUTURA,MÉDIA,2020,20580500.0,19551475.0,1.6,9.0,192.0,,,
ES,INFRAESTRUTURA,PEQUENA,2006,24098072.0,15984873.5,0.0,0.0,0.0,,,
GO,AGROPECUARIA,GRANDE,2007,6595000.0,6619072.3,2.8,84.0,84.0,3621.0,46136599.5,7301351.4
GO,AGROPECUARIA,GRANDE,2010,4910800.0,4899195.5,3.2,24.0,56.0,9465.0,50456232.7,10376549.3
GO,AGROPECUARIA,GRANDE,2013,31780000.0,31780000.0,3.6,18.0,54.0,8868.0,51670394.1,13081509.4
GO,AGROPECUARIA,GRANDE,2020,10974163.8,3100097.2,2.5,36.0,153.6,,,
GO,AGROPECUARIA,GRANDE,2021,15132000.0,0.0,2.1,36.0,156.0,,,
GO,AGROPECUARIA,MICRO,2009,1500000.0,1500355.7,0.0,0.0,0.0,51638.0,47944083.2,9896009.5
GO,AGROPECUARIA,MICRO,2013,639223.0,639223.0,0.0,0.0,0.0,56771.0,51670394.1,13081509.4
GO,AGROPECUARIA,MÉDIA,2002,5053203.3,5383786.9,4.5,18.0,60.0,,46134784.1,9596387.3
GO,INDUSTRIA,GRANDE,2002,2867666.7,2913552.3,4.3,10.0,52.0,30307.0,269929.7,16598442.4
GO,INDUSTRIA,GRANDE,2003,2418946.5,2305391.1,3.6,6.0,72.0,34220.0,241248.0,16801344.0
GO,INDUSTRIA,GRANDE,2004,13275851.5,13535080.9,6.4,18.0,62.0,41581.0,264102.6,18689254.7
GO,INDUSTRIA,GRANDE,2005,23540731.6,23118240.2,3.1,15.1,59.6,47610.0,292503.8,18868590.2
GO,INDUSTRIA,GRANDE,2006,26098744.6,26014351.2,2.5,23.0,64.6,54859.0,282301.9,19853703.3
GO,INDUSTRIA,GRANDE,2007,33190508.3,29422730.3,2.9,23.5,81.5,63789.0,307413.4,22786206.9
GO,INDUSTRIA,GRANDE,2008,36364318.8,34924436.7,3.7,13.4,79.2,66268.0,382258.4,23446549.1
GO,INDUSTRIA,GRANDE,2009,15981205.4,15480668.2,4.0,35.9,82.2,67378.0,422567.9,24710793.2
GO,INDUSTRIA,GRANDE,2010,19642005.3,15705249.9,4.0,17.8,59.5,76209.0,476771.7,26426091.2
GO,INDUSTRIA,GRANDE,2011,31996928.5,26124805.7,2.8,24.0,69.8,87475.0,501258.5,26143697.5
GO,INDUSTRIA,GRANDE,2012,12136443.7,8361707.9,4.8,24.8,54.0,92252.0,575799.0,27158039.8
GO,INDUSTRIA,GRANDE,2013,27002949.3,13645789.4,3.4,14.2,63.2,100166.0,594164.1,27426391.5
GO,INDUSTRIA,GRANDE,2014,31984364.4,30191058.7,4.4,16.2,60.4,106183.0,582407.9,25688475.3
GO,INDUSTRIA,GRANDE,2015,5845283.0,5825033.8,4.3,10.5,56.9,101990.0,477809.5,25927672.9
GO,INDUSTRIA,GRANDE,2016,18111407.5,16808897.0,3.7,18.0,54.0,94910.0,385236.2,23594273.9
GO,INDUSTRIA,GRANDE,2017,10000000.0,10010457.8,4.6,18.0,42.0,98006.0,535102.8,22690724.7
GO,INDUSTRIA,GRANDE,2018,13548375.0,11556628.1,3.4,27.8,101.2,95267.0,617845.7,
GO,INDUSTRIA,GRANDE,2020,71383714.3,0.0,3.2,37.7,149.1,,,
GO,INDUSTRIA,MÉDIA,2011,5521000.0,5121000.0,2.2,30.0,60.0,,501258.5,26143697.5
GO,INFRAESTRUTURA,GRANDE,2002,56256003.0,55827264.1,2.2,14.2,67.9,,,
GO,INFRAESTRUTURA,GRANDE,2003,36721214.6,37113264.1,3.8,18.4,108.9,,,
GO,INFRAESTRUTURA,GRANDE,2004,8850175.0,8887272.4,4.0,21.0,125.5,,,
GO,INFRAESTRUTURA,GRANDE,2005,39127350.0,39681310.9,3.5,19.0,144.0,,,
GO,INFRAESTRUTURA,GRANDE,2006,37368043.1,37194958.5,3.7,23.8,119.9,,,
GO,INFRAESTRUTURA,GRANDE,2007,58153000.0,56990875.5,2.5,23.0,126.2,,,
GO,INFRAESTRUTURA,GRANDE,2008,155559625.0,147508090.7,2.1,22.6,176.9,,,
GO,INFRAESTRUTURA,GRANDE,2009,141478080.0,141119149.4,2.3,11.4,155.0,,,
GO,INFRAESTRUTURA,GRANDE,2010,38374551.5,35468750.0,2.6,4.0,121.2,,,
GO,INFRAESTRUTURA,GRANDE,2011,4171176.5,3082506.3,2.3,23.8,119.9,,,
GO,INFRAESTRUTURA,GRANDE,2012,24583333.3,24583333.3,2.4,6.7,184.0,,,
GO,INFRAESTRUTURA,GRANDE,2013,8088000.0,7970000.0,2.8,2.0,139.0,,,
GO,INFRAESTRUTURA,GRANDE,2014,10347250.0,9517770.8,4.1,20.5,123.0,,,
GO,INFRAESTRUTURA,GRANDE,2015,24739000.0,24789683.3,3.4,27.0,240.0,,,
GO,INFRAESTRUTURA,GRANDE,2016,33283250.0,33302942.0,2.2,16.0,198.0,,,
GO,INFRAESTRUTURA,GRANDE,2018,6892533.3,3302085.2,1.3,34.0,12.0,,,
GO,INFRAESTRUTURA,GRANDE,2021,6671293.5,0.0,2.4,36.0,132.0,,,
GO,INFRAESTRUTURA,MÉDIA,2002,11100121.4,11383688.7,4.0,17.0,116.0,,,
GO,INFRAESTRUTURA,MÉDIA,2004,174798.8,195591.5,1.0,3.0,24.0,,,
GO,INFRAESTRUTURA,MÉDIA,2006,7000000.0,7028437.8,2.8,30.0,78.0,,,
GO,INFRAESTRUTURA,MÉDIA,2007,78993000.0,79085017.2,2.2,24.0,156.0,,,
GO,INFRAESTRUTURA,MÉDIA,2008,100815000.0,100967335.6,2.4,33.0,192.0,,,
IE,AGROPECUARIA,GRANDE,2003,38507919.1,38654367.8,4.0,12.0,54.0,,,
IE,AGROPECUARIA,GRANDE,2004,12668000.0,12668000.0,3.0,18.0,102.0,,,
IE,AGROPECUARIA,GRANDE,2005,6018000.0,5368341.9,5.5,18.0,66.0,,,
IE,AGROPECUARIA,GRANDE,2007,8249667.8,8155949.5,2.8,74.4,33.6,,,
IE,AGROPECUARIA,GRANDE,2008,114443333.3,118893433.8,2.2,22.0,50.0,,,
IE,AGROPECUARIA,GRANDE,2010,31225510.9,29268490.1,2.6,93.6,19.2,,,
IE,AGROPECUARIA,GRANDE,2011,19695333.3,10558055.4,2.6,84.0,24.0,,,
IE,AGROPECUARIA,GRANDE,2012,18373780.9,14911301.2,2.4,49.4,46.6,,,
IE,AGROPECUARIA,GRANDE,2013,58978529.4,48367203.0,2.1,60.2,33.2,,,
IE,AGROPECUARIA,GRANDE,2014,15670000.0,15670000.0,4.8,24.0,96.0,,,
IE,AGROPECUARIA,GRANDE,2015,32582142.9,20217476.8,2.0,82.3,25.7,,,
IE,AGROPECUARIA,GRANDE,2016,17005500.0,14520000.0,8.8,18.0,84.0,,,
IE,AGROPECUARIA,GRANDE,2017,9119692.4,9064947.9,6.3,25.7,60.0,,,
IE,AGROPECUARIA,GRANDE,2018,15255250.0,14892731.0,7.4,19.5,106.5,,,
IE,AGROPECUARIA,GRANDE,2019,9074370.0,7346968.9,7.0,24.0,96.0,,,
IE,AGROPECUARIA,GRANDE,2020,8977000.0,2612000.0,2.2,18.0,66.0,,,
IE,AGROPECUARIA,GRANDE,2021,9172720.0,0.0,2.0,24.0,96.0,,,
IE,AGROPECUARIA,MICRO,2002,7009254.3,6532463.9,3.5,10.0,60.0,,,
IE,AGROPECUARIA,MICRO,2003,5622215.5,5646403.6,3.5,6.0,56.0,,,
IE,AGROPECUARIA,MICRO,2010,11235000.0,11209529.4,0.0,0.0,0.0,,,
IE,AGROPECUARIA,MICRO,2013,45000000.0,45000000.0,0.0,0.0,0.0,,,
IE,AGROPECUARIA,MICRO,2014,713221.0,713271.1,0.0,0.0,0.0,,,
IE,AGROPECUARIA,MICRO,2017,9075000.0,9029308.9,0.0,0.0,0.0,,,
IE,AGROPECUARIA,MÉDIA,2011,1705000.0,1705013.0,0.0,0.0,0.0,,,
IE,AGROPECUARIA,MÉDIA,2017,17369442.4,17036624.4,0.0,0.0,0.0,,,
IE,AGROPECUARIA,MÉDIA,2018,17547560.0,8267446.9,0.0,0.0,0.0,,,
IE,AGROPECUARIA,PEQUENA,2015,46800000.0,46800000.0,0.0,0.0,0.0,,,
IE,INDUSTRIA,GRANDE,2002,21024827.7,23989162.8,2.8,14.0,56.0,,,
IE,INDUSTRIA,GRANDE,2003,18541965.1,18953892.2,5.0,24.0,54.0,,,
IE,INDUSTRIA,GRANDE,2004,21867898.1,22280473.0,4.0,17.4,62.7,,,
IE,INDUSTRIA,GRANDE,2005,85388262.4,85864712.4,3.4,29.0,53.0,,,
IE,INDUSTRIA,GRANDE,2006,39212603.0,38240359.1,2.4,25.8,58.8,,,
IE,INDUSTRIA,GRANDE,2007,26265192.6,26270530.0,2.6,14.5,66.6,,,
IE,INDUSTRIA,GRANDE,2008,80195646.8,68201518.6,2.6,18.5,64.6,,,
IE,INDUSTRIA,GRANDE,2009,102401621.7,99396247.0,3.2,29.1,53.0,,,
IE,INDUSTRIA,GRANDE,2010,41779857.4,31922762.3,3.1,26.7,65.8,,,
IE,INDUSTRIA,GRANDE,2011,31368453.3,30120444.2,2.8,19.3,56.0,,,
IE,INDUSTRIA,GRANDE,2012,28782964.8,22748938.3,2.4,19.4,56.1,,,
IE,INDUSTRIA,GRANDE,2013,52503946.8,47313862.9,2.4,21.9,59.8,,,
IE,INDUSTRIA,GRANDE,2014,36659177.3,33287622.5,3.1,19.1,60.3,,,
IE,INDUSTRIA,GRANDE,2015,26998907.1,23003301.5,3.0,15.8,57.4,,,
IE,INDUSTRIA,GRANDE,2016,16125318.2,11696471.3,2.2,18.3,60.3,,,
IE,INDUSTRIA,GRANDE,2017,48204901.9,28719032.1,3.7,35.0,54.0,,,
IE,INDUSTRIA,GRANDE,2018,42159814.3,38079736.3,2.8,16.8,72.6,,,
IE,INDUSTRIA,GRANDE,2019,163145800.0,98248400.0,1.7,45.6,86.4,,,
IE,INDUSTRIA,GRANDE,2020,175270500.0,0.0,2.0,114.0,96.0,,,
IE,INDUSTRIA,GRANDE,2021,103848466.7,0.0,1.8,24.0,116.0,,,
IE,INDUSTRIA,MICRO,2010,5000000.0,944959.2,0.0,0.0,0.0,,,
IE,INDUSTRIA,MICRO,2012,11500000.0,6849854.0,0.0,0.0,0.0,,,
IE,INDUSTRIA,MICRO,2013,10400000.0,2123755.5,0.0,0.0,0.0,,,
IE,INDUSTRIA,MICRO,2015,2498471.7,2214716.8,0.0,0.0,0.0,,,
IE,INDUSTRIA,MÉDIA,2010,4700000.0,2898290.0,4.5,18.0,78.0,,,
IE,INDUSTRIA,MÉDIA,2013,2189000.0,2189011.3,2.1,24.0,72.0,,,
IE,INDUSTRIA,MÉDIA,2016,3740606.8,2097247.7,0.0,0.0,0.0,,,
IE,INDUSTRIA,MÉDIA,2020,2949500.0,1054750.0,4.2,19.5,79.5,,,
IE,INDUSTRIA,PEQUENA,2012,5000000.0,3482486.2,0.0,0.0,0.0,,,
IE,INDUSTRIA,PEQUENA,2016,18517000.0,5350406.6,0.0,0.0,0.0,,,
IE,INFRAESTRUTURA,GRANDE,2002,3155133.3,2548841.6,4.0,12.0,60.0,,,
IE,INFRAESTRUTURA,GRANDE,2003,33335000.0,34712114.4,1.5,60.0,132.0,,,
IE,INFRAESTRUTURA,GRANDE,2005,90179750.0,92027662.5,2.8,18.0,82.5,,,
IE,INFRAESTRUTURA,GRANDE,2006,147829719.9,144642437.8,3.5,6.6,123.2,,,
IE,INFRAESTRUTURA,GRANDE,2007,139792232.4,137885203.0,3.0,19.1,115.3,,,
IE,INFRAESTRUTURA,GRANDE,2008,129812844.4,129959954.6,4.1,20.3,124.0,,,
IE,INFRAESTRUTURA,GRANDE,2009,253465470.3,252792691.5,2.7,39.1,106.6,,,
IE,INFRAESTRUTURA,GRANDE,2010,104462049.4,103169362.4,2.8,14.5,74.0,,,
IE,INFRAESTRUTURA,GRANDE,2011,294644846.2,250873652.1,2.5,37.2,70.4,,,
IE,INFRAESTRUTURA,GRANDE,2012,167344108.7,151241634.1,1.9,23.5,124.0,,,
IE,INFRAESTRUTURA,GRANDE,2013,149442647.2,112817055.2,1.8,19.9,89.0,,,
IE,INFRAESTRUTURA,GRANDE,2014,112858125.0,98473644.7,2.5,15.1,101.4,,,
IE,INFRAESTRUTURA,GRANDE,2015,61791436.9,61544189.5,2.9,9.4,131.8,,,
IE,INFRAESTRUTURA,GRANDE,2016,98299432.0,72716590.5,3.0,27.4,123.8,,,
IE,INFRAESTRUTURA,GRANDE,2017,98185232.9,85397653.8,3.1,21.3,120.8,,,
IE,INFRAESTRUTURA,GRANDE,2018,517258834.0,378382571.4,2.4,25.4,156.0,,,
IE,INFRAESTRUTURA,GRANDE,2019,340320000.0,285176985.0,2.0,32.8,252.8,,,
IE,INFRAESTRUTURA,GRANDE,2020,164439000.0,91600000.0,2.3,18.2,263.7,,,
IE,INFRAESTRUTURA,GRANDE,2021,10000000.0,0.0,5.8,0.0,42.0,,,
IE,INFRAESTRUTURA,MICRO,2006,2133282.9,2155043.2,0.0,0.0,0.0,,,
IE,INFRAESTRUTURA,MICRO,2013,10200000.0,10200000.0,0.0,0.0,0.0,,,
IE,INFRAESTRUTURA,MÉDIA,2008,49478720.0,49526364.4,2.4,16.8,162.2,,,
IE,INFRAESTRUTURA,MÉDIA,2016,10000000.0,10119987.6,3.5,24.0,60.0,,,
IE,INFRAESTRUTURA,MÉDIA,2018,343832000.0,344309955.6,2.2,7.5,168.0,,,
IE,INFRAESTRUTURA,MÉDIA,2019,26250000.0,26250000.0,3.2,24.0,60.0,,,
IE,INFRAESTRUTURA,PEQUENA,2017,100000000.0,100000000.0,0.0,0.0,0.0,,,
MA,AGROPECUARIA,MICRO,2006,486182.0,171076.8,0.0,0.0,0.0,6643.0,15000886.3,3646727.4
MA,INDUSTRIA,GRANDE,2003,4690882.2,4612351.4,3.6,6.0,72.0,5203.0,855238.3,5981413.6
MA,INDUSTRIA,GRANDE,2008,306116194.6,307843799.8,2.0,21.0,63.0,10602.0,1033065.1,7089511.8
MA,INDUSTRIA,GRANDE,2009,40000000.0,28313700.3,2.6,14.2,66.0,7904.0,899179.1,6596116.5
MA,INDUSTRIA,GRANDE,2010,190810650.0,167571254.2,3.1,33.6,88.8,11178.0,893052.4,6883369.4
MA,INDUSTRIA,GRANDE,2011,19064913.2,18757036.8,3.0,25.3,62.7,12243.0,913192.8,7666282.3
MA,INDUSTRIA,GRANDE,2012,530628492.1,653066463.3,5.0,24.0,96.0,9997.0,1015856.4,8914056.2
MA,INDUSTRIA,MICRO,2008,896560.0,875884.8,0.0,0.0,0.0,8542.0,1033065.1,7089511.8
MA,INFRAESTRUTURA,GRANDE,2002,21843917.6,21843917.6,1.0,0.0,39.0,,,
MA,INFRAESTRUTURA,GRANDE,2003,6754045.2,7330548.7,1.0,8.0,24.0,,,
MA,INFRAESTRUTURA,GRANDE,2004,15494787.8,3249403.2,0.0,0.0,0.0,,,
MA,INFRAESTRUTURA,GRANDE,2007,28481200.0,28494550.5,4.8,13.0,44.0,,,
MA,INFRAESTRUTURA,GRANDE,2008,58715305.4,58778002.5,2.6,16.5,55.5,,,
MA,INFRAESTRUTURA,GRANDE,2009,55279308.1,54952637.9,4.0,10.2,103.8,,,
MA,INFRAESTRUTURA,GRANDE,2010,42000906.7,41589240.0,2.8,17.0,92.0,,,
MA,INFRAESTRUTURA,GRANDE,2011,84717633.1,82176753.1,3.1,6.7,43.3,,,
MA,INFRAESTRUTURA,GRANDE,2012,86641799.7,72163814.9,2.4,15.9,108.5,,,
MA,INFRAESTRUTURA,GRANDE,2013,36851812.5,36833543.0,2.2,14.7,98.4,,,
MA,INFRAESTRUTURA,GRANDE,2014,301410360.3,236859322.8,2.4,35.4,80.6,,,
MA,INFRAESTRUTURA,GRANDE,2015,128300000.0,112645266.8,5.9,14.0,129.0,,,
MA,INFRAESTRUTURA,GRANDE,2017,40874615.4,36415596.8,2.4,11.5,189.8,,,
MA,INFRAESTRUTURA,GRANDE,2018,1219310000.0,643000000.0,1.9,23.0,113.0,,,
MA,INFRAESTRUTURA,GRANDE,2020,375424404.0,0.0,2.2,70.5,37.0,,,
MA,INFRAESTRUTURA,MÉDIA,2013,15760000.0,15198583.6,2.0,12.0,96.0,,,
MA,INFRAESTRUTURA,MÉDIA,2015,4000000.0,3646966.5,1.4,1.8,72.6,,,
MG,AGROPECUARIA,GRANDE,2008,7268000.0,6851143.0,2.1,84.0,24.0,7506.0,55056904.9,16741022.9
MG,AGROPECUARIA,GRANDE,2010,16004205.0,11689252.8,2.5,68.0,32.0,10316.0,57300773.9,17085912.9
MG,AGROPECUARIA,GRANDE,2012,25056000.0,25056000.0,3.0,18.0,54.0,10007.0,60054403.4,21858451.0
MG,AGROPECUARIA,GRANDE,2013,9414391.7,8879224.7,2.2,52.4,41.2,19333.0,60682668.3,19144344.6
MG,AGROPECUARIA,GRANDE,2014,7679000.0,8587487.2,4.1,32.0,64.0,17007.0,59188882.4,18874387.1
MG,AGROPECUARIA,GRANDE,2015,10215500.0,6970481.7,2.8,82.5,24.0,20219.0,59355003.8,16759850.6
MG,AGROPECUARIA,GRANDE,2016,19478000.0,11799167.3,2.6,84.0,24.0,17370.0,60235239.1,21071580.2
MG,AGROPECUARIA,GRANDE,2017,7177466.7,7215121.8,4.0,18.0,70.0,13810.0,55569809.2,17574856.2
MG,AGROPECUARIA,GRANDE,2019,12742000.0,12742000.0,2.3,18.0,66.0,10828.0,,
MG,AGROPECUARIA,GRANDE,2020,15851000.0,0.0,2.1,24.0,96.0,,,
MG,AGROPECUARIA,MÉDIA,2020,8310702.5,8310702.5,3.2,36.0,156.0,,,
MG,AGROPECUARIA,MÉDIA,2021,1433352.3,0.0,3.3,36.0,156.0,,,
MG,INDUSTRIA,GRANDE,2002,13832338.9,15386489.4,4.6,17.1,51.6,134308.0,17977748.2,57545157.6
MG,INDUSTRIA,GRANDE,2003,4944198.3,4978761.3,4.4,13.0,78.0,136614.0,18140412.1,61973851.9
MG,INDUSTRIA,GRANDE,2004,20574682.7,14383133.9,3.8,13.5,61.1,180101.0,19416833.1,74698031.9
MG,INDUSTRIA,GRANDE,2005,21247192.9,21342322.8,4.4,19.1,37.3,193889.0,21337393.5,74847851.6
MG,INDUSTRIA,GRANDE,2006,33698196.9,33455421.5,2.4,19.6,60.9,214258.0,21362974.2,75592049.7
MG,INDUSTRIA,GRANDE,2007,42058054.0,40657709.3,2.9,23.4,67.5,248177.0,23118828.0,81393538.7
MG,INDUSTRIA,GRANDE,2008,26386438.9,26716588.6,3.3,21.4,72.6,255882.0,24531690.7,88868976.2
MG,INDUSTRIA,GRANDE,2009,23844339.9,20801706.8,3.6,22.3,64.8,260208.0,18920287.5,81142352.1
MG,INDUSTRIA,GRANDE,2010,16783707.0,16352402.1,3.6,19.6,65.9,290782.0,24684324.2,101270554.4
MG,INDUSTRIA,GRANDE,2011,46054733.6,40194370.1,3.1,23.2,70.1,309212.0,24457831.8,107045162.5
MG,INDUSTRIA,GRANDE,2012,78098449.2,62486948.7,2.7,19.5,70.2,321743.0,24644081.8,102743416.6
MG,INDUSTRIA,GRANDE,2013,23926149.6,16525134.6,2.4,23.2,57.7,323691.0,24238977.2,104353888.2
MG,INDUSTRIA,GRANDE,2014,27577882.1,22333613.8,3.2,19.9,65.1,312289.0,23500456.1,96560413.5
MG,INDUSTRIA,GRANDE,2015,9764978.9,6837669.6,3.7,20.8,50.5,282860.0,23138274.7,81815441.9
MG,INDUSTRIA,GRANDE,2016,53293775.6,38051649.8,2.5,28.0,53.4,267225.0,23518279.3,75131251.5
MG,INDUSTRIA,GRANDE,2017,30098000.0,24602027.8,2.8,28.8,58.9,272288.0,24495592.1,78581752.7
MG,INDUSTRIA,GRANDE,2018,15186253.5,14154022.8,2.2,5.2,107.3,272936.0,25207248.5,
MG,INDUSTRIA,GRANDE,2019,33744319.6,23648062.5,2.5,24.9,97.7,278360.0,,
MG,INDUSTRIA,GRANDE,2020,20731952.8,8782004.0,2.5,20.5,84.4,,,
MG,INDUSTRIA,GRANDE,2021,5357081.7,0.0,2.3,32.3,123.7,,,
MG,INDUSTRIA,MICRO,2006,390000.0,392476.4,1.0,24.0,96.0,159955.0,21362974.2,75592049.7
MG,INDUSTRIA,MICRO,2009,1439519.0,1197608.7,0.0,0.0,0.0,174336.0,18920287.5,81142352.1
MG,INDUSTRIA,MICRO,2013,15500000.0,15500000.0,3.5,22.5,96.0,185177.0,24238977.2,104353888.2
MG,INDUSTRIA,MICRO,2015,9103500.0,8192195.7,0.0,0.0,0.0,184340.0,23138274.7,81815441.9
MG,INDUSTRIA,MÉDIA,2006,1000000.0,1005471.6,9.0,12.0,12.0,,21362974.2,75592049.7
MG,INDUSTRIA,MÉDIA,2009,3015000.0,3015965.6,1.2,24.0,60.0,,18920287.5,81142352.1
MG,INDUSTRIA,MÉDIA,2010,4824800.0,4670023.0,2.2,18.0,56.0,,24684324.2,101270554.4
MG,INDUSTRIA,MÉDIA,2011,5672928.0,5239000.0,0.0,0.0,0.0,,24457831.8,107045162.5
MG,INDUSTRIA,MÉDIA,2012,3116333.3,2768266.7,3.5,18.0,50.0,,24644081.8,102743416.6
MG,INDUSTRIA,MÉDIA,2013,3900000.0,3372000.0,1.8,27.0,48.0,,24238977.2,104353888.2
MG,INDUSTRIA,MÉDIA,2014,2000000.0,2000000.0,4.0,30.0,36.0,,23500456.1,96560413.5
MG,INDUSTRIA,MÉDIA,2016,5886000.0,5400000.0,2.0,24.0,60.0,,23518279.3,75131251.5
MG,INDUSTRIA,MÉDIA,2017,10000000.0,10036741.8,4.3,18.0,18.0,,24495592.1,78581752.7
MG,INDUSTRIA,MÉDIA,2018,13099400.0,13110844.8,3.4,26.4,74.4,,25207248.5,
MG,INDUSTRIA,MÉDIA,2020,10000000.0,10000000.0,3.8,12.0,48.0,,,
MG,INDUSTRIA,MÉDIA,2021,10205000.0,0.0,3.3,36.0,156.0,,,
MG,INDUSTRIA,PEQUENA,2008,984678.0,937837.8,0.0,0.0,0.0,209334.0,24531690.7,88868976.2
MG,INDUSTRIA,PEQUENA,2014,310000.0,310000.0,4.0,36.0,60.0,226138.0,23500456.1,96560413.5
MG,INFRAESTRUTURA,GRANDE,2002,18950279.3,19640612.6,4.1,22.4,96.6,,,
MG,INFRAESTRUTURA,GRANDE,2003,87387156.9,87576754.9,3.4,4.4,106.1,,,
MG,INFRAESTRUTURA,GRANDE,2004,24131098.5,16146704.8,3.4,27.2,102.7,,,
MG,INFRAESTRUTURA,GRANDE,2005,27754900.0,28578395.8,2.9,36.0,72.0,,,
MG,INFRAESTRUTURA,GRANDE,2006,16262541.3,14984098.1,4.1,15.5,97.1,,,
MG,INFRAESTRUTURA,GRANDE,2007,56850813.7,33926707.7,2.4,28.3,94.5,,,
MG,INFRAESTRUTURA,GRANDE,2008,64472987.8,63645488.5,2.0,26.7,160.2,,,
MG,INFRAESTRUTURA,GRANDE,2009,56429071.8,43328830.9,2.8,18.7,89.1,,,
MG,INFRAESTRUTURA,GRANDE,2010,56208038.2,18171561.0,2.8,16.7,88.8,,,
MG,INFRAESTRUTURA,GRANDE,2011,63223584.9,63014588.9,2.7,20.4,135.9,,,
MG,INFRAESTRUTURA,GRANDE,2012,31402471.4,18411659.6,2.7,12.2,121.2,,,
MG,INFRAESTRUTURA,GRANDE,2013,39450062.9,5920710.2,2.5,23.5,87.4,,,
MG,INFRAESTRUTURA,GRANDE,2014,44026588.5,37392916.5,1.7,12.4,116.8,,,
MG,INFRAESTRUTURA,GRANDE,2015,31393667.8,23527333.6,2.6,24.7,157.0,,,
MG,INFRAESTRUTURA,GRANDE,2016,20046063.7,9244381.8,3.3,22.7,94.7,,,
MG,INFRAESTRUTURA,GRANDE,2017,49352564.9,35387214.4,3.2,9.3,172.6,,,
MG,INFRAESTRUTURA,GRANDE,2018,67046006.0,61747766.0,2.3,6.6,198.7,,,
MG,INFRAESTRUTURA,GRANDE,2019,242671166.7,127345104.2,2.5,26.1,242.2,,,
MG,INFRAESTRUTURA,GRANDE,2020,48567833.3,710000.0,2.9,16.5,115.3,,,
MG,INFRAESTRUTURA,GRANDE,2021,50046666.7,0.0,2.7,19.3,154.7,,,
MG,INFRAESTRUTURA,MICRO,2007,825901.2,807420.8,0.2,2.4,16.8,,,
MG,INFRAESTRUTURA,MÉDIA,2002,106369000.0,114195499.9,5.0,15.0,144.0,,,
MG,INFRAESTRUTURA,MÉDIA,2005,1425900.0,1450364.1,2.2,30.0,60.0,,,
MG,INFRAESTRUTURA,MÉDIA,2006,6615792.7,6570426.0,4.6,3.1,132.0,,,
MG,INFRAESTRUTURA,MÉDIA,2009,32964500.0,32964500.0,1.7,9.0,156.0,,,
MG,INFRAESTRUTURA,MÉDIA,2011,12814902.2,8095796.6,1.9,24.0,96.0,,,
MG,INFRAESTRUTURA,MÉDIA,2014,30665000.0,30665000.0,2.4,16.0,1.0,,,
MG,INFRAESTRUTURA,MÉDIA,2015,15996000.0,16014662.9,2.0,24.0,240.0,,,
MG,INFRAESTRUTURA,MÉDIA,2017,6000000.0,6003191.4,3.4,12.0,48.0,,,
MG,INFRAESTRUTURA,MÉDIA,2019,23453500.0,23453500.0,3.4,24.0,192.0,,,
MG,INFRAESTRUTURA,MÉDIA,2020,5790000.0,4632000.0,2.4,12.0,72.0,,,
MG,INFRAESTRUTURA,PEQUENA,2005,537798.1,542779.9,2.2,12.0,60.0,,,
MS,AGROPECUARIA,GRANDE,2006,3449018.9,3455236.5,2.3,18.0,60.0,5087.0,50403501.8,4869442.2
MS,AGROPECUARIA,GRANDE,2008,1434500.0,1456600.2,1.7,9.0,75.0,5419.0,47875104.1,6918958.2
MS,AGROPECUARIA,GRANDE,2011,6606625.0,6470965.8,3.2,84.0,24.0,7657.0,46814045.0,7824348.3
MS,AGROPECUARIA,GRANDE,2012,25000000.0,25000000.0,2.8,18.0,54.0,5979.0,47405602.1,8272513.6
MS,AGROPECUARIA,GRANDE,2014,25377324.0,25377838.8,2.7,18.0,54.0,8002.0,47341999.3,8996205.3
MS,AGROPECUARIA,GRANDE,2015,10000000.0,10000000.0,2.7,18.0,54.0,7170.0,48543624.8,9357402.4
MS,AGROPECUARIA,GRANDE,2016,73596000.0,37208880.0,2.7,60.0,37.2,7676.0,49793055.3,10099994.6
MS,AGROPECUARIA,GRANDE,2017,23534990.3,23539431.8,6.1,20.0,60.0,5167.0,49679657.8,9303890.1
MS,AGROPECUARIA,MICRO,2014,2092000.0,2092000.0,3.6,18.0,78.0,47123.0,47341999.3,8996205.3
MS,AGROPECUARIA,MÉDIA,2002,1022431.4,1050200.2,2.8,36.0,84.0,,49460281.5,7037216.0
MS,AGROPECUARIA,MÉDIA,2020,3600720.0,575520.0,3.0,21.6,84.0,,,
MS,INDUSTRIA,GRANDE,2002,1309729.5,1047988.9,3.8,13.0,58.0,13063.0,261618.1,4586574.6
MS,INDUSTRIA,GRANDE,2006,3314334.2,3343447.0,2.6,18.0,54.0,15475.0,267592.6,5936794.7
MS,INDUSTRIA,GRANDE,2007,43717718.3,44396902.3,2.5,18.8,76.8,23974.0,298218.1,5405654.8
MS,INDUSTRIA,GRANDE,2008,20877488.4,20815879.1,3.4,23.8,93.4,25172.0,343496.0,6173033.1
MS,INDUSTRIA,GRANDE,2009,27652166.5,26887185.1,3.8,28.8,87.0,32718.0,347019.6,6736255.1
MS,INDUSTRIA,GRANDE,2010,19053540.8,12314232.0,4.3,19.6,105.3,34435.0,348641.7,9380763.0
MS,INDUSTRIA,GRANDE,2011,159924848.6,166445418.1,2.5,32.2,90.4,37000.0,380350.9,10105946.8
MS,INDUSTRIA,GRANDE,2012,141618305.8,123903314.4,2.8,27.4,95.1,44506.0,403047.8,10535262.0
MS,INDUSTRIA,GRANDE,2013,37343892.2,17973265.2,2.9,20.4,94.5,47199.0,375346.6,10767659.2
MS,INDUSTRIA,GRANDE,2014,62559362.7,38259614.7,4.1,13.5,29.3,50823.0,339578.8,11227592.6
MS,INDUSTRIA,GRANDE,2016,586881000.0,480701219.2,1.7,30.0,90.0,46342.0,264443.0,11849122.1
MS,INDUSTRIA,GRANDE,2017,26559640.0,10546408.3,4.7,8.0,83.3,45854.0,229393.4,11680464.0
MS,INDUSTRIA,GRANDE,2018,23862250.0,21459300.5,4.4,16.5,87.0,49161.0,423401.7,
MS,INDUSTRIA,MÉDIA,2006,2467000.0,2488697.6,0.8,0.0,72.0,,267592.6,5936794.7
MS,INDUSTRIA,MÉDIA,2018,18150000.0,11250000.0,3.0,33.0,90.0,,423401.7,
MS,INDUSTRIA,MÉDIA,2020,25154000.0,0.0,2.6,24.0,96.0,,,
MS,INFRAESTRUTURA,GRANDE,2002,6448481.9,6674783.1,2.5,24.0,96.0,,,
MS,INFRAESTRUTURA,GRANDE,2003,8296689.0,9056890.6,3.6,16.1,34.3,,,
MS,INFRAESTRUTURA,GRANDE,2006,29411725.4,28759193.9,4.4,10.8,80.0,,,
MS,INFRAESTRUTURA,GRANDE,2007,34795456.7,34607416.3,2.3,26.8,122.4,,,
MS,INFRAESTRUTURA,GRANDE,2008,19796770.6,18924302.0,2.2,3.3,40.0,,,
MS,INFRAESTRUTURA,GRANDE,2009,62463881.3,29286472.9,1.4,40.3,108.0,,,
MS,INFRAESTRUTURA,GRANDE,2010,13954781.5,13954781.5,3.8,4.0,136.0,,,
MS,INFRAESTRUTURA,GRANDE,2011,82231517.8,82231517.8,2.2,17.5,175.5,,,
MS,INFRAESTRUTURA,GRANDE,2012,32058277.1,32061103.6,2.7,7.6,131.3,,,
MS,INFRAESTRUTURA,GRANDE,2013,251629746.7,249627588.0,2.4,12.7,129.0,,,
MS,INFRAESTRUTURA,GRANDE,2014,323318000.0,259445205.0,2.0,18.0,1.0,,,
MS,INFRAESTRUTURA,GRANDE,2015,16800884.6,16611673.6,3.2,11.5,98.6,,,
MS,INFRAESTRUTURA,GRANDE,2016,106783217.4,35471549.6,2.7,41.8,217.6,,,
MS,INFRAESTRUTURA,GRANDE,2017,92092333.3,92155897.6,6.7,18.0,144.0,,,
MS,INFRAESTRUTURA,GRANDE,2018,130000000.0,130359330.6,2.2,15.0,233.0,,,
MS,INFRAESTRUTURA,GRANDE,2020,127604000.0,0.0,3.0,46.5,34.0,,,
MS,INFRAESTRUTURA,MÉDIA,2017,5275168.0,5174086.4,3.7,24.0,76.8,,,
MS,INFRAESTRUTURA,MÉDIA,2020,21988000.0,0.0,2.6,30.0,90.0,,,
MT,AGROPECUARIA,GRANDE,2004,6763326.9,6873539.9,6.6,18.0,60.0,2690.0,60307782.8,14283742.8
MT,AGROPECUARIA,GRANDE,2008,78380000.0,78903526.6,2.4,24.0,60.0,3639.0,58147280.5,11440916.8
MT,AGROPECUARIA,GRANDE,2015,12038000.0,12038000.0,2.6,6.0,84.0,7381.0,69800040.0,13251716.0
MT,AGROPECUARIA,MICRO,2007,53294113.6,53240192.1,1.8,9.5,105.0,38214.0,56518327.4,8225151.8
MT,AGROPECUARIA,MÉDIA,2008,4526666.7,4535982.1,2.5,60.0,36.0,,58147280.5,11440916.8
MT,AGROPECUARIA,PEQUENA,2018,16405000.0,11438041.0,0.0,0.0,0.0,28150.0,75559243.0,
MT,INDUSTRIA,GRANDE,2002,2236566.5,2296493.6,3.0,12.0,60.0,9775.0,256496.3,5784375.7
MT,INDUSTRIA,GRANDE,2004,23883700.0,23910771.4,2.5,6.2,84.8,12711.0,222052.7,8466274.2
MT,INDUSTRIA,GRANDE,2005,2540970.7,2544484.4,2.8,5.3,66.0,17817.0,236153.3,7477625.4
MT,INDUSTRIA,GRANDE,2007,48455994.5,48049283.1,2.6,18.9,85.1,27370.0,302610.0,6551433.0
MT,INDUSTRIA,GRANDE,2008,46186987.3,47098993.0,2.5,21.4,83.1,27341.0,317943.0,7552200.5
MT,INDUSTRIA,GRANDE,2009,13075524.4,12237747.7,3.7,32.6,79.4,27668.0,349013.8,7730181.7
MT,INDUSTRIA,GRANDE,2011,21240100.0,18102311.8,2.9,19.7,62.6,34328.0,423837.1,10155088.2
MT,INDUSTRIA,GRANDE,2012,22080166.7,20670123.4,3.4,18.0,65.0,29686.0,404391.7,9463081.8
MT,INDUSTRIA,GRANDE,2013,1173000.0,1181700.1,2.7,18.0,48.0,39873.0,555385.4,10999562.5
MT,INDUSTRIA,GRANDE,2014,10289274.2,9043335.6,3.8,12.0,84.0,35714.0,618351.3,11673493.2
MT,INDUSTRIA,GRANDE,2020,250000000.0,158333333.3,3.1,30.0,210.0,,,
MT,INDUSTRIA,MICRO,2008,63757310.2,63841856.4,1.8,21.0,96.0,23753.0,317943.0,7552200.5
MT,INDUSTRIA,MÉDIA,2006,5000000.0,4991618.2,4.6,12.0,36.0,,236602.9,5971476.1
MT,INDUSTRIA,PEQUENA,2013,4640250.0,4430125.0,2.7,24.0,69.0,26377.0,555385.4,10999562.5
MT,INFRAESTRUTURA,GRANDE,2002,18089503.9,18540921.1,3.6,20.8,97.4,,,
MT,INFRAESTRUTURA,GRANDE,2003,85587533.2,78694186.9,4.9,15.6,100.3,,,
MT,INFRAESTRUTURA,GRANDE,2004,14023135.6,14390814.7,4.2,14.6,92.9,,,
MT,INFRAESTRUTURA,GRANDE,2005,52655808.0,49907435.8,3.4,14.9,110.8,,,
MT,INFRAESTRUTURA,GRANDE,2006,30100000.0,30181818.9,3.8,0.0,70.0,,,
MT,INFRAESTRUTURA,GRANDE,2007,20315939.4,20330141.3,3.4,19.4,122.7,,,
MT,INFRAESTRUTURA,GRANDE,2008,67912082.8,65030651.6,1.7,25.2,139.4,,,
MT,INFRAESTRUTURA,GRANDE,2009,66411311.4,60045401.1,1.7,37.2,157.4,,,
MT,INFRAESTRUTURA,GRANDE,2011,7717647.1,7679705.9,3.3,3.2,125.5,,,
MT,INFRAESTRUTURA,GRANDE,2012,218903044.0,207054506.9,3.4,17.6,96.0,,,
MT,INFRAESTRUTURA,GRANDE,2013,153512935.0,151879133.3,1.7,16.9,171.2,,,
MT,INFRAESTRUTURA,GRANDE,2014,90510153.8,76718537.6,3.1,26.1,95.4,,,
MT,INFRAESTRUTURA,GRANDE,2015,86114485.4,85950218.5,3.2,15.6,42.4,,,
MT,INFRAESTRUTURA,GRANDE,2016,195211428.6,191792554.8,1.9,15.6,228.0,,,
MT,INFRAESTRUTURA,GRANDE,2017,32419857.1,32358160.9,1.9,24.1,202.3,,,
MT,INFRAESTRUTURA,GRANDE,2018,192708007.5,138400503.6,2.2,15.0,149.9,,,
MT,INFRAESTRUTURA,GRANDE,2019,95000000.0,44372000.0,2.9,27.0,258.0,,,
MT,INFRAESTRUTURA,GRANDE,2020,155497000.0,0.0,3.0,46.5,34.0,,,
MT,INFRAESTRUTURA,MÉDIA,2002,12922384.7,10836965.8,2.4,23.8,111.0,,,
MT,INFRAESTRUTURA,MÉDIA,2003,6518117.5,6518026.4,2.4,4.0,111.0,,,
MT,INFRAESTRUTURA,MÉDIA,2004,21391858.7,21378706.6,2.4,22.0,96.0,,,
MT,INFRAESTRUTURA,MÉDIA,2005,18288525.0,17876625.8,3.0,7.0,144.0,,,
MT,INFRAESTRUTURA,MÉDIA,2008,56677850.0,50877580.0,2.2,4.0,144.0,,,
PA,AGROPECUARIA,GRANDE,2007,24942000.0,24810013.6,2.3,79.5,30.0,3645.0,32071042.2,6629751.5
PA,AGROPECUARIA,GRANDE,2009,92394000.0,92398868.4,8.0,12.0,24.0,5111.0,35297054.8,6440989.9
PA,AGROPECUARIA,GRANDE,2012,33378666.6,33478826.7,3.8,84.0,24.0,13248.0,38067590.3,8704452.4
PA,AGROPECUARIA,GRANDE,2013,19242000.0,13938019.4,4.8,96.0,24.0,14057.0,39215901.5,11561633.4
PA,AGROPECUARIA,MICRO,2006,1238900.0,153755.5,0.0,0.0,0.0,18171.0,37178427.8,6862771.4
PA,AGROPECUARIA,MICRO,2018,14293105.0,3760609.6,0.0,0.0,0.0,21893.0,42768090.0,
PA,AGROPECUARIA,MÉDIA,2017,18835139.0,4612669.0,0.0,0.0,0.0,,42543391.6,10248819.7
PA,AGROPECUARIA,MÉDIA,2018,12493011.0,7400300.0,0.0,0.0,0.0,,42768090.0,
PA,INDUSTRIA,GRANDE,2005,20812779.4,21578270.0,4.6,18.0,60.0,20450.0,1209445.0,14531505.5
PA,INDUSTRIA,GRANDE,2007,66666890.9,65999825.9,1.3,21.6,63.6,28435.0,1268754.1,15120116.7
PA,INDUSTRIA,GRANDE,2008,111487098.7,117580203.6,2.1,26.2,75.3,33218.0,1391345.4,19807313.2
PA,INDUSTRIA,GRANDE,2009,85326763.9,61361887.1,2.0,23.6,66.0,32563.0,1245143.5,13792461.5
PA,INDUSTRIA,GRANDE,2010,104741557.4,99583278.9,4.5,28.8,91.2,37052.0,1323219.2,26792382.3
PA,INDUSTRIA,GRANDE,2011,132251597.2,132019964.0,1.2,34.0,63.3,33762.0,1353724.5,31976110.3
PA,INDUSTRIA,GRANDE,2012,14783729.3,14924347.3,2.7,20.4,70.8,36968.0,1363841.5,27786102.2
PA,INDUSTRIA,GRANDE,2013,38808875.0,38317475.5,4.0,28.5,93.0,38090.0,1399668.8,29141573.4
PA,INDUSTRIA,GRANDE,2014,425963258.8,364265190.3,1.3,22.0,76.3,40379.0,1339883.9,24573501.9
PA,INDUSTRIA,GRANDE,2015,38425009.5,29733522.8,1.8,30.0,60.0,40335.0,1212907.5,22758900.4
PA,INFRAESTRUTURA,GRANDE,2002,49385963.6,50236200.6,5.9,17.1,122.1,,,
PA,INFRAESTRUTURA,GRANDE,2004,142462088.9,142632600.2,4.4,14.4,122.9,,,
PA,INFRAESTRUTURA,GRANDE,2005,130000000.0,120500000.0,3.0,24.0,96.0,,,
PA,INFRAESTRUTURA,GRANDE,2006,50784600.0,49912183.0,3.4,5.6,134.4,,,
PA,INFRAESTRUTURA,GRANDE,2007,56341848.4,56434516.0,3.0,15.0,61.0,,,
PA,INFRAESTRUTURA,GRANDE,2008,1992004.9,778233.8,4.1,18.6,240.0,,,
PA,INFRAESTRUTURA,GRANDE,2009,36831353.5,22714288.3,3.1,23.8,69.0,,,
PA,INFRAESTRUTURA,GRANDE,2010,109525144.4,104095153.4,2.4,24.0,96.0,,,
PA,INFRAESTRUTURA,GRANDE,2011,1591042102.7,1591042102.7,4.3,63.3,182.0,,,
PA,INFRAESTRUTURA,GRANDE,2012,1038170550.0,1038184372.1,2.5,46.1,223.4,,,
PA,INFRAESTRUTURA,GRANDE,2013,15500000.0,13221500.0,3.3,3.0,137.0,,,
PA,INFRAESTRUTURA,GRANDE,2014,82006679.3,73188830.4,3.8,11.7,41.0,,,
PA,INFRAESTRUTURA,GRANDE,2015,143865103.7,103984549.7,2.1,27.0,72.0,,,
PA,INFRAESTRUTURA,GRANDE,2016,65684467.9,60990371.0,3.3,14.2,149.0,,,
PA,INFRAESTRUTURA,GRANDE,2018,1341576000.0,1191000000.0,1.8,20.0,88.0,,,
PA,INFRAESTRUTURA,GRANDE,2020,680434000.0,0.0,2.2,57.5,24.5,,,
PA,INFRAESTRUTURA,MÉDIA,2002,17851855.8,17790206.7,6.7,11.2,160.0,,,
PA,INFRAESTRUTURA,MÉDIA,2007,80717000.0,80772028.1,2.3,12.0,120.0,,,
PA,INFRAESTRUTURA,MÉDIA,2010,5471772.4,6432131.2,3.9,45.8,219.0,,,
PA,INFRAESTRUTURA,PEQUENA,2007,380000.0,380000.0,3.5,12.0,60.0,,,
PB,INDUSTRIA,GRANDE,2002,2325382.4,2227222.1,3.9,12.7,52.7,18347.0,582972.0,4225567.0
PB,INDUSTRIA,GRANDE,2005,10350000.0,10383708.8,6.2,12.0,12.0,22826.0,596500.2,4132270.5
PB,INDUSTRIA,GRANDE,2010,3650000.0,2293396.6,0.0,6.0,24.0,33792.0,778535.0,5436505.3
PB,INDUSTRIA,MICRO,2009,473863.0,374902.9,0.0,0.0,0.0,13475.0,678168.1,5205030.7
PB,INFRAESTRUTURA,GRANDE,2002,10205977.9,10225772.2,1.0,19.7,54.0,,,
PB,INFRAESTRUTURA,GRANDE,2004,18287217.5,17003455.5,2.5,20.0,68.0,,,
PB,INFRAESTRUTURA,GRANDE,2006,6425485.3,6461412.4,2.7,18.7,70.0,,,
PB,INFRAESTRUTURA,GRANDE,2008,162097460.0,162129359.3,2.9,6.0,168.0,,,
PB,INFRAESTRUTURA,GRANDE,2011,203343199.0,198819058.0,1.8,0.0,156.0,,,
PB,INFRAESTRUTURA,GRANDE,2013,8414100.0,8170644.4,3.3,2.6,79.6,,,
PB,INFRAESTRUTURA,GRANDE,2014,2579800.0,2579800.0,3.1,10.0,72.0,,,
PB,INFRAESTRUTURA,GRANDE,2017,47236152.9,46270000.0,2.2,4.0,190.3,,,
PB,INFRAESTRUTURA,GRANDE,2019,69725789.5,20603684.2,2.4,40.0,246.0,,,
PB,INFRAESTRUTURA,GRANDE,2020,77485000.0,0.0,3.2,66.0,53.5,,,
PE,AGROPECUARIA,GRANDE,2002,4785712.4,5070751.3,5.2,18.0,54.0,10479.0,5091930.8,3550001.8
PE,AGROPECUARIA,GRANDE,2003,3412104.3,3381852.8,4.0,12.0,72.0,21886.0,5036070.9,3675214.0
PE,AGROPECUARIA,GRANDE,2006,2013326.2,0.0,3.5,5.0,22.0,20691.0,6102453.1,4164232.8
PE,AGROPECUARIA,GRANDE,2009,6974000.0,6974000.0,11.0,12.0,24.0,8785.0,6535714.8,4074866.9
PE,INDUSTRIA,GRANDE,2002,2146123.1,2089955.0,3.8,15.4,66.9,64388.0,200318.9,13521923.0
PE,INDUSTRIA,GRANDE,2003,6067839.6,5972670.2,3.6,6.0,72.0,57868.0,148030.1,11451098.2
PE,INDUSTRIA,GRANDE,2006,729087.5,722878.4,2.0,18.0,42.0,81148.0,201591.6,12201026.5
PE,INDUSTRIA,GRANDE,2007,64422634.4,63945452.9,3.4,51.2,35.5,90937.0,250142.9,12901224.4
PE,INDUSTRIA,GRANDE,2008,67903333.3,69031201.4,2.9,10.0,38.7,98787.0,283786.9,13411199.9
PE,INDUSTRIA,GRANDE,2009,483966758.6,478293498.6,3.0,36.6,78.9,106326.0,301939.3,14603842.3
PE,INDUSTRIA,GRANDE,2010,32640591.2,28926451.8,3.5,32.5,65.0,102940.0,305364.3,18191729.7
PE,INDUSTRIA,GRANDE,2011,112055039.4,110437794.9,2.1,25.1,96.0,104069.0,388547.3,18650089.8
PE,INDUSTRIA,GRANDE,2012,151002857.1,134346235.8,2.5,35.1,100.6,102762.0,452645.0,20423231.5
PE,INDUSTRIA,GRANDE,2013,127942875.0,128534247.2,2.0,36.8,87.8,107716.0,434280.0,20685649.5
PE,INDUSTRIA,GRANDE,2014,9360333.3,7212359.8,4.9,24.0,84.0,109484.0,446609.0,18290896.5
PE,INDUSTRIA,GRANDE,2015,6970129.0,7020754.3,1.6,18.4,53.6,96204.0,340821.8,18444717.5
PE,INDUSTRIA,GRANDE,2016,55943151.6,55874124.4,3.0,39.0,0.0,98000.0,218324.2,18000503.2
PE,INDUSTRIA,GRANDE,2017,32109834.3,32217818.3,2.1,19.6,62.0,96791.0,157352.7,19944762.2
PE,INDUSTRIA,GRANDE,2021,20001973.6,0.0,1.6,24.0,60.0,,,
PE,INDUSTRIA,MÉDIA,2005,2112639.0,2122458.2,3.5,12.0,12.0,,189812.4,12671028.0
PE,INDUSTRIA,MÉDIA,2007,1952500.0,1954496.6,1.8,12.0,78.0,,250142.9,12901224.4
PE,INDUSTRIA,MÉDIA,2018,28590000.0,28590000.0,3.9,24.0,36.0,,95096.8,
PE,INFRAESTRUTURA,GRANDE,2002,26344008.5,26591233.7,1.9,34.9,62.6,,,
PE,INFRAESTRUTURA,GRANDE,2003,2506398.2,2501535.8,4.5,3.0,117.0,,,
PE,INFRAESTRUTURA,GRANDE,2004,87939453.6,91653517.4,4.4,15.5,86.0,,,
PE,INFRAESTRUTURA,GRANDE,2005,10827705.6,6410800.0,5.0,7.0,48.0,,,
PE,INFRAESTRUTURA,GRANDE,2006,25376258.3,24701260.4,3.8,15.5,55.2,,,
PE,INFRAESTRUTURA,GRANDE,2007,9707971.3,9717191.7,2.0,12.0,60.0,,,
PE,INFRAESTRUTURA,GRANDE,2008,50753502.9,26000624.0,2.0,30.0,97.5,,,
PE,INFRAESTRUTURA,GRANDE,2009,109739500.0,105884800.2,2.9,24.0,54.0,,,
PE,INFRAESTRUTURA,GRANDE,2010,47645060.0,42752091.2,3.0,11.4,64.8,,,
PE,INFRAESTRUTURA,GRANDE,2011,63358714.3,42787285.7,3.6,23.7,56.0,,,
PE,INFRAESTRUTURA,GRANDE,2012,31626900.0,31626900.0,2.8,18.0,1.0,,,
PE,INFRAESTRUTURA,GRANDE,2013,86094000.0,65115000.0,2.0,21.2,76.8,,,
PE,INFRAESTRUTURA,GRANDE,2014,102516657.5,101866435.4,2.6,15.6,94.9,,,
PE,INFRAESTRUTURA,GRANDE,2015,46155600.9,55809123.5,2.6,19.0,198.1,,,
PE,INFRAESTRUTURA,GRANDE,2016,39598105.3,37064950.4,4.1,22.2,219.2,,,
PE,INFRAESTRUTURA,GRANDE,2017,30214073.8,30240130.2,1.6,7.3,152.0,,,
PE,INFRAESTRUTURA,GRANDE,2018,92126626.2,56598730.9,2.5,4.5,179.7,,,
PE,INFRAESTRUTURA,GRANDE,2020,358126000.0,0.0,2.2,63.0,44.5,,,
PE,INFRAESTRUTURA,GRANDE,2021,182163500.0,0.0,2.2,21.5,265.5,,,
PE,INFRAESTRUTURA,PEQUENA,2003,500000.0,507939.8,4.0,24.0,72.0,,,
PI,INDUSTRIA,GRANDE,2010,2500000.0,817021.6,0.0,0.0,0.0,8103.0,225782.4,3202753.5
PI,INDUSTRIA,MICRO,2013,1351286.8,1351286.8,0.0,0.0,0.0,10676.0,232935.4,2730605.5
PI,INDUSTRIA,PEQUENA,2005,13418238.0,13510604.6,3.5,24.0,72.0,7330.0,153110.4,1957747.0
PI,INFRAESTRUTURA,GRANDE,2008,25500000.0,25555022.2,2.0,30.0,96.0,,,
PI,INFRAESTRUTURA,GRANDE,2009,15585482.6,15107273.4,2.5,29.3,92.2,,,
PI,INFRAESTRUTURA,GRANDE,2010,200295000.0,177129446.3,4.2,24.0,96.0,,,
PI,INFRAESTRUTURA,GRANDE,2013,29740285.7,29422812.1,1.9,10.0,192.0,,,
PI,INFRAESTRUTURA,GRANDE,2014,59669378.6,59669378.6,2.4,12.9,1.0,,,
PI,INFRAESTRUTURA,GRANDE,2015,128086300.0,128056017.0,1.6,9.1,192.0,,,
PI,INFRAESTRUTURA,GRANDE,2017,17853650.9,17671155.1,4.1,15.5,162.1,,,
PI,INFRAESTRUTURA,GRANDE,2019,403066000.0,380000000.0,2.2,18.0,220.0,,,
PI,INFRAESTRUTURA,GRANDE,2020,416506500.0,0.0,2.0,34.5,227.0,,,
PI,INFRAESTRUTURA,GRANDE,2021,156632375.0,0.0,2.2,21.9,264.4,,,
PI,INFRAESTRUTURA,MÉDIA,2016,28213600.0,28270321.0,2.1,7.0,192.0,,,
PR,AGROPECUARIA,GRANDE,2002,2180369.0,2220521.9,5.0,18.0,54.0,8402.0,27500026.7,16077387.0
PR,AGROPECUARIA,GRANDE,2003,1860000.0,1875651.9,5.0,6.0,60.0,9135.0,29532997.2,20735367.8
PR,AGROPECUARIA,GRANDE,2005,13143400.0,13143400.0,10.8,16.8,96.0,10294.0,27978630.3,14885605.3
PR,AGROPECUARIA,GRANDE,2007,3018000.0,2996451.9,3.4,18.0,54.0,11187.0,27818595.4,16211118.7
PR,AGROPECUARIA,GRANDE,2008,6329401.2,6331611.8,7.8,18.0,81.0,19846.0,27994500.3,19172426.0
PR,AGROPECUARIA,GRANDE,2009,5146281.1,5131095.0,4.4,6.9,56.6,19815.0,28352965.3,15872169.6
PR,AGROPECUARIA,GRANDE,2010,13161500.0,13161500.0,5.6,12.0,99.5,15750.0,28623874.8,17801329.7
PR,AGROPECUARIA,GRANDE,2011,4826431.0,4061313.4,4.4,75.0,43.0,11492.0,28799039.0,19142565.6
PR,AGROPECUARIA,GRANDE,2012,71548867.9,71548867.9,3.9,16.5,64.5,14105.0,28959067.6,19012699.3
PR,AGROPECUARIA,GRANDE,2013,20172196.0,20172196.0,3.6,18.0,54.0,14462.0,29820363.8,23799490.3
PR,AGROPECUARIA,GRANDE,2014,6743000.0,4288295.0,2.6,96.0,24.0,13881.0,29959900.7,21097515.7
PR,AGROPECUARIA,GRANDE,2016,50000000.0,50000000.0,8.8,36.0,84.0,12144.0,31098139.1,21994377.6
PR,AGROPECUARIA,GRANDE,2018,16854000.0,16895680.0,4.8,16.0,96.0,10515.0,30749884.8,
PR,AGROPECUARIA,GRANDE,2019,38627000.0,21206305.0,7.0,36.0,84.0,4514.0,,
PR,AGROPECUARIA,GRANDE,2020,61896500.0,30770032.5,7.5,22.5,109.5,,,
PR,AGROPECUARIA,MICRO,2011,1418000.0,1414434.9,0.0,0.0,0.0,62240.0,28799039.0,19142565.6
PR,AGROPECUARIA,PEQUENA,2017,3801099.7,2736321.9,0.0,0.0,0.0,20023.0,30634486.6,21090136.2
PR,INDUSTRIA,GRANDE,2002,4560218.0,4805577.6,2.5,8.5,57.0,103954.0,1976606.2,44279294.6
PR,INDUSTRIA,GRANDE,2003,3281058.2,2184732.1,4.7,25.1,66.7,116427.0,1939381.0,47124825.2
PR,INDUSTRIA,GRANDE,2004,9052231.0,7997038.2,10.6,30.0,104.6,138486.0,2028647.7,51691036.3
PR,INDUSTRIA,GRANDE,2005,25480528.0,25453179.9,4.2,12.9,32.6,147651.0,2458402.7,48671949.2
PR,INDUSTRIA,GRANDE,2006,109521141.8,108668053.9,4.5,23.8,67.4,162478.0,2414652.4,47812348.7
PR,INDUSTRIA,GRANDE,2007,22463582.6,22344705.1,3.4,18.5,73.4,187181.0,2636198.5,52386128.7
PR,INDUSTRIA,GRANDE,2008,12272360.7,12379831.5,5.0,24.0,72.0,189943.0,2872085.4,51872208.2
PR,INDUSTRIA,GRANDE,2009,23547538.5,23464575.7,5.0,21.2,66.4,199441.0,2791562.5,52548657.6
PR,INDUSTRIA,GRANDE,2010,19033070.8,18988433.0,3.3,19.9,63.0,211900.0,3032622.8,54221391.0
PR,INDUSTRIA,GRANDE,2011,31863071.7,29688644.0,2.7,18.9,64.0,221903.0,3156026.1,57243065.3
PR,INDUSTRIA,GRANDE,2012,23150047.8,18457357.9,3.1,19.6,68.0,216133.0,3043328.3,55567180.1
PR,INDUSTRIA,GRANDE,2013,34936778.5,33757141.3,2.8,20.6,71.6,238702.0,3246688.5,59664365.2
PR,INDUSTRIA,GRANDE,2014,179088177.6,180477536.4,3.7,25.5,80.7,241710.0,3297438.8,55885531.8
PR,INDUSTRIA,GRANDE,2015,27360001.9,22738856.9,5.1,20.7,70.2,226847.0,3242871.3,56975846.9
PR,INDUSTRIA,GRANDE,2016,32273666.7,6577144.2,4.3,28.0,64.0,209978.0,3345180.6,57291251.7
PR,INDUSTRIA,GRANDE,2017,45476416.7,21101426.6,3.1,6.0,50.5,221963.0,3181491.0,56791169.3
PR,INDUSTRIA,GRANDE,2018,43514333.3,34653362.8,5.7,25.0,93.0,223962.0,3246023.0,
PR,INDUSTRIA,GRANDE,2019,1525000000.0,525000000.0,2.2,27.0,123.0,231641.0,,
PR,INDUSTRIA,GRANDE,2020,33436099.4,2001160.8,2.9,29.3,93.3,,,
PR,INDUSTRIA,GRANDE,2021,736446.4,0.0,1.6,3.0,45.0,,,
PR,INDUSTRIA,MICRO,2005,2925491.6,2893003.6,2.5,24.0,48.0,103811.0,2458402.7,48671949.2
PR,INDUSTRIA,MICRO,2010,4003715.4,4003715.3,0.0,0.0,0.0,128347.0,3032622.8,54221391.0
PR,INDUSTRIA,MICRO,2012,645166.9,645166.9,0.0,0.0,0.0,138676.0,3043328.3,55567180.1
PR,INDUSTRIA,MICRO,2013,10500000.0,2268115.0,0.0,0.0,0.0,139488.0,3246688.5,59664365.2
PR,INDUSTRIA,MICRO,2015,2700000.0,2700000.0,0.0,0.0,0.0,139256.0,3242871.3,56975846.9
PR,INDUSTRIA,MÉDIA,2005,5000000.0,5007247.8,9.0,12.0,12.0,,2458402.7,48671949.2
PR,INDUSTRIA,MÉDIA,2014,5500000.0,5520277.4,2.7,24.0,72.0,,3297438.8,55885531.8
PR,INDUSTRIA,MÉDIA,2015,2246866.7,1914825.8,4.3,24.0,88.0,,3242871.3,56975846.9
PR,INDUSTRIA,MÉDIA,2016,1964960.0,1960555.1,1.9,14.4,76.8,,3345180.6,57291251.7
PR,INDUSTRIA,MÉDIA,2017,7676250.0,4442762.8,3.8,15.0,63.0,,3181491.0,56791169.3
PR,INDUSTRIA,MÉDIA,2018,7698200.0,7438727.3,3.2,21.6,88.8,,3246023.0,
PR,INDUSTRIA,MÉDIA,2020,10000000.0,10000000.0,3.2,24.0,60.0,,,
PR,INDUSTRIA,MÉDIA,2021,3333333.4,0.0,4.1,36.0,48.0,,,
PR,INDUSTRIA,PEQUENA,2006,1175870.0,1179276.0,0.0,0.0,0.0,146788.0,2414652.4,47812348.7
PR,INDUSTRIA,PEQUENA,2007,5678750.0,5619679.5,2.4,30.0,66.0,156956.0,2636198.5,52386128.7
PR,INDUSTRIA,PEQUENA,2008,816458.5,873280.6,0.8,18.0,72.0,167890.0,2872085.4,51872208.2
PR,INDUSTRIA,PEQUENA,2009,324130.0,324130.0,0.0,0.0,0.0,166864.0,2791562.5,52548657.6
PR,INDUSTRIA,PEQUENA,2010,725000.0,725000.0,4.0,18.0,72.0,178019.0,3032622.8,54221391.0
PR,INDUSTRIA,PEQUENA,2012,1853000.0,1853000.0,4.2,24.0,84.0,185536.0,3043328.3,55567180.1
PR,INDUSTRIA,PEQUENA,2013,852166.7,852166.7,2.4,21.0,72.0,187817.0,3246688.5,59664365.2
PR,INFRAESTRUTURA,GRANDE,2002,24963510.0,27252827.1,4.6,25.2,88.8,,,
PR,INFRAESTRUTURA,GRANDE,2004,24027444.4,23864747.9,5.3,28.2,60.0,,,
PR,INFRAESTRUTURA,GRANDE,2005,61700777.8,60117515.4,3.9,14.4,129.3,,,
PR,INFRAESTRUTURA,GRANDE,2006,39578962.5,16661008.1,3.4,3.5,123.0,,,
PR,INFRAESTRUTURA,GRANDE,2007,21244489.3,20232523.0,2.2,38.4,118.4,,,
PR,INFRAESTRUTURA,GRANDE,2008,40686539.9,40692668.8,3.7,23.0,96.0,,,
PR,INFRAESTRUTURA,GRANDE,2009,70552174.0,56941488.9,2.2,26.0,122.5,,,
PR,INFRAESTRUTURA,GRANDE,2010,11539267.3,11539267.3,2.3,17.1,78.9,,,
PR,INFRAESTRUTURA,GRANDE,2011,31620886.5,17545789.1,2.6,30.8,125.8,,,
PR,INFRAESTRUTURA,GRANDE,2012,19079829.8,16222230.1,1.6,23.9,126.0,,,
PR,INFRAESTRUTURA,GRANDE,2013,29321497.7,25444661.7,2.3,32.6,71.3,,,
PR,INFRAESTRUTURA,GRANDE,2014,76792133.8,56836550.7,2.4,27.0,90.9,,,
PR,INFRAESTRUTURA,GRANDE,2015,22680080.6,11268618.1,2.4,17.3,131.0,,,
PR,INFRAESTRUTURA,GRANDE,2016,19815255.1,9588829.9,6.1,23.5,139.8,,,
PR,INFRAESTRUTURA,GRANDE,2017,26758666.7,19222458.2,3.6,8.0,105.8,,,
PR,INFRAESTRUTURA,GRANDE,2018,160967750.3,129487990.3,2.6,19.6,150.2,,,
PR,INFRAESTRUTURA,GRANDE,2019,46814721.1,37420345.0,3.6,27.2,135.5,,,
PR,INFRAESTRUTURA,GRANDE,2020,67844248.9,21647931.0,1.7,37.8,212.4,,,
PR,INFRAESTRUTURA,MICRO,2008,974362.6,977374.7,0.0,0.0,0.0,,,
PR,INFRAESTRUTURA,MICRO,2009,605327.3,605521.4,0.0,0.0,0.0,,,
PR,INFRAESTRUTURA,MÉDIA,2012,3390833.3,2963357.6,1.4,18.0,102.0,,,
PR,INFRAESTRUTURA,MÉDIA,2016,6381550.0,0.0,2.1,21.0,114.0,,,
PR,INFRAESTRUTURA,MÉDIA,2018,7330000.0,0.0,6.7,2.0,146.0,,,
PR,INFRAESTRUTURA,MÉDIA,2020,459867.6,459867.6,4.2,23.3,54.4,,,
PR,INFRAESTRUTURA,MÉDIA,2021,648862.5,0.0,4.2,24.0,48.0,,,
PR,INFRAESTRUTURA,PEQUENA,2011,2734185.0,2734185.0,0.0,0.0,0.0,,,
RJ,AGROPECUARIA,GRANDE,2012,65000000.0,65000000.0,6.2,12.0,24.0,513.0,4941013.0,2024277.6
RJ,AGROPECUARIA,GRANDE,2014,9810000.0,9810000.0,4.0,24.0,60.0,1513.0,5266963.3,2095977.6
RJ,AGROPECUARIA,GRANDE,2017,2835811.0,563359.5,0.0,0.0,0.0,686.0,5432180.2,1791069.7
RJ,AGROPECUARIA,MICRO,2012,1147000.0,1147000.0,0.0,0.0,0.0,17369.0,4941013.0,2024277.6
RJ,AGROPECUARIA,MÉDIA,2011,2544000.0,2543999.9,0.0,0.0,0.0,,4891287.2,1971279.9
RJ,AGROPECUARIA,MÉDIA,2012,3263000.0,3263000.0,4.0,24.0,72.0,,4941013.0,2024277.6
RJ,AGROPECUARIA,MÉDIA,2015,11487000.0,6066622.2,0.0,24.0,96.0,,5096090.8,2066742.5
RJ,AGROPECUARIA,PEQUENA,2013,1941777.0,1941777.0,0.0,0.0,0.0,4164.0,5219542.7,1943143.7
RJ,INDUSTRIA,GRANDE,2002,22111956.4,17334533.1,4.0,13.8,66.5,107180.0,6919108.9,82112316.9
RJ,INDUSTRIA,GRANDE,2003,5036287.0,4684273.0,3.6,21.0,147.0,115091.0,7706505.1,83084478.0
RJ,INDUSTRIA,GRANDE,2004,193603500.0,199875721.0,4.0,31.5,63.0,124598.0,8002538.1,93779870.8
RJ,INDUSTRIA,GRANDE,2005,18492809.8,18420222.7,5.8,12.4,37.5,134902.0,7203020.5,107168055.6
RJ,INDUSTRIA,GRANDE,2006,110602174.6,6407547.6,2.7,11.2,57.8,152316.0,6779005.6,119486767.7
RJ,INDUSTRIA,GRANDE,2007,220562031.1,217803313.3,2.3,29.4,75.5,165072.0,6871822.0,111489640.7
RJ,INDUSTRIA,GRANDE,2008,45302210.7,45759387.6,3.1,28.6,44.7,178855.0,7683587.0,126000382.2
RJ,INDUSTRIA,GRANDE,2009,24340588.2,22173858.0,4.2,24.0,57.9,178860.0,6733217.9,101009503.4
RJ,INDUSTRIA,GRANDE,2010,59164639.7,53752851.7,3.4,27.9,36.8,202836.0,9823782.1,113193367.8
RJ,INDUSTRIA,GRANDE,2011,40231903.5,40598644.9,3.0,23.9,63.4,221992.0,14298352.6,125129839.4
RJ,INDUSTRIA,GRANDE,2012,228850655.5,227714710.9,2.3,20.9,60.4,238872.0,13986188.7,136113379.2
RJ,INDUSTRIA,GRANDE,2013,333029203.5,117121075.3,2.6,28.9,65.4,239988.0,13734085.4,129475941.1
RJ,INDUSTRIA,GRANDE,2014,20343039.1,19218833.7,2.2,18.5,58.5,242312.0,7257200.5,126647707.2
RJ,INDUSTRIA,GRANDE,2015,15133026.3,14128775.7,3.0,22.0,55.7,211335.0,7117661.1,90029847.7
RJ,INDUSTRIA,GRANDE,2016,51174000.0,49702468.3,1.6,30.0,60.0,189735.0,6135731.5,62675982.9
RJ,INDUSTRIA,GRANDE,2017,29637554.9,20770135.9,3.6,27.6,68.7,181897.0,6295290.3,64028967.7
RJ,INDUSTRIA,GRANDE,2019,73594900.0,20914046.9,1.7,32.4,37.2,179122.0,,
RJ,INDUSTRIA,MICRO,2013,7632297.0,6345181.3,0.0,0.0,0.0,84096.0,13734085.4,129475941.1
RJ,INDUSTRIA,MICRO,2014,28073460.0,18300211.2,0.0,0.0,0.0,84971.0,7257200.5,126647707.2
RJ,INDUSTRIA,MÉDIA,2005,4290000.0,4293987.7,4.8,18.0,36.0,,7203020.5,107168055.6
RJ,INDUSTRIA,MÉDIA,2006,10417908.5,8345989.8,2.7,12.0,84.0,,6779005.6,119486767.7
RJ,INDUSTRIA,MÉDIA,2007,16500000.0,16505467.4,4.0,12.0,36.0,,6871822.0,111489640.7
RJ,INDUSTRIA,MÉDIA,2008,3000000.0,3000000.0,4.5,36.0,60.0,,7683587.0,126000382.2
RJ,INDUSTRIA,MÉDIA,2009,2500000.0,2500000.0,3.5,24.0,60.0,,6733217.9,101009503.4
RJ,INDUSTRIA,MÉDIA,2010,11646450.0,2937728.4,0.0,0.0,0.0,,9823782.1,113193367.8
RJ,INDUSTRIA,MÉDIA,2011,2514437.5,1942785.2,3.4,24.0,90.0,,14298352.6,125129839.4
RJ,INDUSTRIA,MÉDIA,2013,10000000.0,10000000.0,3.5,24.0,36.0,,13734085.4,129475941.1
RJ,INDUSTRIA,MÉDIA,2014,20000000.0,15257000.0,4.0,24.0,96.0,,7257200.5,126647707.2
RJ,INDUSTRIA,MÉDIA,2016,3536236.0,695000.0,0.0,0.0,0.0,,6135731.5,62675982.9
RJ,INDUSTRIA,MÉDIA,2018,8603308.4,7164751.1,1.8,33.4,115.7,,6552622.6,
RJ,INDUSTRIA,MÉDIA,2021,13478457.5,0.0,1.2,24.0,36.0,,,
RJ,INDUSTRIA,PEQUENA,2008,3992000.0,4002237.1,1.0,24.0,48.0,110583.0,7683587.0,126000382.2
RJ,INDUSTRIA,PEQUENA,2015,1252000.0,400000.0,0.0,48.0,72.0,105429.0,7117661.1,90029847.7
RJ,INFRAESTRUTURA,GRANDE,2002,25628469.0,24971243.4,4.7,25.2,102.0,,,
RJ,INFRAESTRUTURA,GRANDE,2003,112254371.0,113683055.6,4.5,18.4,69.8,,,
RJ,INFRAESTRUTURA,GRANDE,2004,73015133.3,68901824.1,4.2,10.3,79.7,,,
RJ,INFRAESTRUTURA,GRANDE,2005,22636608.8,17989583.3,3.9,18.4,152.1,,,
RJ,INFRAESTRUTURA,GRANDE,2006,53139517.6,48658102.6,3.6,21.5,109.8,,,
RJ,INFRAESTRUTURA,GRANDE,2007,32260316.0,33042304.2,3.2,34.5,195.7,,,
RJ,INFRAESTRUTURA,GRANDE,2008,34123507.8,29635912.8,3.7,35.4,169.7,,,
RJ,INFRAESTRUTURA,GRANDE,2009,41777220.9,30885307.4,3.0,24.0,149.9,,,
RJ,INFRAESTRUTURA,GRANDE,2010,95225149.8,91308198.3,2.9,17.4,146.7,,,
RJ,INFRAESTRUTURA,GRANDE,2011,119973529.9,72882415.4,3.2,21.7,117.9,,,
RJ,INFRAESTRUTURA,GRANDE,2012,123345042.2,87455670.2,3.0,21.1,125.7,,,
RJ,INFRAESTRUTURA,GRANDE,2013,114466880.6,102628027.0,2.7,23.8,119.5,,,
RJ,INFRAESTRUTURA,GRANDE,2014,287767928.9,277981835.5,2.7,15.7,116.9,,,
RJ,INFRAESTRUTURA,GRANDE,2015,67624341.3,61468275.9,3.6,16.8,131.0,,,
RJ,INFRAESTRUTURA,GRANDE,2016,155041771.7,154251949.8,2.4,13.2,136.5,,,
RJ,INFRAESTRUTURA,GRANDE,2017,165865671.4,152177846.5,3.7,11.9,116.4,,,
RJ,INFRAESTRUTURA,GRANDE,2018,57352351.2,31054540.5,3.1,21.3,107.3,,,
RJ,INFRAESTRUTURA,GRANDE,2019,413753704.0,170870879.1,2.6,21.2,127.2,,,
RJ,INFRAESTRUTURA,GRANDE,2020,561428571.4,0.0,3.9,48.0,204.9,,,
RJ,INFRAESTRUTURA,GRANDE,2021,65000000.0,0.0,2.6,18.0,267.0,,,
RJ,INFRAESTRUTURA,MICRO,2002,15163751.6,15163751.6,1.5,49.0,9.0,,,
RJ,INFRAESTRUTURA,MICRO,2003,99770.0,99770.0,0.0,0.0,0.0,,,
RJ,INFRAESTRUTURA,MÉDIA,2002,6216200.1,6858961.9,4.5,18.6,184.3,,,
RJ,INFRAESTRUTURA,MÉDIA,2003,35683175.9,31430756.0,4.4,18.8,180.0,,,
RJ,INFRAESTRUTURA,MÉDIA,2004,100211803.0,104823704.2,5.0,18.0,192.0,,,
RJ,INFRAESTRUTURA,MÉDIA,2005,32379797.9,26805456.3,5.2,14.4,102.6,,,
RJ,INFRAESTRUTURA,MÉDIA,2006,5018490.0,4934322.5,4.5,22.0,180.0,,,
RJ,INFRAESTRUTURA,MÉDIA,2007,3843537.2,3854018.6,3.2,30.0,102.0,,,
RJ,INFRAESTRUTURA,MÉDIA,2008,4007500.0,4016201.4,2.0,22.0,168.0,,,
RJ,INFRAESTRUTURA,MÉDIA,2012,5449329.0,3569370.7,2.7,27.0,72.0,,,
RJ,INFRAESTRUTURA,MÉDIA,2017,38671062.9,33868090.3,4.5,8.9,62.0,,,
RJ,INFRAESTRUTURA,MÉDIA,2018,361560000.0,295271788.9,2.3,22.8,174.6,,,
RJ,INFRAESTRUTURA,MÉDIA,2020,30173000.0,0.0,2.4,48.0,132.0,,,
RJ,INFRAESTRUTURA,PEQUENA,2009,36307259.8,32984635.2,3.0,6.0,204.0,,,
RJ,INFRAESTRUTURA,PEQUENA,2010,4012560.0,4012560.0,3.2,18.0,192.0,,,
RJ,INFRAESTRUTURA,PEQUENA,2013,4014357.6,4270102.8,3.6,37.2,180.0,,,
RN,AGROPECUARIA,GRANDE,2002,3290711.0,3314305.5,4.0,14.2,69.5,4246.0,2174136.7,1050486.9
RN,AGROPECUARIA,GRANDE,2003,21603500.0,21199377.9,2.8,24.0,60.0,4755.0,2328309.6,1422787.2
RN,AGROPECUARIA,GRANDE,2006,18395389.3,0.0,2.8,12.0,50.0,6664.0,2666681.7,1348449.7
RN,AGROPECUARIA,MÉDIA,2010,520250.0,513505.9,4.1,22.5,67.5,,2685144.1,1148621.9
RN,INDUSTRIA,GRANDE,2002,4141600.0,3191683.7,3.5,12.0,60.0,22370.0,124960.9,6807374.0
RN,INDUSTRIA,GRANDE,2005,8960000.0,8991758.7,9.0,12.0,12.0,23330.0,135315.5,7329615.5
RN,INDUSTRIA,GRANDE,2010,5866000.0,2950000.0,4.5,18.0,66.0,34625.0,166726.1,7683076.1
RN,INDUSTRIA,GRANDE,2011,6220000.0,2947750.0,2.0,16.5,55.5,30844.0,236945.4,8268156.1
RN,INDUSTRIA,MÉDIA,2004,5645333.3,5628167.5,4.8,6.0,54.0,,123198.7,6376600.0
RN,INDUSTRIA,MÉDIA,2008,17500000.0,17500000.0,7.0,24.0,72.0,,163513.6,8479055.2
RN,INFRAESTRUTURA,GRANDE,2002,40982311.7,41033806.9,1.0,32.3,68.7,,,
RN,INFRAESTRUTURA,GRANDE,2003,2264000.0,2464863.8,4.6,18.0,62.0,,,
RN,INFRAESTRUTURA,GRANDE,2005,32333333.3,28730366.5,2.2,20.0,72.0,,,
RN,INFRAESTRUTURA,GRANDE,2006,68000000.0,68343140.9,3.9,12.0,144.0,,,
RN,INFRAESTRUTURA,GRANDE,2009,2969609.1,1738288.2,2.3,3.0,60.0,,,
RN,INFRAESTRUTURA,GRANDE,2010,30217508.3,29532780.7,2.4,21.8,160.0,,,
RN,INFRAESTRUTURA,GRANDE,2011,19155645.1,19066869.8,1.8,25.0,173.5,,,
RN,INFRAESTRUTURA,GRANDE,2012,22418613.5,22039522.7,2.2,18.8,157.0,,,
RN,INFRAESTRUTURA,GRANDE,2013,33389232.5,31882531.5,1.8,7.9,153.6,,,
RN,INFRAESTRUTURA,GRANDE,2014,30167529.8,28233750.8,1.9,15.7,160.1,,,
RN,INFRAESTRUTURA,GRANDE,2015,35415471.5,33038984.9,2.2,10.7,191.4,,,
RN,INFRAESTRUTURA,GRANDE,2016,32066914.1,14233870.8,1.8,6.1,190.7,,,
RN,INFRAESTRUTURA,GRANDE,2017,33657031.0,33782481.7,2.2,9.4,186.0,,,
RN,INFRAESTRUTURA,GRANDE,2018,113532777.8,104753555.6,2.2,1.3,133.3,,,
RN,INFRAESTRUTURA,GRANDE,2019,76587272.6,28565217.4,2.5,45.8,234.1,,,
RN,INFRAESTRUTURA,GRANDE,2020,50429913.0,0.0,2.5,33.3,204.9,,,
RN,INFRAESTRUTURA,MÉDIA,2004,5858501.9,6002461.2,4.5,15.0,111.0,,,
RN,INFRAESTRUTURA,MÉDIA,2014,30631395.0,30628449.3,2.0,20.4,192.0,,,
RN,INFRAESTRUTURA,MÉDIA,2020,210127000.0,31396607.8,2.4,19.5,228.0,,,
RN,INFRAESTRUTURA,MÉDIA,2021,108356000.0,0.0,2.4,12.0,189.0,,,
RO,INDUSTRIA,GRANDE,2009,19758666.7,19472986.8,2.4,24.0,60.0,5196.0,40822.5,3485798.0
RO,INDUSTRIA,GRANDE,2010,11924000.0,11844477.6,2.1,12.0,60.0,5234.0,207417.3,4779253.9
RO,INFRAESTRUTURA,GRANDE,2002,64532203.2,64739628.6,2.2,19.0,72.0,,,
RO,INFRAESTRUTURA,GRANDE,2003,43665533.1,43665533.1,1.0,0.0,55.0,,,
RO,INFRAESTRUTURA,GRANDE,2009,166939655.0,166815535.3,2.9,71.4,220.4,,,
RO,INFRAESTRUTURA,GRANDE,2011,70852724.4,70852724.4,3.1,5.2,183.0,,,
RO,INFRAESTRUTURA,GRANDE,2012,220000000.0,220022341.2,2.6,20.5,228.5,,,
RO,INFRAESTRUTURA,GRANDE,2013,56857142.9,56898576.2,3.2,46.0,201.0,,,
RO,INFRAESTRUTURA,GRANDE,2019,232500000.0,220350000.0,2.6,44.0,240.0,,,
RO,INFRAESTRUTURA,GRANDE,2020,198232000.0,0.0,3.2,12.0,153.0,,,
RS,AGROPECUARIA,GRANDE,2008,16972712.9,16934211.1,2.3,10.0,78.0,4362.0,45219516.9,18425389.0
RS,AGROPECUARIA,GRANDE,2011,15891000.0,12720275.6,2.3,78.0,24.0,5658.0,48571532.4,17427519.0
RS,AGROPECUARIA,GRANDE,2013,9896500.0,2786838.7,2.4,84.0,24.0,4905.0,47971806.2,22899573.1
RS,AGROPECUARIA,GRANDE,2014,7918666.7,7463333.3,5.1,28.3,88.3,2881.0,48002243.6,21322311.9
RS,AGROPECUARIA,GRANDE,2020,309327.3,309327.3,4.4,32.7,159.3,,,
RS,AGROPECUARIA,GRANDE,2021,387418.5,0.0,4.5,35.5,156.5,,,
RS,AGROPECUARIA,MICRO,2002,1869041.6,1865163.2,3.5,6.0,60.0,49419.0,44358252.3,17497507.9
RS,AGROPECUARIA,MICRO,2003,12839249.6,12765788.8,3.5,12.0,57.2,50109.0,45279577.1,23447682.6
RS,AGROPECUARIA,MICRO,2004,15470076.8,15683340.4,2.9,12.0,58.3,51584.0,45338878.3,19716790.5
RS,AGROPECUARIA,MICRO,2005,2488814.9,2505450.0,2.9,6.0,72.0,50257.0,42873067.8,11713891.5
RS,AGROPECUARIA,MÉDIA,2004,6843713.8,3333333.3,10.8,50.0,74.7,,45338878.3,19716790.5
RS,INDUSTRIA,GRANDE,2002,6672523.5,7354979.4,4.3,23.6,64.0,136452.0,679476.9,42638302.6
RS,INDUSTRIA,GRANDE,2003,1978000.0,1989913.0,4.5,18.0,66.0,149987.0,659766.2,45567497.0
RS,INDUSTRIA,GRANDE,2004,17143898.3,17157799.0,5.5,14.6,43.7,172466.0,613627.2,50355628.3
RS,INDUSTRIA,GRANDE,2005,14155684.0,14243420.4,5.2,19.6,37.3,169017.0,557993.3,47018661.1
RS,INDUSTRIA,GRANDE,2006,40224670.4,10491937.1,3.0,15.8,65.2,173176.0,568053.7,44441307.8
RS,INDUSTRIA,GRANDE,2007,11604402.0,11538288.1,2.9,22.7,56.1,184445.0,626749.9,45659708.4
RS,INDUSTRIA,GRANDE,2008,33680240.6,17479500.7,3.4,19.3,70.5,189717.0,751998.5,47872739.2
RS,INDUSTRIA,GRANDE,2009,14719986.6,14550463.9,3.9,19.6,62.7,180403.0,722660.7,52223277.7
RS,INDUSTRIA,GRANDE,2010,10300428.6,10300428.6,3.3,17.1,48.0,206185.0,775493.8,57499409.5
RS,INDUSTRIA,GRANDE,2011,66149793.4,66230857.3,2.3,20.8,66.6,221169.0,793483.5,56727694.5
RS,INDUSTRIA,GRANDE,2012,85989616.7,73641601.8,2.9,18.4,73.0,215134.0,811743.1,55929036.6
RS,INDUSTRIA,GRANDE,2013,15453296.4,14939175.3,2.7,17.0,56.9,222119.0,827171.1,55248069.3
RS,INDUSTRIA,GRANDE,2014,30392449.4,33440096.7,3.3,17.5,78.5,214904.0,767257.4,53448750.3
RS,INDUSTRIA,GRANDE,2015,16142071.4,13863763.4,4.6,17.6,68.6,185824.0,662780.6,53106320.5
RS,INDUSTRIA,GRANDE,2016,38862978.0,38845434.7,3.4,24.0,60.0,171895.0,546675.3,51869526.0
RS,INDUSTRIA,GRANDE,2017,7923333.3,7267090.6,3.8,33.6,64.0,167445.0,507959.9,50224852.8
RS,INDUSTRIA,GRANDE,2018,24681500.0,24681500.0,4.4,24.0,66.0,167873.0,488193.0,
RS,INDUSTRIA,GRANDE,2019,18958400.0,10890480.0,5.4,19.2,67.2,167152.0,,
RS,INDUSTRIA,GRANDE,2020,543876.3,543876.3,3.8,36.0,156.0,,,
RS,INDUSTRIA,GRANDE,2021,15029580.0,0.0,2.3,26.9,86.3,,,
RS,INDUSTRIA,MICRO,2008,1980000.0,1982567.9,0.0,0.0,0.0,136286.0,751998.5,47872739.2
RS,INDUSTRIA,MICRO,2011,1088430.0,1088430.0,0.0,0.0,0.0,151275.0,793483.5,56727694.5
RS,INDUSTRIA,MICRO,2012,630140.0,630140.0,0.0,0.0,0.0,154771.0,811743.1,55929036.6
RS,INDUSTRIA,MICRO,2013,1439554.0,1436711.3,0.0,0.0,0.0,157135.0,827171.1,55248069.3
RS,INDUSTRIA,MICRO,2014,433400.0,429634.4,0.0,0.0,0.0,158072.0,767257.4,53448750.3
RS,INDUSTRIA,MÉDIA,2005,2801675.5,2809026.6,6.2,12.0,12.0,,557993.3,47018661.1
RS,INDUSTRIA,MÉDIA,2006,38000000.0,38023306.6,4.9,30.0,78.0,,568053.7,44441307.8
RS,INDUSTRIA,MÉDIA,2007,1068924.6,1071252.3,0.5,12.0,48.0,,626749.9,45659708.4
RS,INDUSTRIA,MÉDIA,2008,1545300.0,1545813.4,1.4,12.0,72.0,,751998.5,47872739.2
RS,INDUSTRIA,MÉDIA,2010,6750000.0,6750000.0,2.2,30.0,54.0,,775493.8,57499409.5
RS,INDUSTRIA,MÉDIA,2011,11367180.0,11367180.0,2.9,30.0,78.0,,793483.5,56727694.5
RS,INDUSTRIA,MÉDIA,2012,14767200.0,14767200.0,3.4,20.4,63.6,,811743.1,55929036.6
RS,INDUSTRIA,MÉDIA,2014,4202777.7,4202777.7,3.7,16.3,59.0,,767257.4,53448750.3
RS,INDUSTRIA,MÉDIA,2019,6666666.7,6666666.7,4.6,24.0,36.0,,,
RS,INDUSTRIA,MÉDIA,2020,50000000.0,50000000.0,5.3,24.0,36.0,,,
RS,INDUSTRIA,MÉDIA,2021,20000000.0,0.0,2.8,12.0,18.0,,,
RS,INDUSTRIA,PEQUENA,2007,3194544.2,2753674.0,1.8,28.5,108.0,165647.0,626749.9,45659708.4
RS,INDUSTRIA,PEQUENA,2009,500000.0,500000.0,0.0,0.0,0.0,172489.0,722660.7,52223277.7
RS,INDUSTRIA,PEQUENA,2010,3000000.0,3000000.0,1.0,24.0,72.0,183165.0,775493.8,57499409.5
RS,INDUSTRIA,PEQUENA,2011,8715000.0,7715000.0,2.8,18.0,54.0,187998.0,793483.5,56727694.5
RS,INFRAESTRUTURA,GRANDE,2002,18374750.9,18641274.6,3.6,17.6,86.0,,,
RS,INFRAESTRUTURA,GRANDE,2003,85501732.6,88148867.7,2.8,30.3,124.0,,,
RS,INFRAESTRUTURA,GRANDE,2004,10235666.0,10473924.9,5.0,29.4,156.5,,,
RS,INFRAESTRUTURA,GRANDE,2005,51532257.8,51734519.8,3.9,14.6,128.8,,,
RS,INFRAESTRUTURA,GRANDE,2006,16623686.0,16673245.2,4.4,9.2,74.8,,,
RS,INFRAESTRUTURA,GRANDE,2007,19109923.4,19066850.7,4.1,17.5,145.6,,,
RS,INFRAESTRUTURA,GRANDE,2008,31333950.9,30703537.6,2.4,37.8,128.2,,,
RS,INFRAESTRUTURA,GRANDE,2009,15825527.1,14264520.3,2.8,19.0,143.2,,,
RS,INFRAESTRUTURA,GRANDE,2010,2530592.5,2345972.6,3.1,14.7,80.1,,,
RS,INFRAESTRUTURA,GRANDE,2011,29657385.6,28093017.7,2.5,21.6,144.7,,,
RS,INFRAESTRUTURA,GRANDE,2012,13987492.1,12011204.6,2.5,17.7,95.3,,,
RS,INFRAESTRUTURA,GRANDE,2013,17122967.4,16991819.3,2.2,15.1,165.3,,,
RS,INFRAESTRUTURA,GRANDE,2014,36590164.0,36261087.5,2.0,10.7,179.8,,,
RS,INFRAESTRUTURA,GRANDE,2015,23100593.8,19159029.5,2.0,10.2,132.6,,,
RS,INFRAESTRUTURA,GRANDE,2016,37249058.8,37230485.2,3.6,8.4,201.9,,,
RS,INFRAESTRUTURA,GRANDE,2017,9803650.0,9641141.7,2.9,4.2,177.2,,,
RS,INFRAESTRUTURA,GRANDE,2018,228207812.5,167387561.3,2.4,24.1,167.1,,,
RS,INFRAESTRUTURA,GRANDE,2019,499199666.7,246666666.7,2.6,75.0,212.3,,,
RS,INFRAESTRUTURA,GRANDE,2020,742809750.0,263500000.0,2.2,60.0,24.5,,,
RS,INFRAESTRUTURA,MICRO,2007,648971.1,651300.2,0.0,0.0,0.0,,,
RS,INFRAESTRUTURA,MICRO,2010,878208.0,878208.0,0.0,0.0,0.0,,,
RS,INFRAESTRUTURA,MICRO,2013,1025800.0,1001051.6,0.0,0.0,0.0,,,
RS,INFRAESTRUTURA,MÉDIA,2002,4564034.3,4715573.1,4.0,15.0,144.0,,,
RS,INFRAESTRUTURA,MÉDIA,2003,1381233.0,1380943.3,4.0,3.0,144.0,,,
RS,INFRAESTRUTURA,MÉDIA,2004,4351258.0,4504827.3,5.3,14.0,104.0,,,
RS,INFRAESTRUTURA,MÉDIA,2005,3147387.1,3080654.6,3.5,15.0,144.0,,,
RS,INFRAESTRUTURA,MÉDIA,2007,23895464.5,23929801.0,3.6,15.0,184.0,,,
RS,INFRAESTRUTURA,MÉDIA,2008,43118771.2,43174082.6,2.2,25.4,165.0,,,
RS,INFRAESTRUTURA,MÉDIA,2009,3588844.6,3589238.0,5.4,7.5,192.0,,,
RS,INFRAESTRUTURA,MÉDIA,2011,10990000.0,10990000.0,5.0,8.0,138.0,,,
RS,INFRAESTRUTURA,MÉDIA,2017,12500705.0,12559270.9,4.6,11.2,150.0,,,
RS,INFRAESTRUTURA,MÉDIA,2018,10000000.0,7039000.0,2.0,24.0,36.0,,,
RS,INFRAESTRUTURA,MÉDIA,2020,12121636.7,0.0,3.6,24.0,60.0,,,
RS,INFRAESTRUTURA,PEQUENA,2005,17163400.0,17363069.6,2.8,11.0,120.0,,,
SC,AGROPECUARIA,GRANDE,2005,16530000.0,16771390.4,6.0,24.0,72.0,7795.0,10445882.7,8456199.1
SC,AGROPECUARIA,GRANDE,2008,4260942.8,4356005.7,4.9,24.0,72.0,4967.0,12145311.7,9732607.4
SC,AGROPECUARIA,GRANDE,2009,20000000.0,20000000.0,6.8,12.0,84.0,5702.0,11682422.3,9307405.8
SC,AGROPECUARIA,GRANDE,2013,4878000.0,3415551.4,0.0,0.0,0.0,4982.0,13550284.1,9639034.6
SC,AGROPECUARIA,GRANDE,2018,13702500.0,12881076.0,6.0,12.0,168.0,1968.0,13700109.5,
SC,AGROPECUARIA,MICRO,2012,1101200.0,1094895.0,0.0,0.0,0.0,21550.0,13459103.0,7609189.3
SC,AGROPECUARIA,MÉDIA,2007,4104329.8,4105848.3,4.0,24.0,96.0,,11035254.6,8295826.9
SC,AGROPECUARIA,MÉDIA,2017,2924794.7,1284599.8,0.0,0.0,0.0,,14021012.0,8699561.3
SC,AGROPECUARIA,MÉDIA,2018,13600000.0,13603102.0,4.2,24.0,36.0,,13700109.5,
SC,AGROPECUARIA,PEQUENA,2017,3829611.7,3829611.7,0.0,0.0,0.0,9929.0,14021012.0,8699561.3
SC,INDUSTRIA,GRANDE,2002,25921892.1,23811335.8,3.9,31.6,52.8,126827.0,148838.2,28038725.0
SC,INDUSTRIA,GRANDE,2003,18216318.2,18628521.4,4.7,22.1,50.2,128037.0,98065.3,28794359.9
SC,INDUSTRIA,GRANDE,2004,8922106.5,9104231.2,5.0,18.0,27.0,143855.0,84468.6,32823154.4
SC,INDUSTRIA,GRANDE,2005,26680263.8,23912527.8,4.4,11.3,35.7,149511.0,77482.0,32107157.9
SC,INDUSTRIA,GRANDE,2006,17244168.3,15672711.8,4.7,27.7,78.0,162504.0,81816.0,34157842.7
SC,INDUSTRIA,GRANDE,2007,19498632.8,19502962.7,3.0,22.4,56.8,178481.0,104195.4,39209592.6
SC,INDUSTRIA,GRANDE,2008,22460609.0,22473937.2,5.2,17.5,69.0,175588.0,147525.6,39549835.1
SC,INDUSTRIA,GRANDE,2009,15308225.9,14779737.3,4.3,20.9,57.4,168236.0,133868.3,37313640.4
SC,INDUSTRIA,GRANDE,2010,27111579.2,25847502.9,3.0,20.0,59.0,184161.0,163845.3,42611872.3
SC,INDUSTRIA,GRANDE,2011,25493758.0,16843197.4,3.0,21.7,64.2,188315.0,355778.3,45766448.5
SC,INDUSTRIA,GRANDE,2012,19620469.7,19319920.4,2.8,19.5,75.2,174580.0,712636.8,44784027.9
SC,INDUSTRIA,GRANDE,2013,13136208.1,13064843.2,3.2,16.6,59.3,200877.0,642171.9,44328111.8
SC,INDUSTRIA,GRANDE,2014,24532700.0,23012946.6,3.1,19.3,82.9,202682.0,816338.3,45826652.6
SC,INDUSTRIA,GRANDE,2015,14369628.6,12351574.5,3.3,19.7,70.9,183527.0,676984.4,41331210.8
SC,INDUSTRIA,GRANDE,2016,23580330.2,16745429.9,3.3,12.0,89.6,172179.0,527268.6,37508911.3
SC,INDUSTRIA,GRANDE,2017,28162285.7,24569921.5,4.6,21.4,64.3,186161.0,514366.5,38680588.0
SC,INDUSTRIA,GRANDE,2018,27784968.2,26620427.3,7.5,20.0,100.0,193179.0,513045.1,
SC,INDUSTRIA,GRANDE,2019,28187500.0,24863355.1,3.1,30.0,64.0,194638.0,,
SC,INDUSTRIA,GRANDE,2020,32504709.7,10846043.3,4.0,34.2,90.5,,,
SC,INDUSTRIA,GRANDE,2021,6120413.2,0.0,1.6,32.0,85.1,,,
SC,INDUSTRIA,MICRO,2009,876702.1,876759.4,0.0,0.0,0.0,131064.0,133868.3,37313640.4
SC,INDUSTRIA,MICRO,2012,270000.0,267081.0,0.0,0.0,0.0,142287.0,712636.8,44784027.9
SC,INDUSTRIA,MICRO,2013,1562000.0,1562000.0,2.0,24.0,48.0,147422.0,642171.9,44328111.8
SC,INDUSTRIA,MÉDIA,2005,17166666.7,17293664.4,6.2,8.7,52.0,,77482.0,32107157.9
SC,INDUSTRIA,MÉDIA,2008,2316666.7,2317791.5,2.7,28.0,48.0,,147525.6,39549835.1
SC,INDUSTRIA,MÉDIA,2010,3885273.9,3885273.9,2.8,18.0,72.0,,163845.3,42611872.3
SC,INDUSTRIA,MÉDIA,2011,1215000.0,1215000.0,1.9,24.0,72.0,,355778.3,45766448.5
SC,INDUSTRIA,MÉDIA,2012,4960000.0,4960000.0,4.0,24.0,48.0,,712636.8,44784027.9
SC,INDUSTRIA,MÉDIA,2015,898500.0,279465.7,3.2,30.0,90.0,,676984.4,41331210.8
SC,INDUSTRIA,MÉDIA,2018,18000000.0,18021613.2,5.1,24.0,36.0,,513045.1,
SC,INDUSTRIA,MÉDIA,2019,3333333.3,3333333.3,3.4,24.0,36.0,,,
SC,INDUSTRIA,MÉDIA,2020,10000000.0,4990000.0,1.6,24.0,60.0,,,
SC,INDUSTRIA,MÉDIA,2021,18999919.9,0.0,4.2,24.0,60.0,,,
SC,INDUSTRIA,PEQUENA,2006,1100000.0,1103947.1,2.8,9.0,51.0,141648.0,81816.0,34157842.7
SC,INDUSTRIA,PEQUENA,2008,628396.9,416789.2,2.7,12.0,52.0,153189.0,147525.6,39549835.1
SC,INDUSTRIA,PEQUENA,2014,1500000.0,1486299.8,2.0,24.0,84.0,175185.0,816338.3,45826652.6
SC,INFRAESTRUTURA,GRANDE,2002,55628516.9,54531540.2,3.0,6.0,102.0,,,
SC,INFRAESTRUTURA,GRANDE,2003,60190942.3,60996440.4,4.2,36.8,102.5,,,
SC,INFRAESTRUTURA,GRANDE,2004,3093750.0,3175384.1,3.5,24.0,72.0,,,
SC,INFRAESTRUTURA,GRANDE,2005,64995166.2,39084960.1,3.2,12.0,88.0,,,
SC,INFRAESTRUTURA,GRANDE,2006,26450040.1,25869052.7,4.2,12.0,144.0,,,
SC,INFRAESTRUTURA,GRANDE,2007,36786759.9,35663464.0,2.9,42.5,176.9,,,
SC,INFRAESTRUTURA,GRANDE,2008,16063915.6,15999794.3,3.3,39.3,149.5,,,
SC,INFRAESTRUTURA,GRANDE,2009,22782253.8,20857499.4,3.1,19.2,152.1,,,
SC,INFRAESTRUTURA,GRANDE,2010,33511083.2,35685423.0,3.7,28.7,213.8,,,
SC,INFRAESTRUTURA,GRANDE,2011,19792210.0,18827803.2,3.5,25.5,177.5,,,
SC,INFRAESTRUTURA,GRANDE,2012,16448215.0,20089265.7,3.1,24.9,202.7,,,
SC,INFRAESTRUTURA,GRANDE,2013,49603250.0,49603250.0,2.6,5.5,68.0,,,
SC,INFRAESTRUTURA,GRANDE,2014,36651641.7,33807118.3,3.2,18.8,189.2,,,
SC,INFRAESTRUTURA,GRANDE,2015,15634112.2,14471494.3,3.2,19.4,199.3,,,
SC,INFRAESTRUTURA,GRANDE,2017,7296725.8,7256176.1,3.9,4.0,102.0,,,
SC,INFRAESTRUTURA,GRANDE,2018,17914985.2,18084139.6,3.4,1.5,182.7,,,
SC,INFRAESTRUTURA,GRANDE,2019,41655153.2,22807403.7,2.7,29.0,154.0,,,
SC,INFRAESTRUTURA,GRANDE,2020,17186858.1,10798420.3,3.0,12.0,34.7,,,
SC,INFRAESTRUTURA,GRANDE,2021,7179602.7,0.0,3.3,1.0,180.0,,,
SC,INFRAESTRUTURA,MICRO,2003,281543.3,314339.4,1.0,6.0,24.0,,,
SC,INFRAESTRUTURA,MICRO,2007,523215.4,524448.8,0.0,0.0,0.0,,,
SC,INFRAESTRUTURA,MICRO,2015,14742172.5,8721191.5,1.7,16.0,96.0,,,
SC,INFRAESTRUTURA,MÉDIA,2002,28882823.4,13270031.3,4.3,23.8,131.0,,,
SC,INFRAESTRUTURA,MÉDIA,2003,35331203.7,28312668.4,5.0,27.0,216.0,,,
SC,INFRAESTRUTURA,MÉDIA,2006,36073800.0,36289508.4,3.5,14.0,118.0,,,
SC,INFRAESTRUTURA,MÉDIA,2008,45675000.0,45708284.6,2.8,29.0,143.0,,,
SC,INFRAESTRUTURA,MÉDIA,2009,36251073.2,35856073.2,3.2,20.5,138.8,,,
SC,INFRAESTRUTURA,MÉDIA,2010,32372617.0,32372617.0,3.4,5.0,143.0,,,
SC,INFRAESTRUTURA,MÉDIA,2011,21990000.0,21990000.0,3.2,7.0,168.0,,,
SC,INFRAESTRUTURA,MÉDIA,2018,14248995.9,14201093.8,2.4,20.2,166.0,,,
SC,INFRAESTRUTURA,PEQUENA,2012,9580000.0,9327046.1,3.3,18.0,116.4,,,
SE,INDUSTRIA,GRANDE,2006,61114994.5,61476453.0,1.6,24.0,60.0,10354.0,1398312.2,5971436.0
SE,INDUSTRIA,GRANDE,2010,6000000.0,3765448.0,0.0,0.0,0.0,20220.0,1591069.8,6858592.4
SE,INDUSTRIA,GRANDE,2011,8091435.5,6274992.8,3.2,24.0,60.0,21903.0,1718571.5,7139047.2
SE,INDUSTRIA,GRANDE,2013,5615428.6,4943262.0,2.5,15.4,48.0,20018.0,1710455.4,6425366.3
SE,INFRAESTRUTURA,GRANDE,2002,9466704.5,9495775.0,1.0,15.3,35.0,,,
SE,INFRAESTRUTURA,GRANDE,2003,79553666.7,80552610.4,5.0,7.0,144.0,,,
SE,INFRAESTRUTURA,GRANDE,2008,4178778.6,2693046.1,0.0,0.0,0.0,,,
SE,INFRAESTRUTURA,GRANDE,2009,35783128.6,34593296.4,1.9,35.1,120.0,,,
SE,INFRAESTRUTURA,GRANDE,2013,7258022.2,6098421.9,2.9,3.3,70.9,,,
SE,INFRAESTRUTURA,GRANDE,2015,5636685.7,5486641.5,3.6,14.6,54.7,,,
SE,INFRAESTRUTURA,GRANDE,2020,50700000.0,0.0,3.0,46.5,34.0,,,
SE,INFRAESTRUTURA,MICRO,2007,327544.6,328833.0,0.0,0.0,0.0,,,
SE,INFRAESTRUTURA,MICRO,2017,4749793.5,0.0,2.3,13.0,76.0,,,
SE,INFRAESTRUTURA,MÉDIA,2002,4052159.7,1145075.0,1.0,0.0,12.0,,,
SE,INFRAESTRUTURA,MÉDIA,2019,3333333.3,2166666.7,4.1,24.0,36.0,,,
SP,AGROPECUARIA,GRANDE,2003,10450571.4,10260983.8,5.0,14.6,60.9,52790.0,39611474.4,26114816.9
SP,AGROPECUARIA,GRANDE,2004,5683400.0,5688383.4,5.2,21.6,72.0,64817.0,38623647.3,22865495.6
SP,AGROPECUARIA,GRANDE,2006,16271428.6,14041425.5,2.8,34.6,77.1,81988.0,38578118.2,26354041.9
SP,AGROPECUARIA,GRANDE,2007,12669433.0,12661387.3,3.7,20.6,54.9,83495.0,36262271.9,26834551.9
SP,AGROPECUARIA,GRANDE,2009,8402183.6,8288829.6,3.2,18.0,92.6,88396.0,34621954.5,25599122.5
SP,AGROPECUARIA,GRANDE,2010,8075545.5,5173965.3,2.8,77.5,24.0,66781.0,35354940.1,22631448.9
SP,AGROPECUARIA,GRANDE,2011,14941000.0,9883373.2,2.2,84.0,24.0,83735.0,35553654.1,21576039.0
SP,AGROPECUARIA,GRANDE,2012,16943074.1,13690428.0,2.4,35.2,79.4,84896.0,33865703.1,20363353.7
SP,AGROPECUARIA,GRANDE,2013,17561928.5,15197815.1,2.9,20.5,78.3,76128.0,33130991.3,21048661.0
SP,AGROPECUARIA,GRANDE,2014,48276968.8,48276968.8,3.8,18.0,54.0,65272.0,31494798.5,20164562.0
SP,AGROPECUARIA,GRANDE,2015,20016755.5,19565470.4,3.6,34.5,54.0,71715.0,31853303.4,18052265.3
SP,AGROPECUARIA,GRANDE,2016,12004987.4,9676165.2,2.8,39.7,43.4,54677.0,35238709.9,22728496.1
SP,AGROPECUARIA,GRANDE,2017,13060388.5,13064054.2,4.2,17.0,51.0,69228.0,35551465.1,22351283.5
SP,AGROPECUARIA,GRANDE,2018,19282255.1,16146953.1,3.2,22.8,88.8,59319.0,34496589.4,
SP,AGROPECUARIA,MICRO,2006,20468565.0,20524947.6,2.5,36.0,36.0,147511.0,38578118.2,26354041.9
SP,AGROPECUARIA,MICRO,2012,1774959.8,1762625.6,0.0,0.0,0.0,146955.0,33865703.1,20363353.7
SP,AGROPECUARIA,MÉDIA,2017,12333500.0,12339640.0,3.7,24.0,54.0,,35551465.1,22351283.5
SP,AGROPECUARIA,MÉDIA,2018,10000000.0,10000000.0,1.8,24.0,36.0,,34496589.4,
SP,AGROPECUARIA,PEQUENA,2011,3600620.0,3600619.8,0.0,0.0,0.0,74086.0,35553654.1,21576039.0
SP,AGROPECUARIA,PEQUENA,2015,3571028.0,1038104.2,3.9,87.0,36.0,68725.0,31853303.4,18052265.3
SP,AGROPECUARIA,PEQUENA,2018,3251883.6,841030.8,0.0,0.0,0.0,71827.0,34496589.4,
SP,INDUSTRIA,GRANDE,2002,16890884.6,17662919.8,3.3,18.8,57.0,505442.0,12867384.0,224570265.5
SP,INDUSTRIA,GRANDE,2003,8108001.9,8071063.0,3.6,15.7,61.2,525774.0,13477383.3,239147053.5
SP,INDUSTRIA,GRANDE,2004,8923987.9,8939040.4,4.4,15.0,57.5,621570.0,14983842.7,255154297.2
SP,INDUSTRIA,GRANDE,2005,33226625.6,33328504.3,5.1,21.8,32.7,635279.0,14556781.6,265153102.9
SP,INDUSTRIA,GRANDE,2006,24247717.0,21771221.8,2.6,21.3,61.6,707430.0,15628762.8,253805864.2
SP,INDUSTRIA,GRANDE,2007,21750657.1,21350325.7,3.2,19.0,65.9,807752.0,10289340.4,273618466.3
SP,INDUSTRIA,GRANDE,2008,29024978.9,25299169.0,2.8,18.2,72.4,843542.0,9907479.6,274409094.2
SP,INDUSTRIA,GRANDE,2009,30615441.5,28740720.2,3.1,15.0,62.9,826559.0,8459910.1,267458050.5
SP,INDUSTRIA,GRANDE,2010,20931475.4,20389514.3,3.1,16.9,54.1,920209.0,9719339.5,290102478.1
SP,INDUSTRIA,GRANDE,2011,29934844.2,28958540.8,3.5,20.6,76.1,951255.0,9375036.6,281908732.5
SP,INDUSTRIA,GRANDE,2012,16468310.2,15875319.7,2.7,22.3,69.4,933411.0,9626252.9,262191752.1
SP,INDUSTRIA,GRANDE,2013,32985021.3,29715083.7,2.8,19.0,86.3,941342.0,9429179.2,257024760.0
SP,INDUSTRIA,GRANDE,2014,28996390.2,23640335.9,3.1,22.0,57.4,899721.0,8805437.2,252093902.1
SP,INDUSTRIA,GRANDE,2015,19828813.3,12810162.8,2.7,23.6,58.2,809950.0,7683865.4,244589491.8
SP,INDUSTRIA,GRANDE,2016,18343643.5,16970679.1,2.4,20.4,59.0,749834.0,4466224.0,234389938.8
SP,INDUSTRIA,GRANDE,2017,15421495.0,8681151.7,2.7,22.5,61.8,737504.0,4267070.9,231815547.3
SP,INDUSTRIA,GRANDE,2018,43201340.5,33854919.2,3.0,24.6,88.3,734995.0,4173596.8,
SP,INDUSTRIA,GRANDE,2019,31808580.0,17013095.6,2.9,25.7,87.2,741404.0,,
SP,INDUSTRIA,GRANDE,2020,30486404.2,15215597.0,2.3,30.9,91.2,,,
SP,INDUSTRIA,GRANDE,2021,30318513.3,0.0,1.8,11.5,54.1,,,
SP,INDUSTRIA,MICRO,2014,7623000.0,2300000.0,0.0,0.0,0.0,449561.0,8805437.2,252093902.1
SP,INDUSTRIA,MICRO,2015,3718465.0,1981000.0,3.2,15.0,39.0,439741.0,7683865.4,244589491.8
SP,INDUSTRIA,MICRO,2016,12195333.3,12398085.7,1.4,38.0,84.0,425137.0,4466224.0,234389938.8
SP,INDUSTRIA,MICRO,2018,32414000.0,23500000.0,1.2,36.0,144.0,410132.0,4173596.8,
SP,INDUSTRIA,MÉDIA,2002,7250808.0,7625453.5,3.1,24.0,45.0,,12867384.0,224570265.5
SP,INDUSTRIA,MÉDIA,2004,6368092.7,6378810.1,4.5,12.0,52.0,,14983842.7,255154297.2
SP,INDUSTRIA,MÉDIA,2005,5971157.1,4796938.2,5.7,15.3,44.0,,14556781.6,265153102.9
SP,INDUSTRIA,MÉDIA,2006,3898000.0,3934676.3,2.8,12.6,64.2,,15628762.8,253805864.2
SP,INDUSTRIA,MÉDIA,2007,9830000.0,9844318.2,6.3,24.0,84.0,,10289340.4,273618466.3
SP,INDUSTRIA,MÉDIA,2009,5200386.8,4950623.6,2.3,22.0,67.0,,8459910.1,267458050.5
SP,INDUSTRIA,MÉDIA,2011,5769856.0,5700229.0,1.8,16.0,49.3,,9375036.6,281908732.5
SP,INDUSTRIA,MÉDIA,2012,9998746.0,9998746.0,2.4,52.0,144.0,,9626252.9,262191752.1
SP,INDUSTRIA,MÉDIA,2013,4235312.4,3561915.5,2.8,21.0,69.0,,9429179.2,257024760.0
SP,INDUSTRIA,MÉDIA,2014,5393357.1,4360444.0,1.5,11.1,21.3,,8805437.2,252093902.1
SP,INDUSTRIA,MÉDIA,2015,3790018.8,1756370.4,2.6,21.0,60.5,,7683865.4,244589491.8
SP,INDUSTRIA,MÉDIA,2016,2916694.0,2787779.9,1.6,22.8,51.6,,4466224.0,234389938.8
SP,INDUSTRIA,MÉDIA,2017,4875636.4,4788599.4,3.2,22.9,55.2,,4267070.9,231815547.3
SP,INDUSTRIA,MÉDIA,2018,18150044.0,16567319.0,3.0,22.4,75.4,,4173596.8,
SP,INDUSTRIA,MÉDIA,2019,7906376.6,5458025.7,3.2,26.6,98.0,,,
SP,INDUSTRIA,MÉDIA,2020,12021233.0,4109033.0,4.0,27.0,84.1,,,
SP,INDUSTRIA,MÉDIA,2021,5315518.1,0.0,3.5,31.0,125.0,,,
SP,INDUSTRIA,PEQUENA,2006,3000000.0,3011160.9,1.0,15.0,84.0,640188.0,15628762.8,253805864.2
SP,INDUSTRIA,PEQUENA,2007,1478742.5,1480942.9,3.5,0.0,73.0,671909.0,10289340.4,273618466.3
SP,INDUSTRIA,PEQUENA,2008,500000.0,500105.5,1.0,24.0,72.0,699427.0,9907479.6,274409094.2
SP,INDUSTRIA,PEQUENA,2009,1861700.0,1695146.6,2.3,28.0,68.0,689768.0,8459910.1,267458050.5
SP,INDUSTRIA,PEQUENA,2010,1931320.0,1910719.6,1.0,26.0,76.0,727096.0,9719339.5,290102478.1
SP,INDUSTRIA,PEQUENA,2011,1630000.0,1630000.0,3.5,24.0,72.0,733721.0,9375036.6,281908732.5
SP,INDUSTRIA,PEQUENA,2012,2216700.0,2216700.0,2.8,30.0,84.0,734675.0,9626252.9,262191752.1
SP,INDUSTRIA,PEQUENA,2013,1491500.0,1491842.1,1.1,31.5,78.0,724461.0,9429179.2,257024760.0
SP,INDUSTRIA,PEQUENA,2014,1602272.6,1148400.0,4.0,30.0,74.4,700346.0,8805437.2,252093902.1
SP,INDUSTRIA,PEQUENA,2015,2900000.0,1900000.0,6.5,18.0,60.0,647954.0,7683865.4,244589491.8
SP,INDUSTRIA,PEQUENA,2016,97272923.0,97272923.0,0.0,0.0,0.0,609961.0,4466224.0,234389938.8
SP,INFRAESTRUTURA,GRANDE,2002,28019790.3,27664271.5,2.9,26.8,76.2,,,
SP,INFRAESTRUTURA,GRANDE,2003,55964381.8,57833603.5,3.9,18.1,69.6,,,
SP,INFRAESTRUTURA,GRANDE,2004,29598365.6,31236226.4,4.1,14.8,92.1,,,
SP,INFRAESTRUTURA,GRANDE,2005,61944662.5,60332955.8,4.6,18.1,65.6,,,
SP,INFRAESTRUTURA,GRANDE,2006,41324714.7,37034795.7,3.8,23.5,72.5,,,
SP,INFRAESTRUTURA,GRANDE,2007,94190605.6,89759067.1,2.4,19.1,80.6,,,
SP,INFRAESTRUTURA,GRANDE,2008,37910754.5,35385868.9,2.4,21.6,85.4,,,
SP,INFRAESTRUTURA,GRANDE,2009,41794162.8,34660835.1,3.7,15.0,92.4,,,
SP,INFRAESTRUTURA,GRANDE,2010,25187279.4,23493855.1,3.3,19.0,105.1,,,
SP,INFRAESTRUTURA,GRANDE,2011,44141334.2,40463489.5,3.2,17.9,99.6,,,
SP,INFRAESTRUTURA,GRANDE,2012,56319968.5,49698513.0,2.1,20.0,80.4,,,
SP,INFRAESTRUTURA,GRANDE,2013,81778472.5,64877370.5,2.3,31.0,105.0,,,
SP,INFRAESTRUTURA,GRANDE,2014,98705134.0,74991343.9,3.5,17.2,108.9,,,
SP,INFRAESTRUTURA,GRANDE,2015,87357499.1,76660602.6,3.3,13.8,126.4,,,
SP,INFRAESTRUTURA,GRANDE,2016,41118750.0,29427428.5,3.8,15.8,125.8,,,
SP,INFRAESTRUTURA,GRANDE,2017,33675984.4,26987489.9,2.9,6.8,139.7,,,
SP,INFRAESTRUTURA,GRANDE,2018,124216168.9,60674517.8,3.2,31.7,128.2,,,
SP,INFRAESTRUTURA,GRANDE,2019,264664026.2,104919328.7,2.9,24.7,100.0,,,
SP,INFRAESTRUTURA,GRANDE,2020,265901307.8,33312194.2,3.1,42.3,140.0,,,
SP,INFRAESTRUTURA,GRANDE,2021,239366000.0,0.0,4.0,27.0,142.5,,,
SP,INFRAESTRUTURA,MICRO,2002,7063587.0,3128841.4,3.5,0.0,12.0,,,
SP,INFRAESTRUTURA,MICRO,2007,640727.6,608143.9,0.0,0.0,0.0,,,
SP,INFRAESTRUTURA,MICRO,2008,54320.6,54436.6,0.0,0.0,0.0,,,
SP,INFRAESTRUTURA,MICRO,2009,452147.9,444973.4,0.0,0.0,0.0,,,
SP,INFRAESTRUTURA,MICRO,2010,659108.0,360800.3,0.0,0.0,0.0,,,
SP,INFRAESTRUTURA,MICRO,2011,800000.0,798072.2,0.0,0.0,0.0,,,
SP,INFRAESTRUTURA,MICRO,2012,1106500.0,717832.1,0.0,0.0,0.0,,,
SP,INFRAESTRUTURA,MICRO,2013,704665.9,704665.9,0.0,0.0,0.0,,,
SP,INFRAESTRUTURA,MÉDIA,2002,2985615.6,3158526.7,2.0,14.3,42.0,,,
SP,INFRAESTRUTURA,MÉDIA,2003,828600.0,751845.5,5.2,3.0,42.0,,,
SP,INFRAESTRUTURA,MÉDIA,2005,12836846.4,12819325.7,4.6,25.7,85.9,,,
SP,INFRAESTRUTURA,MÉDIA,2009,72482890.0,72492668.2,1.4,13.0,168.0,,,
SP,INFRAESTRUTURA,MÉDIA,2017,24000000.0,0.0,7.3,12.0,168.0,,,
SP,INFRAESTRUTURA,MÉDIA,2018,17000000.0,17026071.9,2.1,12.0,48.0,,,
SP,INFRAESTRUTURA,MÉDIA,2019,6585000.0,0.0,2.0,24.0,1.0,,,
SP,INFRAESTRUTURA,MÉDIA,2020,948240114.7,884573448.1,2.7,10.0,198.7,,,
TO,AGROPECUARIA,GRANDE,2011,3831333.3,3831333.3,2.4,84.0,84.0,0.0,16969411.9,1934147.6
TO,INDUSTRIA,GRANDE,2009,32200600.0,31744739.7,2.3,24.0,60.0,2818.0,48177.9,2333756.0
TO,INDUSTRIA,GRANDE,2011,24617275.0,24827893.2,3.4,38.3,53.7,4062.0,188332.0,2959717.8
TO,INDUSTRIA,GRANDE,2013,11250000.0,11504406.5,4.9,30.8,56.2,5842.0,183798.7,2860466.0
TO,INFRAESTRUTURA,GRANDE,2004,33500000.0,34022337.0,4.5,38.0,53.5,,,
TO,INFRAESTRUTURA,GRANDE,2007,95026475.0,95245297.6,3.2,28.0,168.0,,,
TO,INFRAESTRUTURA,GRANDE,2008,147824244.4,148046312.8,2.2,41.6,200.0,,,
TO,INFRAESTRUTURA,GRANDE,2010,173338250.0,173065350.0,1.2,18.0,173.2,,,
TO,INFRAESTRUTURA,GRANDE,2011,17096000.0,17061000.0,0.9,12.0,139.5,,,
TO,INFRAESTRUTURA,GRANDE,2014,18976000.0,16049428.2,1.8,4.0,72.0,,,
TO,INFRAESTRUTURA,GRANDE,2015,16548510.3,15917827.6,3.7,15.1,54.9,,,
TO,INFRAESTRUTURA,GRANDE,2020,168671000.0,0.0,3.0,12.0,153.0,,,
TO,INFRAESTRUTURA,MICRO,2003,532471.0,559015.1,0.0,0.0,0.0,,,
TO,INFRAESTRUTURA,MÉDIA,2002,3021155.8,3019399.3,1.0,3.0,7.5,,,
TO,INFRAESTRUTURA,MÉDIA,2003,1404139.3,1576560.4,1.0,6.0,24.0,,,
