uf,ano,setor,pib
AC,2002,AGROPECUARIA,540168374.0
AL,2002,AGROPECUARIA,4700566420.0
AM,2002,AGROPECUARIA,2354164958.0
AP,2002,AGROPECUARIA,78250185.0
BA,2002,AGROPECUARIA,12561355724.0
CE,2002,AGROPECUARIA,3581175244.0
DF,2002,AGROPECUARIA,314249646.0
ES,2002,AGROPECUARIA,1490187053.0
GO,2002,AGROPECUARIA,9596387350.0
MA,2002,AGROPECUARIA,3547216586.0
MG,2002,AGROPECUARIA,12744842456.0
MS,2002,AGROPECUARIA,7037215986.0
MT,2002,AGROPECUARIA,7701391632.0
PA,2002,AGROPECUARIA,6584101601.0
PB,2002,AGROPECUARIA,1436182336.0
PE,2002,AGROPECUARIA,3550001780.0
PI,2002,AGROPECUARIA,808828688.0
PR,2002,AGROPECUARIA,16077386975.0
RJ,2002,AGROPECUARIA,1831992199.0
RN,2002,AGROPECUARIA,1050486875.0
RO,2002,AGROPECUARIA,1359319160.0
RR,2002,AGROPECUARIA,134850179.0
RS,2002,AGROPECUARIA,17497507906.0
SC,2002,AGROPECUARIA,9222807698.0
SE,2002,AGROPECUARIA,1142113392.0
SP,2002,AGROPECUARIA,26809477375.0
TO,2002,AGROPECUARIA,1105928096.0
AC,2003,AGROPECUARIA,634908159.0
AL,2003,AGROPECUARIA,3638392411.0
AM,2003,AGROPECUARIA,2069586205.0
AP,2003,AGROPECUARIA,65943267.0
BA,2003,AGROPECUARIA,12674225723.0
CE,2003,AGROPECUARIA,4241630895.0
DF,2003,AGROPECUARIA,337587069.0
ES,2003,AGROPECUARIA,1564672558.0
GO,2003,AGROPECUARIA,9954631966.0
MA,2003,AGROPECUARIA,4675372746.0
MG,2003,AGROPECUARIA,13637787730.0
MS,2003,AGROPECUARIA,9330978587.0
MT,2003,AGROPECUARIA,11508942774.0
PA,2003,AGROPECUARIA,6713778454.0
PB,2003,AGROPECUARIA,1719004448.0
PE,2003,AGROPECUARIA,3675214043.0
PI,2003,AGROPECUARIA,1449588700.0
PR,2003,AGROPECUARIA,20735367824.0
RJ,2003,AGROPECUARIA,1491697545.0
RN,2003,AGROPECUARIA,1422787240.0
RO,2003,AGROPECUARIA,2129112957.0
RR,2003,AGROPECUARIA,158411951.0
RS,2003,AGROPECUARIA,23447682572.0
SC,2003,AGROPECUARIA,9805853113.0
SE,2003,AGROPECUARIA,1442264592.0
SP,2003,AGROPECUARIA,26114816881.0
TO,2003,AGROPECUARIA,1777217466.0
AC,2004,AGROPECUARIA,532594202.0
AL,2004,AGROPECUARIA,3344144703.0
AM,2004,AGROPECUARIA,1798062121.0
AP,2004,AGROPECUARIA,82853942.0
BA,2004,AGROPECUARIA,13437888726.0
CE,2004,AGROPECUARIA,3834632548.0
DF,2004,AGROPECUARIA,321314128.0
ES,2004,AGROPECUARIA,1921741989.0
GO,2004,AGROPECUARIA,10194613903.0
MA,2004,AGROPECUARIA,4706860041.0
MG,2004,AGROPECUARIA,16952756442.0
MS,2004,AGROPECUARIA,7616174098.0
MT,2004,AGROPECUARIA,14283742840.0
PA,2004,AGROPECUARIA,6538843563.0
PB,2004,AGROPECUARIA,1530392863.0
PE,2004,AGROPECUARIA,3696419316.0
PI,2004,AGROPECUARIA,1486200298.0
PR,2004,AGROPECUARIA,18902291553.0
RJ,2004,AGROPECUARIA,1946328798.0
RN,2004,AGROPECUARIA,1389616839.0
RO,2004,AGROPECUARIA,1991168585.0
RR,2004,AGROPECUARIA,170514690.0
RS,2004,AGROPECUARIA,19716790488.0
SC,2004,AGROPECUARIA,9358610958.0
SE,2004,AGROPECUARIA,1245580200.0
SP,2004,AGROPECUARIA,22865495615.0
TO,2004,AGROPECUARIA,1529989171.0
AC,2005,AGROPECUARIA,591702329.0
AL,2005,AGROPECUARIA,3279268606.0
AM,2005,AGROPECUARIA,1528901944.0
AP,2005,AGROPECUARIA,180575398.0
BA,2005,AGROPECUARIA,11122590340.0
CE,2005,AGROPECUARIA,3567999994.0
DF,2005,AGROPECUARIA,335250480.0
ES,2005,AGROPECUARIA,2186872421.0
GO,2005,AGROPECUARIA,7119126151.0
MA,2005,AGROPECUARIA,4311470685.0
MG,2005,AGROPECUARIA,15331002093.0
MS,2005,AGROPECUARIA,5024255499.0
MT,2005,AGROPECUARIA,12031665429.0
PA,2005,AGROPECUARIA,6647976647.0
PB,2005,AGROPECUARIA,1550704862.0
PE,2005,AGROPECUARIA,4065722246.0
PI,2005,AGROPECUARIA,1313772662.0
PR,2005,AGROPECUARIA,14885605296.0
RJ,2005,AGROPECUARIA,1762369079.0
RN,2005,AGROPECUARIA,1251757543.0
RO,2005,AGROPECUARIA,1930688905.0
RR,2005,AGROPECUARIA,142314726.0
RS,2005,AGROPECUARIA,11713891545.0
SC,2005,AGROPECUARIA,8456199057.0
SE,2005,AGROPECUARIA,1225503651.0
SP,2005,AGROPECUARIA,22420557820.0
TO,2005,AGROPECUARIA,1242343916.0
AC,2006,AGROPECUARIA,484086148.0
AL,2006,AGROPECUARIA,3174656989.0
AM,2006,AGROPECUARIA,1695792394.0
AP,2006,AGROPECUARIA,196476283.0
BA,2006,AGROPECUARIA,10721196039.0
CE,2006,AGROPECUARIA,4316726868.0
DF,2006,AGROPECUARIA,255435012.0
ES,2006,AGROPECUARIA,2386894850.0
GO,2006,AGROPECUARIA,5694811322.0
MA,2006,AGROPECUARIA,3646727407.0
MG,2006,AGROPECUARIA,15974577105.0
MS,2006,AGROPECUARIA,4869442240.0
MT,2006,AGROPECUARIA,5544470777.0
PA,2006,AGROPECUARIA,6862771353.0
PB,2006,AGROPECUARIA,1619500150.0
PE,2006,AGROPECUARIA,4164232780.0
PI,2006,AGROPECUARIA,1148972118.0
PR,2006,AGROPECUARIA,13528018422.0
RJ,2006,AGROPECUARIA,1684862452.0
RN,2006,AGROPECUARIA,1348449658.0
RO,2006,AGROPECUARIA,1667800497.0
RR,2006,AGROPECUARIA,124318442.0
RS,2006,AGROPECUARIA,14199689590.0
SC,2006,AGROPECUARIA,7802903087.0
SE,2006,AGROPECUARIA,1407085346.0
SP,2006,AGROPECUARIA,26354041926.0
TO,2006,AGROPECUARIA,974627428.0
AC,2007,AGROPECUARIA,481469858.0
AL,2007,AGROPECUARIA,2921239557.0
AM,2007,AGROPECUARIA,1530955927.0
AP,2007,AGROPECUARIA,202269970.0
BA,2007,AGROPECUARIA,12450216528.0
CE,2007,AGROPECUARIA,3708203660.0
DF,2007,AGROPECUARIA,331636936.0
ES,2007,AGROPECUARIA,2258116620.0
GO,2007,AGROPECUARIA,7301351412.0
MA,2007,AGROPECUARIA,3852661742.0
MG,2007,AGROPECUARIA,15730531720.0
MS,2007,AGROPECUARIA,5427464100.0
MT,2007,AGROPECUARIA,8225151766.0
PA,2007,AGROPECUARIA,6629751546.0
PB,2007,AGROPECUARIA,1374870327.0
PE,2007,AGROPECUARIA,3958450225.0
PI,2007,AGROPECUARIA,1003862833.0
PR,2007,AGROPECUARIA,16211118696.0
RJ,2007,AGROPECUARIA,1445514537.0
RN,2007,AGROPECUARIA,1125628443.0
RO,2007,AGROPECUARIA,1812175686.0
RR,2007,AGROPECUARIA,157212703.0
RS,2007,AGROPECUARIA,16498368251.0
SC,2007,AGROPECUARIA,8295826896.0
SE,2007,AGROPECUARIA,1306132555.0
SP,2007,AGROPECUARIA,26834551905.0
TO,2007,AGROPECUARIA,997635873.0
AC,2008,AGROPECUARIA,582510329.0
AL,2008,AGROPECUARIA,3537290678.0
AM,2008,AGROPECUARIA,1459565248.0
AP,2008,AGROPECUARIA,175328675.0
BA,2008,AGROPECUARIA,11924845180.0
CE,2008,AGROPECUARIA,4686409672.0
DF,2008,AGROPECUARIA,367743016.0
ES,2008,AGROPECUARIA,2405835948.0
GO,2008,AGROPECUARIA,8859936333.0
MA,2008,AGROPECUARIA,5823161587.0
MG,2008,AGROPECUARIA,16741022950.0
MS,2008,AGROPECUARIA,6918958241.0
MT,2008,AGROPECUARIA,11440916839.0
PA,2008,AGROPECUARIA,6255288814.0
PB,2008,AGROPECUARIA,1513087006.0
PE,2008,AGROPECUARIA,4249607064.0
PI,2008,AGROPECUARIA,1717828039.0
PR,2008,AGROPECUARIA,19172426020.0
RJ,2008,AGROPECUARIA,1570200442.0
RN,2008,AGROPECUARIA,1182269931.0
RO,2008,AGROPECUARIA,2362115086.0
RR,2008,AGROPECUARIA,147926816.0
RS,2008,AGROPECUARIA,18425389023.0
SC,2008,AGROPECUARIA,9732607380.0
SE,2008,AGROPECUARIA,1611935303.0
SP,2008,AGROPECUARIA,20948817984.0
TO,2008,AGROPECUARIA,1467589994.0
AC,2009,AGROPECUARIA,544949870.0
AL,2009,AGROPECUARIA,3625720512.0
AM,2009,AGROPECUARIA,1575238220.0
AP,2009,AGROPECUARIA,188067699.0
BA,2009,AGROPECUARIA,11499156954.0
CE,2009,AGROPECUARIA,3827174157.0
DF,2009,AGROPECUARIA,395636687.0
ES,2009,AGROPECUARIA,2158525412.0
GO,2009,AGROPECUARIA,9896009535.0
MA,2009,AGROPECUARIA,4570957196.0
MG,2009,AGROPECUARIA,15798857652.0
MS,2009,AGROPECUARIA,6471361573.0
MT,2009,AGROPECUARIA,10724964448.0
PA,2009,AGROPECUARIA,6440989868.0
PB,2009,AGROPECUARIA,1623812023.0
PE,2009,AGROPECUARIA,4074866928.0
PI,2009,AGROPECUARIA,1714296797.0
PR,2009,AGROPECUARIA,15872169591.0
RJ,2009,AGROPECUARIA,1711329620.0
RN,2009,AGROPECUARIA,1356127376.0
RO,2009,AGROPECUARIA,2294885231.0
RR,2009,AGROPECUARIA,134155590.0
RS,2009,AGROPECUARIA,16892877167.0
SC,2009,AGROPECUARIA,9307405814.0
SE,2009,AGROPECUARIA,1743329924.0
SP,2009,AGROPECUARIA,25599122533.0
TO,2009,AGROPECUARIA,1739331709.0
AC,2010,AGROPECUARIA,784374717.0
AL,2010,AGROPECUARIA,2911125856.0
AM,2010,AGROPECUARIA,2219359256.0
AP,2010,AGROPECUARIA,196013347.0
BA,2010,AGROPECUARIA,10709344109.0
CE,2010,AGROPECUARIA,3495911338.0
DF,2010,AGROPECUARIA,327804575.0
ES,2010,AGROPECUARIA,2243197189.0
GO,2010,AGROPECUARIA,10376549298.0
MA,2010,AGROPECUARIA,4537926595.0
MG,2010,AGROPECUARIA,17085912943.0
MS,2010,AGROPECUARIA,7151612325.0
MT,2010,AGROPECUARIA,8373222530.0
PA,2010,AGROPECUARIA,8076833575.0
PB,2010,AGROPECUARIA,1384254976.0
PE,2010,AGROPECUARIA,3962413039.0
PI,2010,AGROPECUARIA,1179327316.0
PR,2010,AGROPECUARIA,17801329717.0
RJ,2010,AGROPECUARIA,1534564081.0
RN,2010,AGROPECUARIA,1148621884.0
RO,2010,AGROPECUARIA,2295537138.0
RR,2010,AGROPECUARIA,148648020.0
RS,2010,AGROPECUARIA,17162698151.0
SC,2010,AGROPECUARIA,8942401730.0
SE,2010,AGROPECUARIA,1511775216.0
SP,2010,AGROPECUARIA,22631448892.0
TO,2010,AGROPECUARIA,1739792188.0
AC,2011,AGROPECUARIA,796377897.0
AL,2011,AGROPECUARIA,2797560066.0
AM,2011,AGROPECUARIA,3982128329.0
AP,2011,AGROPECUARIA,204623174.0
BA,2011,AGROPECUARIA,10973481916.0
CE,2011,AGROPECUARIA,4705759827.0
DF,2011,AGROPECUARIA,569079687.0
ES,2011,AGROPECUARIA,2756418677.0
GO,2011,AGROPECUARIA,10723913863.0
MA,2011,AGROPECUARIA,4746946660.0
MG,2011,AGROPECUARIA,21967831383.0
MS,2011,AGROPECUARIA,7824348281.0
MT,2011,AGROPECUARIA,12562005588.0
PA,2011,AGROPECUARIA,8282611144.0
PB,2011,AGROPECUARIA,1652579802.0
PE,2011,AGROPECUARIA,3827206004.0
PI,2011,AGROPECUARIA,1788056299.0
PR,2011,AGROPECUARIA,19142565609.0
RJ,2011,AGROPECUARIA,1971279868.0
RN,2011,AGROPECUARIA,1230048522.0
RO,2011,AGROPECUARIA,2318003521.0
RR,2011,AGROPECUARIA,162048280.0
RS,2011,AGROPECUARIA,17427518952.0
SC,2011,AGROPECUARIA,8252993637.0
SE,2011,AGROPECUARIA,1255066851.0
SP,2011,AGROPECUARIA,21576039004.0
TO,2011,AGROPECUARIA,1934147557.0
AC,2012,AGROPECUARIA,818687168.0
AL,2012,AGROPECUARIA,2537031577.0
AM,2012,AGROPECUARIA,3530476911.0
AP,2012,AGROPECUARIA,234146601.0
BA,2012,AGROPECUARIA,10929642743.0
CE,2012,AGROPECUARIA,3369981172.0
DF,2012,AGROPECUARIA,421956768.0
ES,2012,AGROPECUARIA,2716502013.0
GO,2012,AGROPECUARIA,12038905045.0
MA,2012,AGROPECUARIA,4651602130.0
MG,2012,AGROPECUARIA,21858450966.0
MS,2012,AGROPECUARIA,8272513553.0
MT,2012,AGROPECUARIA,14908826962.0
PA,2012,AGROPECUARIA,8704452377.0
PB,2012,AGROPECUARIA,1318015104.0
PE,2012,AGROPECUARIA,3292359263.0
PI,2012,AGROPECUARIA,1704735142.0
PR,2012,AGROPECUARIA,19012699302.0
RJ,2012,AGROPECUARIA,2024277572.0
RN,2012,AGROPECUARIA,1113475842.0
RO,2012,AGROPECUARIA,2815255534.0
RR,2012,AGROPECUARIA,182912027.0
RS,2012,AGROPECUARIA,13935519551.0
SC,2012,AGROPECUARIA,7609189345.0
SE,2012,AGROPECUARIA,1279865249.0
SP,2012,AGROPECUARIA,20363353713.0
TO,2012,AGROPECUARIA,2003088756.0
AC,2013,AGROPECUARIA,940413061.0
AL,2013,AGROPECUARIA,2780489357.0
AM,2013,AGROPECUARIA,4109751919.0
AP,2013,AGROPECUARIA,202017739.0
BA,2013,AGROPECUARIA,10423559883.0
CE,2013,AGROPECUARIA,3882069975.0
DF,2013,AGROPECUARIA,487072292.0
ES,2013,AGROPECUARIA,2530976041.0
GO,2013,AGROPECUARIA,13081509381.0
MA,2013,AGROPECUARIA,5437560911.0
MG,2013,AGROPECUARIA,19144344557.0
MS,2013,AGROPECUARIA,8630289492.0
MT,2013,AGROPECUARIA,14641183531.0
PA,2013,AGROPECUARIA,11561633424.0
PB,2013,AGROPECUARIA,1468674418.0
PE,2013,AGROPECUARIA,3377341364.0
PI,2013,AGROPECUARIA,1411979060.0
PR,2013,AGROPECUARIA,23799490315.0
RJ,2013,AGROPECUARIA,1943143675.0
RN,2013,AGROPECUARIA,1181327891.0
RO,2013,AGROPECUARIA,2648957936.0
RR,2013,AGROPECUARIA,305586489.0
RS,2013,AGROPECUARIA,22899573086.0
SC,2013,AGROPECUARIA,9639034590.0
SE,2013,AGROPECUARIA,1429932999.0
SP,2013,AGROPECUARIA,21048661048.0
TO,2013,AGROPECUARIA,2159486475.0
AC,2014,AGROPECUARIA,977345702.0
AL,2014,AGROPECUARIA,3044846175.0
AM,2014,AGROPECUARIA,3821947702.0
AP,2014,AGROPECUARIA,198673023.0
BA,2014,AGROPECUARIA,11422236044.0
CE,2014,AGROPECUARIA,4251629288.0
DF,2014,AGROPECUARIA,568063675.0
ES,2014,AGROPECUARIA,2748199542.0
GO,2014,AGROPECUARIA,11541189166.0
MA,2014,AGROPECUARIA,5447179107.0
MG,2014,AGROPECUARIA,18874387140.0
MS,2014,AGROPECUARIA,8996205326.0
MT,2014,AGROPECUARIA,14075237130.0
PA,2014,AGROPECUARIA,9911772141.0
PB,2014,AGROPECUARIA,1341099040.0
PE,2014,AGROPECUARIA,3272806613.0
PI,2014,AGROPECUARIA,1862336390.0
PR,2014,AGROPECUARIA,21097515653.0
RJ,2014,AGROPECUARIA,2095977611.0
RN,2014,AGROPECUARIA,1136584295.0
RO,2014,AGROPECUARIA,2853000140.0
RR,2014,AGROPECUARIA,285119552.0
RS,2014,AGROPECUARIA,21322311893.0
SC,2014,AGROPECUARIA,9351114043.0
SE,2014,AGROPECUARIA,1299653522.0
SP,2014,AGROPECUARIA,20164561986.0
TO,2014,AGROPECUARIA,2440644658.0
AC,2015,AGROPECUARIA,923403609.0
AL,2015,AGROPECUARIA,3337332118.0
AM,2015,AGROPECUARIA,3973129443.0
AP,2015,AGROPECUARIA,184748527.0
BA,2015,AGROPECUARIA,12244426824.0
CE,2015,AGROPECUARIA,3537662643.0
DF,2015,AGROPECUARIA,429781843.0
ES,2015,AGROPECUARIA,2592745975.0
GO,2015,AGROPECUARIA,11046294945.0
MA,2015,AGROPECUARIA,4966697933.0
MG,2015,AGROPECUARIA,16759850623.0
MS,2015,AGROPECUARIA,9357402434.0
MT,2015,AGROPECUARIA,13251715996.0
PA,2015,AGROPECUARIA,9944025629.0
PB,2015,AGROPECUARIA,1309674015.0
PE,2015,AGROPECUARIA,3581130226.0
PI,2015,AGROPECUARIA,1875505854.0
PR,2015,AGROPECUARIA,20160746865.0
RJ,2015,AGROPECUARIA,2066742512.0
RN,2015,AGROPECUARIA,1123763174.0
RO,2015,AGROPECUARIA,2985546023.0
RR,2015,AGROPECUARIA,354093938.0
RS,2015,AGROPECUARIA,21445746577.0
SC,2015,AGROPECUARIA,8562589206.0
SE,2015,AGROPECUARIA,1188161378.0
SP,2015,AGROPECUARIA,18052265275.0
TO,2015,AGROPECUARIA,2342335262.0
AC,2016,AGROPECUARIA,924750434.0
AL,2016,AGROPECUARIA,4283423937.0
AM,2016,AGROPECUARIA,3730173812.0
AP,2016,AGROPECUARIA,183645731.0
BA,2016,AGROPECUARIA,10488786587.0
CE,2016,AGROPECUARIA,3628913240.0
DF,2016,AGROPECUARIA,520673712.0
ES,2016,AGROPECUARIA,2707968806.0
GO,2016,AGROPECUARIA,12514946185.0
MA,2016,AGROPECUARIA,3836792868.0
MG,2016,AGROPECUARIA,21071580186.0
MS,2016,AGROPECUARIA,10099994564.0
MT,2016,AGROPECUARIA,15912373192.0
PA,2016,AGROPECUARIA,10891093382.0
PB,2016,AGROPECUARIA,1377088214.0
PE,2016,AGROPECUARIA,3927318224.0
PI,2016,AGROPECUARIA,1185227345.0
PR,2016,AGROPECUARIA,21994377573.0
RJ,2016,AGROPECUARIA,1952051522.0
RN,2016,AGROPECUARIA,1183829164.0
RO,2016,AGROPECUARIA,3117723495.0
RR,2016,AGROPECUARIA,357728635.0
RS,2016,AGROPECUARIA,23008820548.0
SC,2016,AGROPECUARIA,9518734552.0
SE,2016,AGROPECUARIA,1094432996.0
SP,2016,AGROPECUARIA,22728496089.0
TO,2016,AGROPECUARIA,2296113269.0
AC,2017,AGROPECUARIA,821578329.0
AL,2017,AGROPECUARIA,5198739735.0
AM,2017,AGROPECUARIA,3430336421.0
AP,2017,AGROPECUARIA,190308652.0
BA,2017,AGROPECUARIA,9687917571.0
CE,2017,AGROPECUARIA,4583313238.0
DF,2017,AGROPECUARIA,507026524.0
ES,2017,AGROPECUARIA,2746834025.0
GO,2017,AGROPECUARIA,11889196380.0
MA,2017,AGROPECUARIA,4596192542.0
MG,2017,AGROPECUARIA,17574856218.0
MS,2017,AGROPECUARIA,9303890093.0
MT,2017,AGROPECUARIA,13790516818.0
PA,2017,AGROPECUARIA,10248819696.0
PB,2017,AGROPECUARIA,1319859693.0
PE,2017,AGROPECUARIA,3694986780.0
PI,2017,AGROPECUARIA,2320925725.0
PR,2017,AGROPECUARIA,21090136166.0
RJ,2017,AGROPECUARIA,1791069677.0
RN,2017,AGROPECUARIA,1322524759.0
RO,2017,AGROPECUARIA,3597291344.0
RR,2017,AGROPECUARIA,372865672.0
RS,2017,AGROPECUARIA,20574683686.0
SC,2017,AGROPECUARIA,8699561263.0
SE,2017,AGROPECUARIA,1203632293.0
SP,2017,AGROPECUARIA,22351283548.0
TO,2017,AGROPECUARIA,2545960831.0
AC,2002,INDUSTRIA,674487984.0
AL,2002,INDUSTRIA,4119723174.0
AM,2002,INDUSTRIA,14761990752.0
AP,2002,INDUSTRIA,611843857.0
BA,2002,INDUSTRIA,22508051979.0
CE,2002,INDUSTRIA,10774651871.0
DF,2002,INDUSTRIA,7769858713.0
ES,2002,INDUSTRIA,15509870489.0
GO,2002,INDUSTRIA,16598442379.0
MA,2002,INDUSTRIA,5190489068.0
MG,2002,INDUSTRIA,57545157605.0
MS,2002,INDUSTRIA,4586574574.0
MT,2002,INDUSTRIA,5784375666.0
PA,2002,INDUSTRIA,11641196798.0
PB,2002,INDUSTRIA,4225566962.0
PE,2002,INDUSTRIA,13521923017.0
PI,2002,INDUSTRIA,1767372744.0
PR,2002,INDUSTRIA,44279294645.0
RJ,2002,INDUSTRIA,82112316948.0
RN,2002,INDUSTRIA,6807373952.0
RO,2002,INDUSTRIA,2262769029.0
RR,2002,INDUSTRIA,634943036.0
RS,2002,INDUSTRIA,42638302578.0
SC,2002,INDUSTRIA,28038724986.0
SE,2002,INDUSTRIA,5657862259.0
SP,2002,INDUSTRIA,224570265520.0
TO,2002,INDUSTRIA,1645814549.0
AC,2003,INDUSTRIA,491376419.0
AL,2003,INDUSTRIA,4224685094.0
AM,2003,INDUSTRIA,15839094373.0
AP,2003,INDUSTRIA,644374664.0
BA,2003,INDUSTRIA,23341294693.0
CE,2003,INDUSTRIA,10144264905.0
DF,2003,INDUSTRIA,6038624794.0
ES,2003,INDUSTRIA,15500106258.0
GO,2003,INDUSTRIA,16801344045.0
MA,2003,INDUSTRIA,5981413649.0
MG,2003,INDUSTRIA,61973851918.0
MS,2003,INDUSTRIA,5294267452.0
MT,2003,INDUSTRIA,6017620787.0
PA,2003,INDUSTRIA,11522502421.0
PB,2003,INDUSTRIA,4532858040.0
PE,2003,INDUSTRIA,11451098176.0
PI,2003,INDUSTRIA,1497960982.0
PR,2003,INDUSTRIA,47124825150.0
RJ,2003,INDUSTRIA,83084477962.0
RN,2003,INDUSTRIA,5544196373.0
RO,2003,INDUSTRIA,2025786344.0
RR,2003,INDUSTRIA,375208962.0
RS,2003,INDUSTRIA,45567497020.0
SC,2003,INDUSTRIA,28794359890.0
SE,2003,INDUSTRIA,5864505467.0
SP,2003,INDUSTRIA,239147053509.0
TO,2003,INDUSTRIA,1507258220.0
AC,2004,INDUSTRIA,648747003.0
AL,2004,INDUSTRIA,4481916415.0
AM,2004,INDUSTRIA,17434576991.0
AP,2004,INDUSTRIA,554199673.0
BA,2004,INDUSTRIA,26528210116.0
CE,2004,INDUSTRIA,11526821614.0
DF,2004,INDUSTRIA,7082152692.0
ES,2004,INDUSTRIA,17923103776.0
GO,2004,INDUSTRIA,18689254741.0
MA,2004,INDUSTRIA,5325284233.0
MG,2004,INDUSTRIA,74698031929.0
MS,2004,INDUSTRIA,5978078489.0
MT,2004,INDUSTRIA,8466274152.0
PA,2004,INDUSTRIA,14984661764.0
PB,2004,INDUSTRIA,4407795392.0
PE,2004,INDUSTRIA,13532418400.0
PI,2004,INDUSTRIA,1720184214.0
PR,2004,INDUSTRIA,51691036307.0
RJ,2004,INDUSTRIA,93779870821.0
RN,2004,INDUSTRIA,6376600006.0
RO,2004,INDUSTRIA,2588308797.0
RR,2004,INDUSTRIA,436101068.0
RS,2004,INDUSTRIA,50355628286.0
SC,2004,INDUSTRIA,32823154440.0
SE,2004,INDUSTRIA,6268812174.0
SP,2004,INDUSTRIA,255154297237.0
TO,2004,INDUSTRIA,1905446266.0
AC,2005,INDUSTRIA,598244130.0
AL,2005,INDUSTRIA,4489421549.0
AM,2005,INDUSTRIA,17595737515.0
AP,2005,INDUSTRIA,543350439.0
BA,2005,INDUSTRIA,28788922854.0
CE,2005,INDUSTRIA,11141282405.0
DF,2005,INDUSTRIA,7773817003.0
ES,2005,INDUSTRIA,20318169116.0
GO,2005,INDUSTRIA,18868590198.0
MA,2005,INDUSTRIA,5260986862.0
MG,2005,INDUSTRIA,74847851616.0
MS,2005,INDUSTRIA,5368120052.0
MT,2005,INDUSTRIA,7477625417.0
PA,2005,INDUSTRIA,14531505519.0
PB,2005,INDUSTRIA,4132270484.0
PE,2005,INDUSTRIA,12671027981.0
PI,2005,INDUSTRIA,1957747039.0
PR,2005,INDUSTRIA,48671949220.0
RJ,2005,INDUSTRIA,107168055644.0
RN,2005,INDUSTRIA,7329615514.0
RO,2005,INDUSTRIA,2715653057.0
RR,2005,INDUSTRIA,443992111.0
RS,2005,INDUSTRIA,47018661112.0
SC,2005,INDUSTRIA,32107157858.0
SE,2005,INDUSTRIA,5925357781.0
SP,2005,INDUSTRIA,265153102935.0
TO,2005,INDUSTRIA,1824789309.0
AC,2006,INDUSTRIA,588810602.0
AL,2006,INDUSTRIA,4576436797.0
AM,2006,INDUSTRIA,19981697365.0
AP,2006,INDUSTRIA,530637384.0
BA,2006,INDUSTRIA,27863970820.0
CE,2006,INDUSTRIA,11854859695.0
DF,2006,INDUSTRIA,6351392199.0
ES,2006,INDUSTRIA,22627303844.0
GO,2006,INDUSTRIA,19853703296.0
MA,2006,INDUSTRIA,8539252403.0
MG,2006,INDUSTRIA,75592049739.0
MS,2006,INDUSTRIA,5936794737.0
MT,2006,INDUSTRIA,5971476101.0
PA,2006,INDUSTRIA,15322574826.0
PB,2006,INDUSTRIA,4548441565.0
PE,2006,INDUSTRIA,12201026468.0
PI,2006,INDUSTRIA,3303562062.0
PR,2006,INDUSTRIA,47812348657.0
RJ,2006,INDUSTRIA,119486767663.0
RN,2006,INDUSTRIA,7534996515.0
RO,2006,INDUSTRIA,2978170447.0
RR,2006,INDUSTRIA,648344167.0
RS,2006,INDUSTRIA,44441307822.0
SC,2006,INDUSTRIA,34157842680.0
SE,2006,INDUSTRIA,5971435951.0
SP,2006,INDUSTRIA,253805864237.0
TO,2006,INDUSTRIA,1741451193.0
AC,2007,INDUSTRIA,757470327.0
AL,2007,INDUSTRIA,5104842057.0
AM,2007,INDUSTRIA,19360782570.0
AP,2007,INDUSTRIA,624305588.0
BA,2007,INDUSTRIA,28374185035.0
CE,2007,INDUSTRIA,12052018616.0
DF,2007,INDUSTRIA,6628609035.0
ES,2007,INDUSTRIA,23778369842.0
GO,2007,INDUSTRIA,22786206886.0
MA,2007,INDUSTRIA,6275205382.0
MG,2007,INDUSTRIA,81393538734.0
MS,2007,INDUSTRIA,5405654807.0
MT,2007,INDUSTRIA,6551433013.0
PA,2007,INDUSTRIA,15120116744.0
PB,2007,INDUSTRIA,4515161012.0
PE,2007,INDUSTRIA,12901224410.0
PI,2007,INDUSTRIA,2079548672.0
PR,2007,INDUSTRIA,52386128656.0
RJ,2007,INDUSTRIA,111489640706.0
RN,2007,INDUSTRIA,8460481531.0
RO,2007,INDUSTRIA,2784534315.0
RR,2007,INDUSTRIA,453692138.0
RS,2007,INDUSTRIA,45659708398.0
SC,2007,INDUSTRIA,39209592580.0
SE,2007,INDUSTRIA,6317494281.0
SP,2007,INDUSTRIA,273618466255.0
TO,2007,INDUSTRIA,2107831177.0
AC,2008,INDUSTRIA,681922808.0
AL,2008,INDUSTRIA,4927760356.0
AM,2008,INDUSTRIA,18769937258.0
AP,2008,INDUSTRIA,779285294.0
BA,2008,INDUSTRIA,30071695855.0
CE,2008,INDUSTRIA,13221436508.0
DF,2008,INDUSTRIA,6662689301.0
ES,2008,INDUSTRIA,25887972073.0
GO,2008,INDUSTRIA,23446549099.0
MA,2008,INDUSTRIA,7089511846.0
MG,2008,INDUSTRIA,88868976177.0
MS,2008,INDUSTRIA,6173033082.0
MT,2008,INDUSTRIA,7552200504.0
PA,2008,INDUSTRIA,19807313188.0
PB,2008,INDUSTRIA,4848276116.0
PE,2008,INDUSTRIA,13411199892.0
PI,2008,INDUSTRIA,1867142788.0
PR,2008,INDUSTRIA,51872208179.0
RJ,2008,INDUSTRIA,126000382159.0
RN,2008,INDUSTRIA,8479055166.0
RO,2008,INDUSTRIA,2866780685.0
RR,2008,INDUSTRIA,513490087.0
RS,2008,INDUSTRIA,47872739179.0
SC,2008,INDUSTRIA,39549835122.0
SE,2008,INDUSTRIA,7342623286.0
SP,2008,INDUSTRIA,274409094227.0
TO,2008,INDUSTRIA,2332436252.0
AC,2009,INDUSTRIA,1056411651.0
AL,2009,INDUSTRIA,4308792416.0
AM,2009,INDUSTRIA,18054198440.0
AP,2009,INDUSTRIA,541857643.0
BA,2009,INDUSTRIA,32827594700.0
CE,2009,INDUSTRIA,14208540414.0
DF,2009,INDUSTRIA,8305282594.0
ES,2009,INDUSTRIA,19436757117.0
GO,2009,INDUSTRIA,24710793179.0
MA,2009,INDUSTRIA,6596116481.0
MG,2009,INDUSTRIA,81142352148.0
MS,2009,INDUSTRIA,6736255133.0
MT,2009,INDUSTRIA,7730181664.0
PA,2009,INDUSTRIA,13792461461.0
PB,2009,INDUSTRIA,5205030714.0
PE,2009,INDUSTRIA,14603842288.0
PI,2009,INDUSTRIA,2397406320.0
PR,2009,INDUSTRIA,52548657562.0
RJ,2009,INDUSTRIA,101009503370.0
RN,2009,INDUSTRIA,6318817047.0
RO,2009,INDUSTRIA,3485798048.0
RR,2009,INDUSTRIA,618434582.0
RS,2009,INDUSTRIA,52223277657.0
SC,2009,INDUSTRIA,37313640413.0
SE,2009,INDUSTRIA,5683108008.0
SP,2009,INDUSTRIA,267458050510.0
TO,2009,INDUSTRIA,2333756035.0
AC,2010,INDUSTRIA,1091621583.0
AL,2010,INDUSTRIA,4708284786.0
AM,2010,INDUSTRIA,21495795175.0
AP,2010,INDUSTRIA,583103998.0
BA,2010,INDUSTRIA,36739895073.0
CE,2010,INDUSTRIA,15177895746.0
DF,2010,INDUSTRIA,9184148921.0
ES,2010,INDUSTRIA,26949550397.0
GO,2010,INDUSTRIA,26426091170.0
MA,2010,INDUSTRIA,6883369384.0
MG,2010,INDUSTRIA,101270554353.0
MS,2010,INDUSTRIA,9380762955.0
MT,2010,INDUSTRIA,9770833412.0
PA,2010,INDUSTRIA,26792382334.0
PB,2010,INDUSTRIA,5436505265.0
PE,2010,INDUSTRIA,18191729740.0
PI,2010,INDUSTRIA,3202753451.0
PR,2010,INDUSTRIA,54221391000.0
RJ,2010,INDUSTRIA,113193367844.0
RN,2010,INDUSTRIA,7683076084.0
RO,2010,INDUSTRIA,4779253946.0
RR,2010,INDUSTRIA,818733164.0
RS,2010,INDUSTRIA,57499409461.0
SC,2010,INDUSTRIA,42611872258.0
SE,2010,INDUSTRIA,6858592448.0
SP,2010,INDUSTRIA,290102478078.0
TO,2010,INDUSTRIA,3104547972.0
AC,2011,INDUSTRIA,870271089.0
AL,2011,INDUSTRIA,6010281704.0
AM,2011,INDUSTRIA,23153171597.0
AP,2011,INDUSTRIA,737744629.0
BA,2011,INDUSTRIA,31973856547.0
CE,2011,INDUSTRIA,15388280756.0
DF,2011,INDUSTRIA,8656450169.0
ES,2011,INDUSTRIA,34311938327.0
GO,2011,INDUSTRIA,26143697450.0
MA,2011,INDUSTRIA,7666282272.0
MG,2011,INDUSTRIA,107045162484.0
MS,2011,INDUSTRIA,10105946756.0
MT,2011,INDUSTRIA,10155088160.0
PA,2011,INDUSTRIA,31976110340.0
PB,2011,INDUSTRIA,5692013644.0
PE,2011,INDUSTRIA,18650089812.0
PI,2011,INDUSTRIA,3491031232.0
PR,2011,INDUSTRIA,57243065269.0
RJ,2011,INDUSTRIA,125129839380.0
RN,2011,INDUSTRIA,8268156069.0
RO,2011,INDUSTRIA,5465930548.0
RR,2011,INDUSTRIA,753113069.0
RS,2011,INDUSTRIA,56727694525.0
SC,2011,INDUSTRIA,45766448469.0
SE,2011,INDUSTRIA,7139047198.0
SP,2011,INDUSTRIA,281908732517.0
TO,2011,INDUSTRIA,2959717801.0
AC,2012,INDUSTRIA,888919092.0
AL,2012,INDUSTRIA,5341849428.0
AM,2012,INDUSTRIA,19592774500.0
AP,2012,INDUSTRIA,1045936132.0
BA,2012,INDUSTRIA,30055663851.0
CE,2012,INDUSTRIA,15233686655.0
DF,2012,INDUSTRIA,8301033530.0
ES,2012,INDUSTRIA,35017542479.0
GO,2012,INDUSTRIA,27158039827.0
MA,2012,INDUSTRIA,8914056239.0
MG,2012,INDUSTRIA,102743416583.0
MS,2012,INDUSTRIA,10535261961.0
MT,2012,INDUSTRIA,9463081821.0
PA,2012,INDUSTRIA,27786102162.0
PB,2012,INDUSTRIA,6235259493.0
PE,2012,INDUSTRIA,20423231504.0
PI,2012,INDUSTRIA,3315112820.0
PR,2012,INDUSTRIA,55567180080.0
RJ,2012,INDUSTRIA,136113379193.0
RN,2012,INDUSTRIA,8776455894.0
RO,2012,INDUSTRIA,4751124918.0
RR,2012,INDUSTRIA,652158090.0
RS,2012,INDUSTRIA,55929036572.0
SC,2012,INDUSTRIA,44784027907.0
SE,2012,INDUSTRIA,7660575507.0
SP,2012,INDUSTRIA,262191752117.0
TO,2012,INDUSTRIA,2966582510.0
AC,2013,INDUSTRIA,880740124.0
AL,2013,INDUSTRIA,4713670123.0
AM,2013,INDUSTRIA,20222782091.0
AP,2013,INDUSTRIA,1232413073.0
BA,2013,INDUSTRIA,29015289594.0
CE,2013,INDUSTRIA,15392239123.0
DF,2013,INDUSTRIA,7709261834.0
ES,2013,INDUSTRIA,31448377706.0
GO,2013,INDUSTRIA,27426391486.0
MA,2013,INDUSTRIA,9050838451.0
MG,2013,INDUSTRIA,104353888210.0
MS,2013,INDUSTRIA,10767659189.0
MT,2013,INDUSTRIA,10999562470.0
PA,2013,INDUSTRIA,29141573354.0
PB,2013,INDUSTRIA,5834029994.0
PE,2013,INDUSTRIA,20685649536.0
PI,2013,INDUSTRIA,2730605489.0
PR,2013,INDUSTRIA,59664365221.0
RJ,2013,INDUSTRIA,129475941104.0
RN,2013,INDUSTRIA,8541647069.0
RO,2013,INDUSTRIA,4248987966.0
RR,2013,INDUSTRIA,858160980.0
RS,2013,INDUSTRIA,55248069296.0
SC,2013,INDUSTRIA,44328111790.0
SE,2013,INDUSTRIA,6425366289.0
SP,2013,INDUSTRIA,257024759955.0
TO,2013,INDUSTRIA,2860465968.0
AC,2014,INDUSTRIA,1033871360.0
AL,2014,INDUSTRIA,4385624670.0
AM,2014,INDUSTRIA,18283808665.0
AP,2014,INDUSTRIA,953981084.0
BA,2014,INDUSTRIA,30350637698.0
CE,2014,INDUSTRIA,15653413104.0
DF,2014,INDUSTRIA,8370400828.0
ES,2014,INDUSTRIA,31508920313.0
GO,2014,INDUSTRIA,25688475298.0
MA,2014,INDUSTRIA,9062592303.0
MG,2014,INDUSTRIA,96560413493.0
MS,2014,INDUSTRIA,11227592586.0
MT,2014,INDUSTRIA,11673493206.0
PA,2014,INDUSTRIA,24573501913.0
PB,2014,INDUSTRIA,5789939667.0
PE,2014,INDUSTRIA,18290896542.0
PI,2014,INDUSTRIA,3985181131.0
PR,2014,INDUSTRIA,55885531778.0
RJ,2014,INDUSTRIA,126647707227.0
RN,2014,INDUSTRIA,7789616077.0
RO,2014,INDUSTRIA,4020184964.0
RR,2014,INDUSTRIA,745080764.0
RS,2014,INDUSTRIA,53448750285.0
SC,2014,INDUSTRIA,45826652552.0
SE,2014,INDUSTRIA,6121156180.0
SP,2014,INDUSTRIA,252093902118.0
TO,2014,INDUSTRIA,2773827907.0
AC,2015,INDUSTRIA,856411502.0
AL,2015,INDUSTRIA,4409744082.0
AM,2015,INDUSTRIA,16617109734.0
AP,2015,INDUSTRIA,1136873150.0
BA,2015,INDUSTRIA,32759140355.0
CE,2015,INDUSTRIA,15375087768.0
DF,2015,INDUSTRIA,6855852464.0
ES,2015,INDUSTRIA,21403367326.0
GO,2015,INDUSTRIA,25927672865.0
MA,2015,INDUSTRIA,9402036470.0
MG,2015,INDUSTRIA,81815441863.0
MS,2015,INDUSTRIA,11230216409.0
MT,2015,INDUSTRIA,11743732301.0
PA,2015,INDUSTRIA,22758900400.0
PB,2015,INDUSTRIA,5902639526.0
PE,2015,INDUSTRIA,18444717523.0
PI,2015,INDUSTRIA,3258892604.0
PR,2015,INDUSTRIA,56975846925.0
RJ,2015,INDUSTRIA,90029847718.0
RN,2015,INDUSTRIA,7366695731.0
RO,2015,INDUSTRIA,4141603625.0
RR,2015,INDUSTRIA,617303263.0
RS,2015,INDUSTRIA,53106320497.0
SC,2015,INDUSTRIA,41331210799.0
SE,2015,INDUSTRIA,5382915835.0
SP,2015,INDUSTRIA,244589491788.0
TO,2015,INDUSTRIA,2619464316.0
AC,2016,INDUSTRIA,682338024.0
AL,2016,INDUSTRIA,3515130395.0
AM,2016,INDUSTRIA,16715187560.0
AP,2016,INDUSTRIA,1007329491.0
BA,2016,INDUSTRIA,34325906693.0
CE,2016,INDUSTRIA,14833948440.0
DF,2016,INDUSTRIA,6129645857.0
ES,2016,INDUSTRIA,14331459924.0
GO,2016,INDUSTRIA,23594273859.0
MA,2016,INDUSTRIA,8358277756.0
MG,2016,INDUSTRIA,75131251527.0
MS,2016,INDUSTRIA,11849122140.0
MT,2016,INDUSTRIA,11626777918.0
PA,2016,INDUSTRIA,20001808891.0
PB,2016,INDUSTRIA,5215443898.0
PE,2016,INDUSTRIA,18000503163.0
PI,2016,INDUSTRIA,2977902544.0
PR,2016,INDUSTRIA,57291251731.0
RJ,2016,INDUSTRIA,62675982881.0
RN,2016,INDUSTRIA,6404892856.0
RO,2016,INDUSTRIA,4169585316.0
RR,2016,INDUSTRIA,553484344.0
RS,2016,INDUSTRIA,51869525984.0
SC,2016,INDUSTRIA,37508911341.0
SE,2016,INDUSTRIA,4424243409.0
SP,2016,INDUSTRIA,234389938804.0
TO,2016,INDUSTRIA,2414354601.0
AC,2017,INDUSTRIA,625765650.0
AL,2017,INDUSTRIA,3683831148.0
AM,2017,INDUSTRIA,15932029946.0
AP,2017,INDUSTRIA,945157123.0
BA,2017,INDUSTRIA,32432703576.0
CE,2017,INDUSTRIA,13585657365.0
DF,2017,INDUSTRIA,5168647571.0
ES,2017,INDUSTRIA,13024498759.0
GO,2017,INDUSTRIA,22690724717.0
MA,2017,INDUSTRIA,8247515537.0
MG,2017,INDUSTRIA,78581752667.0
MS,2017,INDUSTRIA,11680463992.0
MT,2017,INDUSTRIA,10424911209.0
PA,2017,INDUSTRIA,26797643509.0
PB,2017,INDUSTRIA,5161631913.0
PE,2017,INDUSTRIA,19944762171.0
PI,2017,INDUSTRIA,3009604285.0
PR,2017,INDUSTRIA,56791169346.0
RJ,2017,INDUSTRIA,64028967709.0
RN,2017,INDUSTRIA,6543002732.0
RO,2017,INDUSTRIA,5012221684.0
RR,2017,INDUSTRIA,587550078.0
RS,2017,INDUSTRIA,50224852849.0
SC,2017,INDUSTRIA,38680587979.0
SE,2017,INDUSTRIA,4262865904.0
SP,2017,INDUSTRIA,231815547349.0
TO,2017,INDUSTRIA,2780148432.0
